hour,id,pv_capacity,pv_generation,load,battery_capacity,battery_level,imbalance,money_balance,trading_price,neighbourhood,bonus,penalty,p2p_exchanges,agg_exchanges,market_price,transactions
0,0,4.0,-0.0047936095,0.42777571647227725,0,0.0,0.0,-0.052730794184066065,0.11580687577991798,Barriera_di_Milano,1.0,1.0,0,1,0.11609654472905409,"[{'sender': 'Aggregator', 'receiver': 0, 'amount': 0.43256932497024536, 'price_per_kWh': 0.1219013719655068, 'type': 'GRID_buy', 'hour': 0}]"
0,1,3.75,-0.0072119045,0.2183834904532326,10,0.0,0.0,-0.027500388737090882,0.1272323147571962,Barriera_di_Milano,1.0,1.0,0,1,0.11609654472905409,"[{'sender': 'Aggregator', 'receiver': 1, 'amount': 0.2255953997373581, 'price_per_kWh': 0.1219013719655068, 'type': 'GRID_buy', 'hour': 0}]"
0,26,4.0,-0.0043749437,0.3844490646831784,10,0.0,0.0,-0.04739818098595867,0.12005481007143196,Barriera_di_Milano,1.0,1.0,0,1,0.11609654472905409,"[{'sender': 'Aggregator', 'receiver': 26, 'amount': 0.3888240158557892, 'price_per_kWh': 0.1219013719655068, 'type': 'GRID_buy', 'hour': 0}]"
0,31,3.75,-0.0069201854,0.3997502979077589,10,0.0,0.0,-0.04957368956769716,0.11211459568665924,Barriera_di_Milano,1.0,1.0,0,1,0.11609654472905409,"[{'sender': 'Aggregator', 'receiver': 31, 'amount': 0.406670480966568, 'price_per_kWh': 0.1219013719655068, 'type': 'GRID_buy', 'hour': 0}]"
0,34,3.75,-0.007823349,0.20589292780194193,15,0.0,0.0,-0.026052306346305037,0.12759184656274705,Barriera_di_Milano,1.0,1.0,0,1,0.11609654472905409,"[{'sender': 'Aggregator', 'receiver': 34, 'amount': 0.2137162685394287, 'price_per_kWh': 0.1219013719655068, 'type': 'GRID_buy', 'hour': 0}]"
0,35,4.5,-0.0065195705,0.3677539021531039,15,0.0,0.0,-0.0456244469456104,0.12590881209211352,Barriera_di_Milano,1.0,1.0,0,1,0.11609654472905409,"[{'sender': 'Aggregator', 'receiver': 35, 'amount': 0.3742734491825104, 'price_per_kWh': 0.1219013719655068, 'type': 'GRID_buy', 'hour': 0}]"
0,38,3.75,-0.007503919,0.1701311926138343,15,0.0,0.0,-0.02165396282151178,0.126045764398946,Barriera_di_Milano,1.0,1.0,0,1,0.11609654472905409,"[{'sender': 'Aggregator', 'receiver': 38, 'amount': 0.1776351034641266, 'price_per_kWh': 0.1219013719655068, 'type': 'GRID_buy', 'hour': 0}]"
0,46,3.75,-0.0074938918,0.363265985264794,0,0.0,0.0,-0.045196137381340463,0.11471531437256409,Barriera_di_Milano,1.0,1.0,0,1,0.11609654472905409,"[{'sender': 'Aggregator', 'receiver': 46, 'amount': 0.37075987458229065, 'price_per_kWh': 0.1219013719655068, 'type': 'GRID_buy', 'hour': 0}]"
0,47,1.25,-0.008196985,0.396522547479597,10,0.0,0.0,-0.049335866155488066,0.10706893246346844,Barriera_di_Milano,1.0,1.0,0,1,0.11609654472905409,"[{'sender': 'Aggregator', 'receiver': 47, 'amount': 0.4047195315361023, 'price_per_kWh': 0.1219013719655068, 'type': 'GRID_buy', 'hour': 0}]"
0,55,2.25,-0.0006999292,0.18590414837397226,10,0.0,0.0,-0.022747291864928795,0.12417059347126555,Barriera_di_Milano,1.0,1.0,0,1,0.11609654472905409,"[{'sender': 'Aggregator', 'receiver': 55, 'amount': 0.1866040676832199, 'price_per_kWh': 0.1219013719655068, 'type': 'GRID_buy', 'hour': 0}]"
0,59,0.75,-0.015701514,0.33847569082346207,0,0.0,0.0,-0.04317468742230699,0.10800574693237336,Barriera_di_Milano,1.0,1.0,0,1,0.11609654472905409,"[{'sender': 'Aggregator', 'receiver': 59, 'amount': 0.35417720675468445, 'price_per_kWh': 0.1219013719655068, 'type': 'GRID_buy', 'hour': 0}]"
0,61,2.5,-0.0036375863,0.24578703764809082,0,0.0,0.0,-0.03040520355829519,0.11754124680164058,Barriera_di_Milano,1.0,1.0,0,1,0.11609654472905409,"[{'sender': 'Aggregator', 'receiver': 61, 'amount': 0.24942462146282196, 'price_per_kWh': 0.1219013719655068, 'type': 'GRID_buy', 'hour': 0}]"
0,65,3.25,-0.011319747,0.2043394625693026,0,0.0,0.0,-0.026289152496581675,0.12066638665497677,Barriera_di_Milano,1.0,1.0,0,1,0.11609654472905409,"[{'sender': 'Aggregator', 'receiver': 65, 'amount': 0.21565920114517212, 'price_per_kWh': 0.1219013719655068, 'type': 'GRID_buy', 'hour': 0}]"
0,67,0.25,-0.017492624,0.4130728783096682,0,0.0,0.0,-0.052486525929224356,0.1165204311617171,Barriera_di_Milano,1.0,1.0,0,1,0.11609654472905409,"[{'sender': 'Aggregator', 'receiver': 67, 'amount': 0.4305655062198639, 'price_per_kWh': 0.1219013719655068, 'type': 'GRID_buy', 'hour': 0}]"
0,68,2.75,-0.013223603,0.17298059434205046,10,0.0,0.0,-0.02269854683898566,0.12048796867629265,Barriera_di_Milano,1.0,1.0,0,1,0.11609654472905409,"[{'sender': 'Aggregator', 'receiver': 68, 'amount': 0.186204195022583, 'price_per_kWh': 0.1219013719655068, 'type': 'GRID_buy', 'hour': 0}]"
0,69,0.5,-0.02033275,0.14958646650926838,0,0.0,0.0,-0.02071338635743652,0.12470511660853281,Barriera_di_Milano,1.0,1.0,0,1,0.11609654472905409,"[{'sender': 'Aggregator', 'receiver': 69, 'amount': 0.1699192225933075, 'price_per_kWh': 0.1219013719655068, 'type': 'GRID_buy', 'hour': 0}]"
0,74,2.0,-0.0062315557,0.37082712244121585,0,0.0,0.0,-0.0459639673588425,0.12260840063447201,Barriera_di_Milano,1.0,1.0,0,1,0.11609654472905409,"[{'sender': 'Aggregator', 'receiver': 74, 'amount': 0.37705865502357483, 'price_per_kWh': 0.1219013719655068, 'type': 'GRID_buy', 'hour': 0}]"
0,78,4.75,-0.0032153511,0.25536201321771484,0,0.0,0.0,-0.03152093333433493,0.1164600730043587,Barriera_di_Milano,1.0,1.0,0,1,0.11609654472905409,"[{'sender': 'Aggregator', 'receiver': 78, 'amount': 0.2585773468017578, 'price_per_kWh': 0.1219013719655068, 'type': 'GRID_buy', 'hour': 0}]"
0,79,0.0,-0.017923854,0.20258002020830537,0,0.0,0.0,-0.026879723871078873,0.1191482297280959,Barriera_di_Milano,1.0,1.0,0,1,0.11609654472905409,"[{'sender': 'Aggregator', 'receiver': 79, 'amount': 0.22050386667251587, 'price_per_kWh': 0.1219013719655068, 'type': 'GRID_buy', 'hour': 0}]"
0,92,2.25,0.00038296983,0.3676789485115237,10,0.0,0.0,-0.04477388393469654,0.1051438353557424,Barriera_di_Milano,1.0,1.0,0,1,0.11609654472905409,"[{'sender': 'Aggregator', 'receiver': 92, 'amount': 0.3672959804534912, 'price_per_kWh': 0.1219013719655068, 'type': 'GRID_buy', 'hour': 0}]"
0,93,0.75,-0.01582692,0.17185265438784253,10,0.0,0.0,-0.022878397547525096,0.11569815609668498,Barriera_di_Milano,1.0,1.0,0,1,0.11609654472905409,"[{'sender': 'Aggregator', 'receiver': 93, 'amount': 0.18767957389354706, 'price_per_kWh': 0.1219013719655068, 'type': 'GRID_buy', 'hour': 0}]"
0,98,3.25,-0.010790557,0.30801996383813207,15,0.0,0.0,-0.03886344009665372,0.11488687897163406,Barriera_di_Milano,1.0,1.0,0,1,0.11609654472905409,"[{'sender': 'Aggregator', 'receiver': 98, 'amount': 0.31881052255630493, 'price_per_kWh': 0.1219013719655068, 'type': 'GRID_buy', 'hour': 0}]"
0,3,0.25,-0.016768388,0.26981070822765324,0,0.0,0.0,-0.034934385744301716,0.1225973072415041,San_Salvario,1.0,1.0,0,1,0.11609654472905409,"[{'sender': 'Aggregator', 'receiver': 3, 'amount': 0.28657910227775574, 'price_per_kWh': 0.1219013719655068, 'type': 'GRID_buy', 'hour': 0}]"
0,5,2.75,-0.0133605115,0.23395970573080255,15,0.0,0.0,-0.03014867411749797,0.10561145261890831,San_Salvario,1.0,1.0,0,1,0.11609654472905409,"[{'sender': 'Aggregator', 'receiver': 5, 'amount': 0.24732021987438202, 'price_per_kWh': 0.1219013719655068, 'type': 'GRID_buy', 'hour': 0}]"
0,9,1.75,0.00016853858,0.2517972076669179,0,0.0,0.0,-0.030673879747312338,0.11360390139892788,San_Salvario,1.0,1.0,0,1,0.11609654472905409,"[{'sender': 'Aggregator', 'receiver': 9, 'amount': 0.25162866711616516, 'price_per_kWh': 0.1219013719655068, 'type': 'GRID_buy', 'hour': 0}]"
0,11,2.25,0.006499159,0.24825661229589507,10,0.0,0.0,-0.029470565141166388,0.12752432071114495,San_Salvario,1.0,1.0,0,1,0.11609654472905409,"[{'sender': 'Aggregator', 'receiver': 11, 'amount': 0.24175745248794556, 'price_per_kWh': 0.1219013719655068, 'type': 'GRID_buy', 'hour': 0}]"
0,12,0.75,-0.0110486075,0.37424944589013803,10,0.0,0.0,-0.0469683637499342,0.11418373011540707,San_Salvario,1.0,1.0,0,1,0.11609654472905409,"[{'sender': 'Aggregator', 'receiver': 12, 'amount': 0.38529807329177856, 'price_per_kWh': 0.1219013719655068, 'type': 'GRID_buy', 'hour': 0}]"
0,13,4.5,-0.0060471008,0.1795204170588562,0,0.0,0.0,-0.022620934440123266,0.10639226789231002,San_Salvario,1.0,1.0,0,1,0.11609654472905409,"[{'sender': 'Aggregator', 'receiver': 13, 'amount': 0.18556751310825348, 'price_per_kWh': 0.1219013719655068, 'type': 'GRID_buy', 'hour': 0}]"
0,21,0.0,-0.017493684,0.4816973960019199,15,0.0,0.0,-0.060852080617063174,0.11459018506987943,San_Salvario,1.0,1.0,0,1,0.11609654472905409,"[{'sender': 'Aggregator', 'receiver': 21, 'amount': 0.4991911053657532, 'price_per_kWh': 0.1219013719655068, 'type': 'GRID_buy', 'hour': 0}]"
0,24,2.25,0.0011299198,0.40516550375613897,15,0.0,0.0,-0.04925249009099058,0.11786998671771506,San_Salvario,1.0,1.0,0,1,0.11609654472905409,"[{'sender': 'Aggregator', 'receiver': 24, 'amount': 0.4040355682373047, 'price_per_kWh': 0.1219013719655068, 'type': 'GRID_buy', 'hour': 0}]"
0,28,3.25,-0.010783955,0.26671629992972984,10,0.0,0.0,-0.0338276638528773,0.1119691936600605,San_Salvario,1.0,1.0,0,1,0.11609654472905409,"[{'sender': 'Aggregator', 'receiver': 28, 'amount': 0.2775002717971802, 'price_per_kWh': 0.1219013719655068, 'type': 'GRID_buy', 'hour': 0}]"
0,33,0.5,-0.019575046,0.1934407648444646,15,0.0,0.0,-0.02596691944731085,0.12765173657685525,San_Salvario,1.0,1.0,0,1,0.11609654472905409,"[{'sender': 'Aggregator', 'receiver': 33, 'amount': 0.21301580965518951, 'price_per_kWh': 0.1219013719655068, 'type': 'GRID_buy', 'hour': 0}]"
0,36,1.75,3.9264483e-05,0.3814489786997127,10,0.0,0.0,-0.04649436991503002,0.1256803445812087,San_Salvario,1.0,1.0,0,1,0.11609654472905409,"[{'sender': 'Aggregator', 'receiver': 36, 'amount': 0.38140973448753357, 'price_per_kWh': 0.1219013719655068, 'type': 'GRID_buy', 'hour': 0}]"
0,40,2.75,-0.011782173,0.26605396546876425,15,0.0,0.0,-0.03386860713160874,0.11545218334886533,San_Salvario,1.0,1.0,0,1,0.11609654472905409,"[{'sender': 'Aggregator', 'receiver': 40, 'amount': 0.2778361439704895, 'price_per_kWh': 0.1219013719655068, 'type': 'GRID_buy', 'hour': 0}]"
0,43,2.25,-0.0018610324,0.17492891517497874,15,0.0,0.0,-0.02155093797946159,0.11135978162977825,San_Salvario,1.0,1.0,0,1,0.11609654472905409,"[{'sender': 'Aggregator', 'receiver': 43, 'amount': 0.17678995430469513, 'price_per_kWh': 0.1219013719655068, 'type': 'GRID_buy', 'hour': 0}]"
0,44,3.25,-0.0032689152,0.4142571780669179,10,0.0,0.0,-0.0508970039466717,0.11385194949898793,San_Salvario,1.0,1.0,0,1,0.11609654472905409,"[{'sender': 'Aggregator', 'receiver': 44, 'amount': 0.41752609610557556, 'price_per_kWh': 0.1219013719655068, 'type': 'GRID_buy', 'hour': 0}]"
0,50,1.25,-0.0072937515,0.17567697596864548,10,0.0,0.0,-0.02230438149877583,0.1233840177725992,San_Salvario,1.0,1.0,0,1,0.11609654472905409,"[{'sender': 'Aggregator', 'receiver': 50, 'amount': 0.18297071754932404, 'price_per_kWh': 0.1219013719655068, 'type': 'GRID_buy', 'hour': 0}]"
0,52,2.75,-0.008988349,0.20267609525553446,10,0.0,0.0,-0.025802187235172556,0.10812451077015378,San_Salvario,1.0,1.0,0,1,0.11609654472905409,"[{'sender': 'Aggregator', 'receiver': 52, 'amount': 0.21166445314884186, 'price_per_kWh': 0.1219013719655068, 'type': 'GRID_buy', 'hour': 0}]"
0,56,0.5,-0.020750646,0.3617156991145391,15,0.0,0.0,-0.046623172311138675,0.12564617802012717,San_Salvario,1.0,1.0,0,1,0.11609654472905409,"[{'sender': 'Aggregator', 'receiver': 56, 'amount': 0.3824663460254669, 'price_per_kWh': 0.1219013719655068, 'type': 'GRID_buy', 'hour': 0}]"
0,71,4.25,0.0038992008,0.2033056962041001,10,0.0,0.0,-0.024307924676898268,0.11566770224724245,San_Salvario,1.0,1.0,0,1,0.11609654472905409,"[{'sender': 'Aggregator', 'receiver': 71, 'amount': 0.1994064897298813, 'price_per_kWh': 0.1219013719655068, 'type': 'GRID_buy', 'hour': 0}]"
0,75,0.75,-0.012210263,0.14554019968078089,0,0.0,0.0,-0.019229997200514784,0.11024106234766796,San_Salvario,1.0,1.0,0,1,0.11609654472905409,"[{'sender': 'Aggregator', 'receiver': 75, 'amount': 0.1577504575252533, 'price_per_kWh': 0.1219013719655068, 'type': 'GRID_buy', 'hour': 0}]"
0,95,1.75,-0.0013847052,0.3562227067110597,0,0.0,0.0,-0.0435928356422458,0.11821054778493348,San_Salvario,1.0,1.0,0,1,0.11609654472905409,"[{'sender': 'Aggregator', 'receiver': 95, 'amount': 0.3576074242591858, 'price_per_kWh': 0.1219013719655068, 'type': 'GRID_buy', 'hour': 0}]"
0,96,1.25,-0.0058105504,0.19049549305273755,15,0.0,0.0,-0.023929974982173603,0.10980074368554375,San_Salvario,1.0,1.0,0,1,0.11609654472905409,"[{'sender': 'Aggregator', 'receiver': 96, 'amount': 0.1963060349225998, 'price_per_kWh': 0.1219013719655068, 'type': 'GRID_buy', 'hour': 0}]"
0,4,0.0,-0.0184799,0.3289378419606491,15,0.0,0.0,-0.04235069939665671,0.10450427258377573,San_Donato,1.0,1.0,0,1,0.11609654472905409,"[{'sender': 'Aggregator', 'receiver': 4, 'amount': 0.3474177420139313, 'price_per_kWh': 0.1219013719655068, 'type': 'GRID_buy', 'hour': 0}]"
0,14,2.5,-0.0069982195,0.41069745949199277,0,0.0,0.0,-0.0509176753979567,0.11926195675406909,San_Donato,1.0,1.0,0,1,0.11609654472905409,"[{'sender': 'Aggregator', 'receiver': 14, 'amount': 0.41769567131996155, 'price_per_kWh': 0.1219013719655068, 'type': 'GRID_buy', 'hour': 0}]"
0,17,1.25,-0.010012776,0.26509609844811866,10,0.0,0.0,-0.03353614916148701,0.11477472099888004,San_Donato,1.0,1.0,0,1,0.11609654472905409,"[{'sender': 'Aggregator', 'receiver': 17, 'amount': 0.27510887384414673, 'price_per_kWh': 0.1219013719655068, 'type': 'GRID_buy', 'hour': 0}]"
0,18,1.25,-0.008124443,0.3751868612865395,15,0.0,0.0,-0.04672617353905295,0.11558668152125257,San_Donato,1.0,1.0,0,1,0.11609654472905409,"[{'sender': 'Aggregator', 'receiver': 18, 'amount': 0.38331130146980286, 'price_per_kWh': 0.1219013719655068, 'type': 'GRID_buy', 'hour': 0}]"
0,22,2.0,-0.009775847,0.4113694889901985,10,0.0,0.0,-0.0513381959303189,0.11734459918088724,San_Donato,1.0,1.0,0,1,0.11609654472905409,"[{'sender': 'Aggregator', 'receiver': 22, 'amount': 0.42114534974098206, 'price_per_kWh': 0.1219013719655068, 'type': 'GRID_buy', 'hour': 0}]"
0,29,2.0,-0.00934618,0.16780926613641328,10,0.0,0.0,-0.02159549058804394,0.12179578476275246,San_Donato,1.0,1.0,0,1,0.11609654472905409,"[{'sender': 'Aggregator', 'receiver': 29, 'amount': 0.17715543508529663, 'price_per_kWh': 0.1219013719655068, 'type': 'GRID_buy', 'hour': 0}]"
0,30,2.5,-0.004812488,0.2738290797136988,10,0.0,0.0,-0.0339667874428525,0.1105643888719316,San_Donato,1.0,1.0,0,1,0.11609654472905409,"[{'sender': 'Aggregator', 'receiver': 30, 'amount': 0.27864155173301697, 'price_per_kWh': 0.1219013719655068, 'type': 'GRID_buy', 'hour': 0}]"
0,39,3.25,-0.011762319,0.4108739461494235,15,0.0,0.0,-0.05151994121914747,0.12485711169462346,San_Donato,1.0,1.0,0,1,0.11609654472905409,"[{'sender': 'Aggregator', 'receiver': 39, 'amount': 0.4226362705230713, 'price_per_kWh': 0.1219013719655068, 'type': 'GRID_buy', 'hour': 0}]"
0,45,4.5,-0.008427899,0.35425902956335314,15,0.0,0.0,-0.044212034615359136,0.11394343610409921,San_Donato,1.0,1.0,0,1,0.11609654472905409,"[{'sender': 'Aggregator', 'receiver': 45, 'amount': 0.3626869320869446, 'price_per_kWh': 0.1219013719655068, 'type': 'GRID_buy', 'hour': 0}]"
0,53,4.25,-0.006037692,0.44014568181364483,0,0.0,0.0,-0.05439036295962856,0.1224396611874305,San_Donato,1.0,1.0,0,1,0.11609654472905409,"[{'sender': 'Aggregator', 'receiver': 53, 'amount': 0.44618335366249084, 'price_per_kWh': 0.1219013719655068, 'type': 'GRID_buy', 'hour': 0}]"
0,54,0.75,-0.016396062,0.3469127402828458,10,0.0,0.0,-0.04428784325753207,0.11652312570699022,San_Donato,1.0,1.0,0,1,0.11609654472905409,"[{'sender': 'Aggregator', 'receiver': 54, 'amount': 0.3633088171482086, 'price_per_kWh': 0.1219013719655068, 'type': 'GRID_buy', 'hour': 0}]"
0,57,2.25,-0.0048893155,0.2641107425043242,10,0.0,0.0,-0.03279147556895695,0.10669368267022754,San_Donato,1.0,1.0,0,1,0.11609654472905409,"[{'sender': 'Aggregator', 'receiver': 57, 'amount': 0.2690000534057617, 'price_per_kWh': 0.1219013719655068, 'type': 'GRID_buy', 'hour': 0}]"
0,58,3.0,-0.013343811,0.45014322797371376,0,0.0,0.0,-0.05649970473253513,0.11459874121631893,San_Donato,1.0,1.0,0,1,0.11609654472905409,"[{'sender': 'Aggregator', 'receiver': 58, 'amount': 0.46348702907562256, 'price_per_kWh': 0.1219013719655068, 'type': 'GRID_buy', 'hour': 0}]"
0,63,0.75,-0.015087642,0.44921836735422976,10,0.0,0.0,-0.0565995380332929,0.12502417654794373,San_Donato,1.0,1.0,0,1,0.11609654472905409,"[{'sender': 'Aggregator', 'receiver': 63, 'amount': 0.4643059968948364, 'price_per_kWh': 0.1219013719655068, 'type': 'GRID_buy', 'hour': 0}]"
0,66,1.5,-0.009147799,0.218927213117634,0,0.0,0.0,-0.027802656942682146,0.1131123299548355,San_Donato,1.0,1.0,0,1,0.11609654472905409,"[{'sender': 'Aggregator', 'receiver': 66, 'amount': 0.22807501256465912, 'price_per_kWh': 0.1219013719655068, 'type': 'GRID_buy', 'hour': 0}]"
0,72,2.5,-0.004812488,0.16183941488104428,0,0.0,0.0,-0.02031509580932966,0.1150726571596657,San_Donato,1.0,1.0,0,1,0.11609654472905409,"[{'sender': 'Aggregator', 'receiver': 72, 'amount': 0.1666519045829773, 'price_per_kWh': 0.1219013719655068, 'type': 'GRID_buy', 'hour': 0}]"
0,77,4.0,-0.00596613,0.19248889634548527,0,0.0,0.0,-0.024191939307175104,0.11295447482768842,San_Donato,1.0,1.0,0,1,0.11609654472905409,"[{'sender': 'Aggregator', 'receiver': 77, 'amount': 0.19845502078533173, 'price_per_kWh': 0.1219013719655068, 'type': 'GRID_buy', 'hour': 0}]"
0,80,2.25,-0.0025059297,0.202415772973805,0,0.0,0.0,-0.02498023729109888,0.12050530783396189,San_Donato,1.0,1.0,0,1,0.11609654472905409,"[{'sender': 'Aggregator', 'receiver': 80, 'amount': 0.20492170751094818, 'price_per_kWh': 0.1219013719655068, 'type': 'GRID_buy', 'hour': 0}]"
0,81,0.5,-0.020866329,0.37331440385271175,0,0.0,0.0,-0.04805117360403738,0.11515021376064417,San_Donato,1.0,1.0,0,1,0.11609654472905409,"[{'sender': 'Aggregator', 'receiver': 81, 'amount': 0.3941807448863983, 'price_per_kWh': 0.1219013719655068, 'type': 'GRID_buy', 'hour': 0}]"
0,99,1.25,-0.00815703,0.3664267969637292,0,0.0,0.0,-0.04566228405723312,0.11518403413393181,San_Donato,1.0,1.0,0,1,0.11609654472905409,"[{'sender': 'Aggregator', 'receiver': 99, 'amount': 0.3745838403701782, 'price_per_kWh': 0.1219013719655068, 'type': 'GRID_buy', 'hour': 0}]"
0,2,0.5,-0.021149099,0.17587396041095785,0,0.0,0.0,-0.02401738179802446,0.10479802959472954,Centro,1.0,1.0,0,1,0.11609654472905409,"[{'sender': 'Aggregator', 'receiver': 2, 'amount': 0.19702306389808655, 'price_per_kWh': 0.1219013719655068, 'type': 'GRID_buy', 'hour': 0}]"
0,6,4.5,-0.0071668704,0.42211718692735917,0,0.0,0.0,-0.052330312970735156,0.12749224963064335,Centro,1.0,1.0,0,1,0.11609654472905409,"[{'sender': 'Aggregator', 'receiver': 6, 'amount': 0.4292840361595154, 'price_per_kWh': 0.1219013719655068, 'type': 'GRID_buy', 'hour': 0}]"
0,10,1.5,-0.009508295,0.16537618169951318,15,0.0,0.0,-0.021318658439776383,0.12663007266651008,Centro,1.0,1.0,0,1,0.11609654472905409,"[{'sender': 'Aggregator', 'receiver': 10, 'amount': 0.17488448321819305, 'price_per_kWh': 0.1219013719655068, 'type': 'GRID_buy', 'hour': 0}]"
0,15,1.0,-0.013080347,0.4601712997091196,15,0.0,0.0,-0.05769002793098422,0.11553017558683522,Centro,1.0,1.0,0,1,0.11609654472905409,"[{'sender': 'Aggregator', 'receiver': 15, 'amount': 0.47325167059898376, 'price_per_kWh': 0.1219013719655068, 'type': 'GRID_buy', 'hour': 0}]"
0,23,2.75,-0.01357018,0.33219728314296143,15,0.0,0.0,-0.04214952875633063,0.1271038716964874,Centro,1.0,1.0,0,1,0.11609654472905409,"[{'sender': 'Aggregator', 'receiver': 23, 'amount': 0.34576746821403503, 'price_per_kWh': 0.1219013719655068, 'type': 'GRID_buy', 'hour': 0}]"
0,25,3.25,-0.010327358,0.36814803681444613,10,0.0,0.0,-0.04613667025008787,0.11965636002691583,Centro,1.0,1.0,0,1,0.11609654472905409,"[{'sender': 'Aggregator', 'receiver': 25, 'amount': 0.3784753978252411, 'price_per_kWh': 0.1219013719655068, 'type': 'GRID_buy', 'hour': 0}]"
0,37,4.5,-0.00658713,0.34617109108498,10,0.0,0.0,-0.043001708427318625,0.10816397438108721,Centro,1.0,1.0,0,1,0.11609654472905409,"[{'sender': 'Aggregator', 'receiver': 37, 'amount': 0.3527581989765167, 'price_per_kWh': 0.1219013719655068, 'type': 'GRID_buy', 'hour': 0}]"
0,60,4.25,-0.0046594613,0.1733752137988791,15,0.0,0.0,-0.021702671518015047,0.1073801604416756,Centro,1.0,1.0,0,1,0.11609654472905409,"[{'sender': 'Aggregator', 'receiver': 60, 'amount': 0.1780346781015396, 'price_per_kWh': 0.1219013719655068, 'type': 'GRID_buy', 'hour': 0}]"
0,62,2.25,-0.0023723196,0.3649900763873306,15,0.0,0.0,-0.044781981766843164,0.10775449806379277,Centro,1.0,1.0,0,1,0.11609654472905409,"[{'sender': 'Aggregator', 'receiver': 62, 'amount': 0.3673624098300934, 'price_per_kWh': 0.1219013719655068, 'type': 'GRID_buy', 'hour': 0}]"
0,73,2.25,-0.0017641595,0.31684026099995044,10,0.0,0.0,-0.03883831465604089,0.11689516850998846,Centro,1.0,1.0,0,1,0.11609654472905409,"[{'sender': 'Aggregator', 'receiver': 73, 'amount': 0.31860440969467163, 'price_per_kWh': 0.1219013719655068, 'type': 'GRID_buy', 'hour': 0}]"
0,85,2.0,-0.0070153433,0.1904216132527651,15,0.0,0.0,-0.024067836124113395,0.11123293928549075,Centro,1.0,1.0,0,1,0.11609654472905409,"[{'sender': 'Aggregator', 'receiver': 85, 'amount': 0.19743695855140686, 'price_per_kWh': 0.1219013719655068, 'type': 'GRID_buy', 'hour': 0}]"
0,87,3.5,-0.012336893,0.433748760092758,0,0.0,0.0,-0.05437845053629579,0.10631742387257394,Centro,1.0,1.0,0,1,0.11609654472905409,"[{'sender': 'Aggregator', 'receiver': 87, 'amount': 0.4460856318473816, 'price_per_kWh': 0.1219013719655068, 'type': 'GRID_buy', 'hour': 0}]"
0,88,2.5,-0.0047710617,0.39255191672816764,10,0.0,0.0,-0.04843421668623157,0.10673391901942648,Centro,1.0,1.0,0,1,0.11609654472905409,"[{'sender': 'Aggregator', 'receiver': 88, 'amount': 0.39732298254966736, 'price_per_kWh': 0.1219013719655068, 'type': 'GRID_buy', 'hour': 0}]"
0,89,4.75,-0.004828024,0.46844228728357107,0,0.0,0.0,-0.05769230215391996,0.12313851996337183,Centro,1.0,1.0,0,1,0.11609654472905409,"[{'sender': 'Aggregator', 'receiver': 89, 'amount': 0.47327032685279846, 'price_per_kWh': 0.1219013719655068, 'type': 'GRID_buy', 'hour': 0}]"
0,97,3.0,-0.0102563,0.4223014416637631,15,0.0,0.0,-0.0527293809688552,0.11231514170333852,Centro,1.0,1.0,0,1,0.11609654472905409,"[{'sender': 'Aggregator', 'receiver': 97, 'amount': 0.43255773186683655, 'price_per_kWh': 0.1219013719655068, 'type': 'GRID_buy', 'hour': 0}]"
0,7,4.25,-0.0048175463,0.20203133984644744,0,0.0,0.0,-0.025215163430478485,0.1153663324525502,Lingotto,1.0,1.0,0,1,0.11609654472905409,"[{'sender': 'Aggregator', 'receiver': 7, 'amount': 0.2068488895893097, 'price_per_kWh': 0.1219013719655068, 'type': 'GRID_buy', 'hour': 0}]"
0,8,3.25,-0.010767294,0.22025733487313107,15,0.0,0.0,-0.028162220307889525,0.11620386851466849,Lingotto,1.0,1.0,0,1,0.11609654472905409,"[{'sender': 'Aggregator', 'receiver': 8, 'amount': 0.2310246378183365, 'price_per_kWh': 0.1219013719655068, 'type': 'GRID_buy', 'hour': 0}]"
0,16,0.0,-0.016411236,0.4301175818846087,0,0.0,0.0,-0.054432476046323765,0.11996489073324994,Lingotto,1.0,1.0,0,1,0.11609654472905409,"[{'sender': 'Aggregator', 'receiver': 16, 'amount': 0.446528822183609, 'price_per_kWh': 0.1219013719655068, 'type': 'GRID_buy', 'hour': 0}]"
0,19,4.25,-0.005666079,0.2629054713518552,10,0.0,0.0,-0.032739241100314474,0.12749160481582572,Lingotto,1.0,1.0,0,1,0.11609654472905409,"[{'sender': 'Aggregator', 'receiver': 19, 'amount': 0.26857155561447144, 'price_per_kWh': 0.1219013719655068, 'type': 'GRID_buy', 'hour': 0}]"
0,20,0.5,-0.01925893,0.16452308908659646,0,0.0,0.0,-0.022403281132928988,0.12084123108420745,Lingotto,1.0,1.0,0,1,0.11609654472905409,"[{'sender': 'Aggregator', 'receiver': 20, 'amount': 0.18378202617168427, 'price_per_kWh': 0.1219013719655068, 'type': 'GRID_buy', 'hour': 0}]"
0,27,4.25,-0.0044828313,0.27034956890240414,0,0.0,0.0,-0.0335024463401213,0.10629613270105025,Lingotto,1.0,1.0,0,1,0.11609654472905409,"[{'sender': 'Aggregator', 'receiver': 27, 'amount': 0.2748323976993561, 'price_per_kWh': 0.1219013719655068, 'type': 'GRID_buy', 'hour': 0}]"
0,32,2.25,-0.0026873753,0.2525010096949517,0,0.0,0.0,-0.031107813108873873,0.10514177499955614,Lingotto,1.0,1.0,0,1,0.11609654472905409,"[{'sender': 'Aggregator', 'receiver': 32, 'amount': 0.25518837571144104, 'price_per_kWh': 0.1219013719655068, 'type': 'GRID_buy', 'hour': 0}]"
0,41,0.75,-0.01404652,0.17014874925221113,0,0.0,0.0,-0.022453655534250213,0.10535032240817377,Lingotto,1.0,1.0,0,1,0.11609654472905409,"[{'sender': 'Aggregator', 'receiver': 41, 'amount': 0.18419526517391205, 'price_per_kWh': 0.1219013719655068, 'type': 'GRID_buy', 'hour': 0}]"
0,42,4.0,-0.0058819787,0.4514253763507207,15,0.0,0.0,-0.05574639199920441,0.11846057005467417,Lingotto,1.0,1.0,0,1,0.11609654472905409,"[{'sender': 'Aggregator', 'receiver': 42, 'amount': 0.4573073387145996, 'price_per_kWh': 0.1219013719655068, 'type': 'GRID_buy', 'hour': 0}]"
0,48,4.5,-0.007643016,0.23454297809157984,0,0.0,0.0,-0.029522805059224843,0.11518775833100023,Lingotto,1.0,1.0,0,1,0.11609654472905409,"[{'sender': 'Aggregator', 'receiver': 48, 'amount': 0.24218599498271942, 'price_per_kWh': 0.1219013719655068, 'type': 'GRID_buy', 'hour': 0}]"
0,49,0.5,-0.018703658,0.2437369540579722,10,0.0,0.0,-0.0319918718633462,0.12629536784216175,Lingotto,1.0,1.0,0,1,0.11609654472905409,"[{'sender': 'Aggregator', 'receiver': 49, 'amount': 0.26244062185287476, 'price_per_kWh': 0.1219013719655068, 'type': 'GRID_buy', 'hour': 0}]"
0,51,0.25,-0.016411236,0.3976107753046124,0,0.0,0.0,-0.050469853291533556,0.11620785239723727,Lingotto,1.0,1.0,0,1,0.11609654472905409,"[{'sender': 'Aggregator', 'receiver': 51, 'amount': 0.4140220284461975, 'price_per_kWh': 0.1219013719655068, 'type': 'GRID_buy', 'hour': 0}]"
0,64,0.5,-0.018703658,0.38390882513605845,10,0.0,0.0,-0.04907901701562,0.11418272964389127,Lingotto,1.0,1.0,0,1,0.11609654472905409,"[{'sender': 'Aggregator', 'receiver': 64, 'amount': 0.40261250734329224, 'price_per_kWh': 0.1219013719655068, 'type': 'GRID_buy', 'hour': 0}]"
0,70,2.0,-0.007963724,0.3627160698210016,10,0.0,0.0,-0.04518637566084788,0.1046037108169185,Lingotto,1.0,1.0,0,1,0.11609654472905409,"[{'sender': 'Aggregator', 'receiver': 70, 'amount': 0.3706797957420349, 'price_per_kWh': 0.1219013719655068, 'type': 'GRID_buy', 'hour': 0}]"
0,76,3.5,-0.01148716,0.4519034023863585,15,0.0,0.0,-0.0564879448928498,0.123582560082764,Lingotto,1.0,1.0,0,1,0.11609654472905409,"[{'sender': 'Aggregator', 'receiver': 76, 'amount': 0.4633905589580536, 'price_per_kWh': 0.1219013719655068, 'type': 'GRID_buy', 'hour': 0}]"
0,82,0.25,-0.015631167,0.372041995405765,0,0.0,0.0,-0.04725789122096369,0.1106120977642655,Lingotto,1.0,1.0,0,1,0.11609654472905409,"[{'sender': 'Aggregator', 'receiver': 82, 'amount': 0.38767316937446594, 'price_per_kWh': 0.1219013719655068, 'type': 'GRID_buy', 'hour': 0}]"
0,83,4.5,-0.0070435377,0.19890913635402188,0,0.0,0.0,-0.025105913538906885,0.11059411120917584,Lingotto,1.0,1.0,0,1,0.11609654472905409,"[{'sender': 'Aggregator', 'receiver': 83, 'amount': 0.20595267415046692, 'price_per_kWh': 0.1219013719655068, 'type': 'GRID_buy', 'hour': 0}]"
0,84,1.25,-0.0067811846,0.26577401090256664,15,0.0,0.0,-0.033224853090088505,0.12568924585472285,Lingotto,1.0,1.0,0,1,0.11609654472905409,"[{'sender': 'Aggregator', 'receiver': 84, 'amount': 0.2725552022457123, 'price_per_kWh': 0.1219013719655068, 'type': 'GRID_buy', 'hour': 0}]"
0,86,3.25,-0.010767294,0.4097747299982689,15,0.0,0.0,-0.051264646979305765,0.12723084723264022,Lingotto,1.0,1.0,0,1,0.11609654472905409,"[{'sender': 'Aggregator', 'receiver': 86, 'amount': 0.42054200172424316, 'price_per_kWh': 0.1219013719655068, 'type': 'GRID_buy', 'hour': 0}]"
0,90,1.75,0.0006811004,0.31322783343531735,10,0.0,0.0,-0.03809987519539221,0.11459772812246953,Lingotto,1.0,1.0,0,1,0.11609654472905409,"[{'sender': 'Aggregator', 'receiver': 90, 'amount': 0.3125467300415039, 'price_per_kWh': 0.1219013719655068, 'type': 'GRID_buy', 'hour': 0}]"
0,91,1.0,-0.013496222,0.3835553489800905,10,0.0,0.0,-0.04840113146534361,0.12507013057100005,Lingotto,1.0,1.0,0,1,0.11609654472905409,"[{'sender': 'Aggregator', 'receiver': 91, 'amount': 0.3970515727996826, 'price_per_kWh': 0.1219013719655068, 'type': 'GRID_buy', 'hour': 0}]"
0,94,1.25,-0.0067811846,0.30462587725143997,15,0.0,0.0,-0.03796094778439228,0.1262643328686322,Lingotto,1.0,1.0,0,1,0.11609654472905409,"[{'sender': 'Aggregator', 'receiver': 94, 'amount': 0.31140705943107605, 'price_per_kWh': 0.1219013719655068, 'type': 'GRID_buy', 'hour': 0}]"
1,0,4.0,0.005961793,0.44506523572929546,0,0.0,0.0,-0.10680339443181384,0.11714767658336808,Barriera_di_Milano,1.0,1.0,0,2,0.11727923683251942,"[{'sender': 'Aggregator', 'receiver': 0, 'amount': 0.4391034245491028, 'price_per_kWh': 0.1231431986741454, 'type': 'GRID_buy', 'hour': 1}]"
1,1,3.75,0.005880153,0.23815301136150646,10,0.0,0.0,-0.056103212099899574,0.12776722465556453,Barriera_di_Milano,1.0,1.0,0,2,0.11727923683251942,"[{'sender': 'Aggregator', 'receiver': 1, 'amount': 0.23227286338806152, 'price_per_kWh': 0.1231431986741454, 'type': 'GRID_buy', 'hour': 1}]"
1,26,4.0,0.0057279556,0.4630460481331595,10,0.0,0.0,-0.10371379430557905,0.12502792258530873,Barriera_di_Milano,1.0,1.0,0,2,0.11727923683251942,"[{'sender': 'Aggregator', 'receiver': 26, 'amount': 0.45731809735298157, 'price_per_kWh': 0.1231431986741454, 'type': 'GRID_buy', 'hour': 1}]"
1,31,3.75,0.009473052,0.3989663497040393,10,0.0,0.0,-0.0975371387429151,0.11870151671045913,Barriera_di_Milano,1.0,1.0,0,2,0.11727923683251942,"[{'sender': 'Aggregator', 'receiver': 31, 'amount': 0.38949328660964966, 'price_per_kWh': 0.1231431986741454, 'type': 'GRID_buy', 'hour': 1}]"
1,34,3.75,0.008569883,0.22050876709706257,15,0.0,0.0,-0.05215113891769232,0.11812299073003056,Barriera_di_Milano,1.0,1.0,0,2,0.11727923683251942,"[{'sender': 'Aggregator', 'receiver': 34, 'amount': 0.21193888783454895, 'price_per_kWh': 0.1231431986741454, 'type': 'GRID_buy', 'hour': 1}]"
1,35,4.5,0.016721182,0.3820621997539033,15,0.0,0.0,-0.09061370724179424,0.10650496462458711,Barriera_di_Milano,1.0,1.0,0,2,0.11727923683251942,"[{'sender': 'Aggregator', 'receiver': 35, 'amount': 0.3653410077095032, 'price_per_kWh': 0.1231431986741454, 'type': 'GRID_buy', 'hour': 1}]"
1,38,3.75,0.0088893175,0.17905533595010228,15,0.0,0.0,-0.04260875029120889,0.12415066970075725,Barriera_di_Milano,1.0,1.0,0,2,0.11727923683251942,"[{'sender': 'Aggregator', 'receiver': 38, 'amount': 0.170166015625, 'price_per_kWh': 0.1231431986741454, 'type': 'GRID_buy', 'hour': 1}]"
1,46,3.75,0.008899344,0.35013096680525885,0,0.0,0.0,-0.0872164935312519,0.10715933797844718,Barriera_di_Milano,1.0,1.0,0,2,0.11727923683251942,"[{'sender': 'Aggregator', 'receiver': 46, 'amount': 0.34123164415359497, 'price_per_kWh': 0.1231431986741454, 'type': 'GRID_buy', 'hour': 1}]"
1,47,1.25,-0.009742858,0.4204531522492087,10,0.0,0.0,-0.1023115797490578,0.11404091757035002,Barriera_di_Milano,1.0,1.0,0,2,0.11727923683251942,"[{'sender': 'Aggregator', 'receiver': 47, 'amount': 0.43019601702690125, 'price_per_kWh': 0.1231431986741454, 'type': 'GRID_buy', 'hour': 1}]"
1,55,2.25,-0.0059578368,0.1823972121364233,10,0.0,0.0,-0.0459419362466547,0.12896236561408017,Barriera_di_Milano,1.0,1.0,0,2,0.11727923683251942,"[{'sender': 'Aggregator', 'receiver': 55, 'amount': 0.18835505843162537, 'price_per_kWh': 0.1231431986741454, 'type': 'GRID_buy', 'hour': 1}]"
1,59,0.75,-0.020902757,0.33654388960085785,0,0.0,0.0,-0.08719181011711546,0.1113924239110876,Barriera_di_Milano,1.0,1.0,0,2,0.11727923683251942,"[{'sender': 'Aggregator', 'receiver': 59, 'amount': 0.3574466407299042, 'price_per_kWh': 0.1231431986741454, 'type': 'GRID_buy', 'hour': 1}]"
1,61,2.5,0.0039131837,0.23320677618532293,0,0.0,0.0,-0.05864115086391246,0.11759790253263545,Barriera_di_Milano,1.0,1.0,0,2,0.11727923683251942,"[{'sender': 'Aggregator', 'receiver': 61, 'amount': 0.2292935997247696, 'price_per_kWh': 0.1231431986741454, 'type': 'GRID_buy', 'hour': 1}]"
1,65,3.25,0.014232304,0.2133127968483965,0,0.0,0.0,-0.05080455985907996,0.10593757016801804,Barriera_di_Milano,1.0,1.0,0,2,0.11727923683251942,"[{'sender': 'Aggregator', 'receiver': 65, 'amount': 0.1990804821252823, 'price_per_kWh': 0.1231431986741454, 'type': 'GRID_buy', 'hour': 1}]"
1,67,0.25,-0.021851052,0.3826321924569409,0,0.0,0.0,-0.10229588821866584,0.11370215913796013,Barriera_di_Milano,1.0,1.0,0,2,0.11727923683251942,"[{'sender': 'Aggregator', 'receiver': 67, 'amount': 0.40448325872421265, 'price_per_kWh': 0.1231431986741454, 'type': 'GRID_buy', 'hour': 1}]"
1,68,2.75,-0.001358135,0.1821061796502658,10,0.0,0.0,-0.045290929863355874,0.11947030685253512,Barriera_di_Milano,1.0,1.0,0,2,0.11727923683251942,"[{'sender': 'Aggregator', 'receiver': 68, 'amount': 0.18346431851387024, 'price_per_kWh': 0.1231431986741454, 'type': 'GRID_buy', 'hour': 1}]"
1,69,0.5,-0.024586556,0.16391620484107522,0,0.0,0.0,-0.043926219027750624,0.12226676557751512,Barriera_di_Milano,1.0,1.0,0,2,0.11727923683251942,"[{'sender': 'Aggregator', 'receiver': 69, 'amount': 0.18850275874137878, 'price_per_kWh': 0.1231431986741454, 'type': 'GRID_buy', 'hour': 1}]"
1,74,2.0,-0.013041915,0.42755193264080676,0,0.0,0.0,-0.1002201019714603,0.1106270139266423,Barriera_di_Milano,1.0,1.0,0,2,0.11727923683251942,"[{'sender': 'Aggregator', 'receiver': 74, 'amount': 0.4405938386917114, 'price_per_kWh': 0.1231431986741454, 'type': 'GRID_buy', 'hour': 1}]"
1,78,4.75,0.012258714,0.25058472848582053,0,0.0,0.0,-0.060869160913275364,0.12797598905898389,Barriera_di_Milano,1.0,1.0,0,2,0.11727923683251942,"[{'sender': 'Aggregator', 'receiver': 78, 'amount': 0.23832601308822632, 'price_per_kWh': 0.1231431986741454, 'type': 'GRID_buy', 'hour': 1}]"
1,79,0.0,-0.022282286,0.18459569098423903,0,0.0,0.0,-0.05235533965172898,0.1262631390165602,Barriera_di_Milano,1.0,1.0,0,2,0.11727923683251942,"[{'sender': 'Aggregator', 'receiver': 79, 'amount': 0.20687797665596008, 'price_per_kWh': 0.1231431986741454, 'type': 'GRID_buy', 'hour': 1}]"
1,92,2.25,-0.004816835,0.3767837493890307,10,0.0,0.0,-0.09176540102592429,0.10975772598266133,Barriera_di_Milano,1.0,1.0,0,2,0.11727923683251942,"[{'sender': 'Aggregator', 'receiver': 92, 'amount': 0.38160058856010437, 'price_per_kWh': 0.1231431986741454, 'type': 'GRID_buy', 'hour': 1}]"
1,93,0.75,-0.020375663,0.179174756343527,10,0.0,0.0,-0.04745167456874069,0.11830175545235906,Barriera_di_Milano,1.0,1.0,0,2,0.11727923683251942,"[{'sender': 'Aggregator', 'receiver': 93, 'amount': 0.19955042004585266, 'price_per_kWh': 0.1231431986741454, 'type': 'GRID_buy', 'hour': 1}]"
1,98,3.25,0.014761487,0.2832585616460187,15,0.0,0.0,-0.07192702931459732,0.11573256464995518,Barriera_di_Milano,1.0,1.0,0,2,0.11727923683251942,"[{'sender': 'Aggregator', 'receiver': 98, 'amount': 0.2684970796108246, 'price_per_kWh': 0.1231431986741454, 'type': 'GRID_buy', 'hour': 1}]"
1,3,0.25,-0.026788555,0.27409862528191065,0,0.0,0.0,-0.07198659765451497,0.11732510415202932,San_Salvario,1.0,1.0,0,2,0.11727923683251942,"[{'sender': 'Aggregator', 'receiver': 3, 'amount': 0.30088719725608826, 'price_per_kWh': 0.1231431986741454, 'type': 'GRID_buy', 'hour': 1}]"
1,5,2.75,-0.0059606913,0.23157365606779842,15,0.0,0.0,-0.05939941305679819,0.1113574128653256,San_Salvario,1.0,1.0,0,2,0.11727923683251942,"[{'sender': 'Aggregator', 'receiver': 5, 'amount': 0.23753434419631958, 'price_per_kWh': 0.1231431986741454, 'type': 'GRID_buy', 'hour': 1}]"
1,9,1.75,-0.011822669,0.22859825490889277,0,0.0,0.0,-0.06028008118902002,0.11641443700969618,San_Salvario,1.0,1.0,0,2,0.11727923683251942,"[{'sender': 'Aggregator', 'receiver': 9, 'amount': 0.24042092263698578, 'price_per_kWh': 0.1231431986741454, 'type': 'GRID_buy', 'hour': 1}]"
1,11,2.25,-0.01254932,0.25716280060525515,10,0.0,0.0,-0.06268377835542574,0.10779042677487026,San_Salvario,1.0,1.0,0,2,0.11727923683251942,"[{'sender': 'Aggregator', 'receiver': 11, 'amount': 0.2697121202945709, 'price_per_kWh': 0.1231431986741454, 'type': 'GRID_buy', 'hour': 1}]"
1,12,0.75,-0.024953615,0.37114807259910476,10,0.0,0.0,-0.09574559204134173,0.12683108324247236,San_Salvario,1.0,1.0,0,2,0.11727923683251942,"[{'sender': 'Aggregator', 'receiver': 12, 'amount': 0.3961016833782196, 'price_per_kWh': 0.1231431986741454, 'type': 'GRID_buy', 'hour': 1}]"
1,13,4.5,0.008858522,0.19301577396858977,0,0.0,0.0,-0.045298647548828466,0.1256412465431055,San_Salvario,1.0,1.0,0,2,0.11727923683251942,"[{'sender': 'Aggregator', 'receiver': 13, 'amount': 0.18415725231170654, 'price_per_kWh': 0.1231431986741454, 'type': 'GRID_buy', 'hour': 1}]"
1,21,0.0,-0.027455732,0.4656209624564324,15,0.0,0.0,-0.12157112044135399,0.11094041154734355,San_Salvario,1.0,1.0,0,2,0.11727923683251942,"[{'sender': 'Aggregator', 'receiver': 21, 'amount': 0.4930766820907593, 'price_per_kWh': 0.1231431986741454, 'type': 'GRID_buy', 'hour': 1}]"
1,24,2.25,-0.010341456,0.34202579148537837,15,0.0,0.0,-0.0926441206240117,0.10904480483202912,San_Salvario,1.0,1.0,0,2,0.11727923683251942,"[{'sender': 'Aggregator', 'receiver': 24, 'amount': 0.35236725211143494, 'price_per_kWh': 0.1231431986741454, 'type': 'GRID_buy', 'hour': 1}]"
1,28,3.25,0.010415494,0.22862771095686357,10,0.0,0.0,-0.0606990142554265,0.11057462557205956,San_Salvario,1.0,1.0,0,2,0.11727923683251942,"[{'sender': 'Aggregator', 'receiver': 28, 'amount': 0.21821221709251404, 'price_per_kWh': 0.1231431986741454, 'type': 'GRID_buy', 'hour': 1}]"
1,33,0.5,-0.028111955,0.21776105034445561,15,0.0,0.0,-0.0562445076518833,0.11596952670864959,San_Salvario,1.0,1.0,0,2,0.11727923683251942,"[{'sender': 'Aggregator', 'receiver': 33, 'amount': 0.24587300419807434, 'price_per_kWh': 0.1231431986741454, 'type': 'GRID_buy', 'hour': 1}]"
1,36,1.75,-0.012006884,0.3372497514616161,10,0.0,0.0,-0.08950294907166026,0.11198020604948944,San_Salvario,1.0,1.0,0,2,0.11727923683251942,"[{'sender': 'Aggregator', 'receiver': 36, 'amount': 0.34925663471221924, 'price_per_kWh': 0.1231431986741454, 'type': 'GRID_buy', 'hour': 1}]"
1,40,2.75,-0.0051595946,0.28025602264765836,15,0.0,0.0,-0.06901559948216157,0.12850870920398338,San_Salvario,1.0,1.0,0,2,0.11727923683251942,"[{'sender': 'Aggregator', 'receiver': 40, 'amount': 0.2854156196117401, 'price_per_kWh': 0.1231431986741454, 'type': 'GRID_buy', 'hour': 1}]"
1,43,2.25,-0.0104545355,0.18024849911217036,15,0.0,0.0,-0.04503471963245892,0.10665230757754952,San_Salvario,1.0,1.0,0,2,0.11727923683251942,"[{'sender': 'Aggregator', 'receiver': 43, 'amount': 0.19070303440093994, 'price_per_kWh': 0.1231431986741454, 'type': 'GRID_buy', 'hour': 1}]"
1,44,3.25,0.007362527,0.37255705755899093,10,0.0,0.0,-0.09586822642235292,0.11715956381379818,San_Salvario,1.0,1.0,0,2,0.11727923683251942,"[{'sender': 'Aggregator', 'receiver': 44, 'amount': 0.36519452929496765, 'price_per_kWh': 0.1231431986741454, 'type': 'GRID_buy', 'hour': 1}]"
1,50,1.25,-0.014530253,0.17522786561112721,10,0.0,0.0,-0.0456718036122297,0.12513685837939842,San_Salvario,1.0,1.0,0,2,0.11727923683251942,"[{'sender': 'Aggregator', 'receiver': 50, 'amount': 0.18975812196731567, 'price_per_kWh': 0.1231431986741454, 'type': 'GRID_buy', 'hour': 1}]"
1,52,2.75,-0.0060672904,0.2132298310605544,10,0.0,0.0,-0.05280713678292363,0.12426198307736712,San_Salvario,1.0,1.0,0,2,0.11727923683251942,"[{'sender': 'Aggregator', 'receiver': 52, 'amount': 0.2192971259355545, 'price_per_kWh': 0.1231431986741454, 'type': 'GRID_buy', 'hour': 1}]"
1,56,0.5,-0.029232614,0.3431904915469309,15,0.0,0.0,-0.09248454563132272,0.10602962099221402,San_Salvario,1.0,1.0,0,2,0.11727923683251942,"[{'sender': 'Aggregator', 'receiver': 56, 'amount': 0.37242311239242554, 'price_per_kWh': 0.1231431986741454, 'type': 'GRID_buy', 'hour': 1}]"
1,71,4.25,0.0010632657,0.21316317038739643,10,0.0,0.0,-0.050426584171025204,0.11573033466487004,San_Salvario,1.0,1.0,0,2,0.11727923683251942,"[{'sender': 'Aggregator', 'receiver': 71, 'amount': 0.21209989488124847, 'price_per_kWh': 0.1231431986741454, 'type': 'GRID_buy', 'hour': 1}]"
1,75,0.75,-0.023418935,0.1536307034950454,0,0.0,0.0,-0.041032455805189216,0.1286404815486906,San_Salvario,1.0,1.0,0,2,0.11727923683251942,"[{'sender': 'Aggregator', 'receiver': 75, 'amount': 0.1770496368408203, 'price_per_kWh': 0.1231431986741454, 'type': 'GRID_buy', 'hour': 1}]"
1,95,1.75,-0.013375914,0.33151080743455097,0,0.0,0.0,-0.08606328954550892,0.11192709013056479,San_Salvario,1.0,1.0,0,2,0.11727923683251942,"[{'sender': 'Aggregator', 'receiver': 95, 'amount': 0.3448867201805115, 'price_per_kWh': 0.1231431986741454, 'type': 'GRID_buy', 'hour': 1}]"
1,96,1.25,-0.01758076,0.1922618791666942,15,0.0,0.0,-0.04977066854289483,0.12091536907883081,San_Salvario,1.0,1.0,0,2,0.11727923683251942,"[{'sender': 'Aggregator', 'receiver': 96, 'amount': 0.20984263718128204, 'price_per_kWh': 0.1231431986741454, 'type': 'GRID_buy', 'hour': 1}]"
1,4,0.0,-0.028205516,0.3526619374353603,15,0.0,0.0,-0.08925193563653869,0.11995577763641828,San_Donato,1.0,1.0,0,2,0.11727923683251942,"[{'sender': 'Aggregator', 'receiver': 4, 'amount': 0.38086745142936707, 'price_per_kWh': 0.1231431986741454, 'type': 'GRID_buy', 'hour': 1}]"
1,14,2.5,0.0045164363,0.3648330249752234,0,0.0,0.0,-0.09528821459620412,0.12397584064379084,San_Donato,1.0,1.0,0,2,0.11727923683251942,"[{'sender': 'Aggregator', 'receiver': 14, 'amount': 0.36031660437583923, 'price_per_kWh': 0.1231431986741454, 'type': 'GRID_buy', 'hour': 1}]"
1,17,1.25,-0.012186473,0.2684987546104205,10,0.0,0.0,-0.0681006245034744,0.1106538362997815,San_Donato,1.0,1.0,0,2,0.11727923683251942,"[{'sender': 'Aggregator', 'receiver': 17, 'amount': 0.2806852161884308, 'price_per_kWh': 0.1231431986741454, 'type': 'GRID_buy', 'hour': 1}]"
1,18,1.25,-0.01439452,0.3926727372354355,15,0.0,0.0,-0.09685373912995522,0.1166945653396483,San_Donato,1.0,1.0,0,2,0.11727923683251942,"[{'sender': 'Aggregator', 'receiver': 18, 'amount': 0.40706726908683777, 'price_per_kWh': 0.1231431986741454, 'type': 'GRID_buy', 'hour': 1}]"
1,22,2.0,-0.012622317,0.39591207775490644,10,0.0,0.0,-0.10164642965255863,0.11033809390694005,San_Donato,1.0,1.0,0,2,0.11727923683251942,"[{'sender': 'Aggregator', 'receiver': 22, 'amount': 0.4085344076156616, 'price_per_kWh': 0.1231431986741454, 'type': 'GRID_buy', 'hour': 1}]"
1,29,2.0,-0.0121926535,0.1771668323888574,10,0.0,0.0,-0.044913823406066866,0.11318789952227937,San_Donato,1.0,1.0,0,2,0.11727923683251942,"[{'sender': 'Aggregator', 'receiver': 29, 'amount': 0.18935948610305786, 'price_per_kWh': 0.1231431986741454, 'type': 'GRID_buy', 'hour': 1}]"
1,30,2.5,0.00042403347,0.28609572096157143,10,0.0,0.0,-0.06914531203221683,0.12023810945566997,San_Donato,1.0,1.0,0,2,0.11727923683251942,"[{'sender': 'Aggregator', 'receiver': 30, 'amount': 0.2856716811656952, 'price_per_kWh': 0.1231431986741454, 'type': 'GRID_buy', 'hour': 1}]"
1,39,3.25,0.017619858,0.4713954992803796,15,0.0,0.0,-0.10739932553896234,0.10740385391773936,San_Donato,1.0,1.0,0,2,0.11727923683251942,"[{'sender': 'Aggregator', 'receiver': 39, 'amount': 0.45377564430236816, 'price_per_kWh': 0.1231431986741454, 'type': 'GRID_buy', 'hour': 1}]"
1,45,4.5,0.014660407,0.4177686756921741,15,0.0,0.0,-0.09385207626908759,0.11930269575957522,San_Donato,1.0,1.0,0,2,0.11727923683251942,"[{'sender': 'Aggregator', 'receiver': 45, 'amount': 0.40310826897621155, 'price_per_kWh': 0.1231431986741454, 'type': 'GRID_buy', 'hour': 1}]"
1,53,4.25,0.010091906,0.3661991905921059,0,0.0,0.0,-0.09824255428287887,0.1107848843041962,San_Donato,1.0,1.0,0,2,0.11727923683251942,"[{'sender': 'Aggregator', 'receiver': 53, 'amount': 0.35610729455947876, 'price_per_kWh': 0.1231431986741454, 'type': 'GRID_buy', 'hour': 1}]"
1,54,0.75,-0.02473608,0.3234909166021315,10,0.0,0.0,-0.08716962919736779,0.11146110294969833,San_Donato,1.0,1.0,0,2,0.11727923683251942,"[{'sender': 'Aggregator', 'receiver': 54, 'amount': 0.34822699427604675, 'price_per_kWh': 0.1231431986741454, 'type': 'GRID_buy', 'hour': 1}]"
1,57,2.25,-0.0061833435,0.2678456382583376,10,0.0,0.0,-0.06653628151969743,0.12074501871847028,San_Donato,1.0,1.0,0,2,0.11727923683251942,"[{'sender': 'Aggregator', 'receiver': 57, 'amount': 0.2740289866924286, 'price_per_kWh': 0.1231431986741454, 'type': 'GRID_buy', 'hour': 1}]"
1,58,3.0,-0.0052486164,0.4409316365653199,0,0.0,0.0,-0.11144376842254781,0.1176984389098075,San_Donato,1.0,1.0,0,2,0.11727923683251942,"[{'sender': 'Aggregator', 'receiver': 58, 'amount': 0.4461802542209625, 'price_per_kWh': 0.1231431986741454, 'type': 'GRID_buy', 'hour': 1}]"
1,63,0.75,-0.023492482,0.4837941906625287,10,0.0,0.0,-0.11906844095386326,0.11776224471905815,San_Donato,1.0,1.0,0,2,0.11727923683251942,"[{'sender': 'Aggregator', 'receiver': 63, 'amount': 0.5072866678237915, 'price_per_kWh': 0.1231431986741454, 'type': 'GRID_buy', 'hour': 1}]"
1,66,1.5,-0.012287043,0.20325322402101817,0,0.0,0.0,-0.054344974011562366,0.10983245741317028,San_Donato,1.0,1.0,0,2,0.11727923683251942,"[{'sender': 'Aggregator', 'receiver': 66, 'amount': 0.21554026007652283, 'price_per_kWh': 0.1231431986741454, 'type': 'GRID_buy', 'hour': 1}]"
1,72,2.5,0.00042403347,0.1800580922851448,0,0.0,0.0,-0.04243580909481118,0.12304837105665205,San_Donato,1.0,1.0,0,2,0.11727923683251942,"[{'sender': 'Aggregator', 'receiver': 72, 'amount': 0.17963406443595886, 'price_per_kWh': 0.1231431986741454, 'type': 'GRID_buy', 'hour': 1}]"
1,77,4.0,0.0059553315,0.17969793912327567,0,0.0,0.0,-0.0455871597081906,0.12173256228716023,San_Donato,1.0,1.0,0,2,0.11727923683251942,"[{'sender': 'Aggregator', 'receiver': 77, 'amount': 0.1737426072359085, 'price_per_kWh': 0.1231431986741454, 'type': 'GRID_buy', 'hour': 1}]"
1,80,2.25,-0.010622511,0.18367296809732814,0,0.0,0.0,-0.04890640429057379,0.12896895589959934,San_Donato,1.0,1.0,0,2,0.11727923683251942,"[{'sender': 'Aggregator', 'receiver': 80, 'amount': 0.1942954808473587, 'price_per_kWh': 0.1231431986741454, 'type': 'GRID_buy', 'hour': 1}]"
1,81,0.5,-0.02989293,0.42425958798476726,0,0.0,0.0,-0.10397696448341595,0.10765490584173257,San_Donato,1.0,1.0,0,2,0.11727923683251942,"[{'sender': 'Aggregator', 'receiver': 81, 'amount': 0.45415249466896057, 'price_per_kWh': 0.1231431986741454, 'type': 'GRID_buy', 'hour': 1}]"
1,99,1.25,-0.014427105,0.3936043185402788,0,0.0,0.0,-0.0959085763075617,0.12818479524771564,San_Donato,1.0,1.0,0,2,0.11727923683251942,"[{'sender': 'Aggregator', 'receiver': 99, 'amount': 0.4080314040184021, 'price_per_kWh': 0.1231431986741454, 'type': 'GRID_buy', 'hour': 1}]"
1,2,0.5,-0.029631063,0.14644107351890284,0,0.0,0.0,-0.045699467769214505,0.11710919260623408,Centro,1.0,1.0,0,2,0.11727923683251942,"[{'sender': 'Aggregator', 'receiver': 2, 'amount': 0.1760721355676651, 'price_per_kWh': 0.1231431986741454, 'type': 'GRID_buy', 'hour': 1}]"
1,6,4.5,0.008647058,0.39129521776641857,0,0.0,0.0,-0.09945083259064808,0.11640792905587151,Centro,1.0,1.0,0,2,0.11727923683251942,"[{'sender': 'Aggregator', 'receiver': 6, 'amount': 0.38264816999435425, 'price_per_kWh': 0.1231431986741454, 'type': 'GRID_buy', 'hour': 1}]"
1,10,1.5,-0.013212604,0.1724818970592809,15,0.0,0.0,-0.044185673244973134,0.11892758263661808,Centro,1.0,1.0,0,2,0.11727923683251942,"[{'sender': 'Aggregator', 'receiver': 10, 'amount': 0.18569450080394745, 'price_per_kWh': 0.1231431986741454, 'type': 'GRID_buy', 'hour': 1}]"
1,15,1.0,-0.02028533,0.45184314589025376,15,0.0,0.0,-0.11582943922620172,0.10768918793665073,Centro,1.0,1.0,0,2,0.11727923683251942,"[{'sender': 'Aggregator', 'receiver': 15, 'amount': 0.4721284806728363, 'price_per_kWh': 0.1231431986741454, 'type': 'GRID_buy', 'hour': 1}]"
1,23,2.75,-0.0051489803,0.33906069604909195,15,0.0,0.0,-0.08453660866037124,0.12858160630915716,Centro,1.0,1.0,0,2,0.11727923683251942,"[{'sender': 'Aggregator', 'receiver': 23, 'amount': 0.3442096710205078, 'price_per_kWh': 0.1231431986741454, 'type': 'GRID_buy', 'hour': 1}]"
1,25,3.25,0.010813968,0.32932010923787425,10,0.0,0.0,-0.08535853286557202,0.12817836966972118,Centro,1.0,1.0,0,2,0.11727923683251942,"[{'sender': 'Aggregator', 'receiver': 25, 'amount': 0.318506121635437, 'price_per_kWh': 0.1231431986741454, 'type': 'GRID_buy', 'hour': 1}]"
1,37,4.5,0.009284919,0.36659451539272436,10,0.0,0.0,-0.0870019566768227,0.12518575097763326,Centro,1.0,1.0,0,2,0.11727923683251942,"[{'sender': 'Aggregator', 'receiver': 37, 'amount': 0.35730960965156555, 'price_per_kWh': 0.1231431986741454, 'type': 'GRID_buy', 'hour': 1}]"
1,60,4.25,0.0032292865,0.16127811192595606,15,0.0,0.0,-0.04116530918751507,0.11995461572192698,Centro,1.0,1.0,0,2,0.11727923683251942,"[{'sender': 'Aggregator', 'receiver': 60, 'amount': 0.1580488234758377, 'price_per_kWh': 0.1231431986741454, 'type': 'GRID_buy', 'hour': 1}]"
1,62,2.25,-0.009944461,0.329634907961979,15,0.0,0.0,-0.08659887203547569,0.11467135457926785,Centro,1.0,1.0,0,2,0.11727923683251942,"[{'sender': 'Aggregator', 'receiver': 62, 'amount': 0.33957937359809875, 'price_per_kWh': 0.1231431986741454, 'type': 'GRID_buy', 'hour': 1}]"
1,73,2.25,-0.009278176,0.28560450966753353,10,0.0,0.0,-0.075151111713919,0.12279680466843128,Centro,1.0,1.0,0,2,0.11727923683251942,"[{'sender': 'Aggregator', 'receiver': 73, 'amount': 0.2948826849460602, 'price_per_kWh': 0.1231431986741454, 'type': 'GRID_buy', 'hour': 1}]"
1,85,2.0,-0.01710639,0.19744851678632633,15,0.0,0.0,-0.050488813526812906,0.1272737115757307,Centro,1.0,1.0,0,2,0.11727923683251942,"[{'sender': 'Aggregator', 'receiver': 85, 'amount': 0.21455490589141846, 'price_per_kWh': 0.1231431986741454, 'type': 'GRID_buy', 'hour': 1}]"
1,87,3.5,-0.0011014679,0.3752772998623116,0,0.0,0.0,-0.10072693675888328,0.10873812923604705,Centro,1.0,1.0,0,2,0.11727923683251942,"[{'sender': 'Aggregator', 'receiver': 87, 'amount': 0.37637877464294434, 'price_per_kWh': 0.1231431986741454, 'type': 'GRID_buy', 'hour': 1}]"
1,88,2.5,0.0004654581,0.3703466401295793,10,0.0,0.0,-0.09398256867902394,0.12004340593605654,Centro,1.0,1.0,0,2,0.11727923683251942,"[{'sender': 'Aggregator', 'receiver': 88, 'amount': 0.36988118290901184, 'price_per_kWh': 0.1231431986741454, 'type': 'GRID_buy', 'hour': 1}]"
1,89,4.75,0.0037496563,0.4715683322893673,0,0.0,0.0,-0.11530099049159002,0.11442808584762969,Centro,1.0,1.0,0,2,0.11727923683251942,"[{'sender': 'Aggregator', 'receiver': 89, 'amount': 0.4678186774253845, 'price_per_kWh': 0.1231431986741454, 'type': 'GRID_buy', 'hour': 1}]"
1,97,3.0,-0.010227535,0.3955049834406056,15,0.0,0.0,-0.10269258036100856,0.11355424258455014,Centro,1.0,1.0,0,2,0.11727923683251942,"[{'sender': 'Aggregator', 'receiver': 97, 'amount': 0.40573251247406006, 'price_per_kWh': 0.1231431986741454, 'type': 'GRID_buy', 'hour': 1}]"
1,7,4.25,0.0028014793,0.2258512329572966,0,0.0,0.0,-0.05268222432373085,0.12015767669400404,Lingotto,1.0,1.0,0,2,0.11727923683251942,"[{'sender': 'Aggregator', 'receiver': 7, 'amount': 0.22304975986480713, 'price_per_kWh': 0.1231431986741454, 'type': 'GRID_buy', 'hour': 1}]"
1,8,3.25,0.016540268,0.23105007062149757,15,0.0,0.0,-0.054577643236259285,0.11952385643537695,Lingotto,1.0,1.0,0,2,0.11727923683251942,"[{'sender': 'Aggregator', 'receiver': 8, 'amount': 0.21450980007648468, 'price_per_kWh': 0.1231431986741454, 'type': 'GRID_buy', 'hour': 1}]"
1,16,0.0,-0.027539583,0.42814580084874554,0,0.0,0.0,-0.11054703097403445,0.11808417660985758,Lingotto,1.0,1.0,0,2,0.11727923683251942,"[{'sender': 'Aggregator', 'receiver': 16, 'amount': 0.4556853771209717, 'price_per_kWh': 0.1231431986741454, 'type': 'GRID_buy', 'hour': 1}]"
1,19,4.25,0.008388922,0.24085676456043562,10,0.0,0.0,-0.06136607513263251,0.12568520969779556,Lingotto,1.0,1.0,0,2,0.11727923683251942,"[{'sender': 'Aggregator', 'receiver': 19, 'amount': 0.23246784508228302, 'price_per_kWh': 0.1231431986741454, 'type': 'GRID_buy', 'hour': 1}]"
1,20,0.5,-0.030360157,0.1703982999397425,0,0.0,0.0,-0.04712531971143325,0.10768447113167712,Lingotto,1.0,1.0,0,2,0.11727923683251942,"[{'sender': 'Aggregator', 'receiver': 20, 'amount': 0.2007584571838379, 'price_per_kWh': 0.1231431986741454, 'type': 'GRID_buy', 'hour': 1}]"
1,27,4.25,0.002297745,0.2651339040822625,0,0.0,0.0,-0.06586893159740316,0.10979997759922754,Lingotto,1.0,1.0,0,2,0.11727923683251942,"[{'sender': 'Aggregator', 'receiver': 27, 'amount': 0.26283615827560425, 'price_per_kWh': 0.1231431986741454, 'type': 'GRID_buy', 'hour': 1}]"
1,32,2.25,-0.0060559954,0.25418229036626205,0,0.0,0.0,-0.063154384866454,0.1289985052549219,Lingotto,1.0,1.0,0,2,0.11727923683251942,"[{'sender': 'Aggregator', 'receiver': 32, 'amount': 0.26023826003074646, 'price_per_kWh': 0.1231431986741454, 'type': 'GRID_buy', 'hour': 1}]"
1,41,0.75,-0.023687527,0.14830040979417797,0,0.0,0.0,-0.04363280009442484,0.1246848991075653,Lingotto,1.0,1.0,0,2,0.11727923683251942,"[{'sender': 'Aggregator', 'receiver': 41, 'amount': 0.17198793590068817, 'price_per_kWh': 0.1231431986741454, 'type': 'GRID_buy', 'hour': 1}]"
1,42,4.0,0.0074674357,0.4342795743370129,15,0.0,0.0,-0.10830540074456049,0.11687709292474754,Lingotto,1.0,1.0,0,2,0.11727923683251942,"[{'sender': 'Aggregator', 'receiver': 42, 'amount': 0.4268121123313904, 'price_per_kWh': 0.1231431986741454, 'type': 'GRID_buy', 'hour': 1}]"
1,48,4.5,0.013370706,0.24933750245139547,0,0.0,0.0,-0.058580511794497206,0.12515769584258463,Lingotto,1.0,1.0,0,2,0.11727923683251942,"[{'sender': 'Aggregator', 'receiver': 48, 'amount': 0.23596680164337158, 'price_per_kWh': 0.1231431986741454, 'type': 'GRID_buy', 'hour': 1}]"
1,49,0.5,-0.0281699,0.23653911325530252,10,0.0,0.0,-0.06458898432633015,0.10795086292851389,Lingotto,1.0,1.0,0,2,0.11727923683251942,"[{'sender': 'Aggregator', 'receiver': 49, 'amount': 0.2647089958190918, 'price_per_kWh': 0.1231431986741454, 'type': 'GRID_buy', 'hour': 1}]"
1,51,0.25,-0.027539583,0.3938195168780564,0,0.0,0.0,-0.1023573596704957,0.1286948181721599,Lingotto,1.0,1.0,0,2,0.11727923683251942,"[{'sender': 'Aggregator', 'receiver': 51, 'amount': 0.4213590919971466, 'price_per_kWh': 0.1231431986741454, 'type': 'GRID_buy', 'hour': 1}]"
1,64,0.5,-0.028293803,0.43731746262504995,10,0.0,0.0,-0.10641587925176653,0.10711451833516582,Lingotto,1.0,1.0,0,2,0.11727923683251942,"[{'sender': 'Aggregator', 'receiver': 64, 'amount': 0.4656112790107727, 'price_per_kWh': 0.1231431986741454, 'type': 'GRID_buy', 'hour': 1}]"
1,70,2.0,-0.012046348,0.36974338663458817,10,0.0,0.0,-0.09220118227576019,0.1064744704936938,Lingotto,1.0,1.0,0,2,0.11727923683251942,"[{'sender': 'Aggregator', 'receiver': 70, 'amount': 0.3817897140979767, 'price_per_kWh': 0.1231431986741454, 'type': 'GRID_buy', 'hour': 1}]"
1,76,3.5,-0.0016491074,0.42502777548868675,15,0.0,0.0,-0.1090303030600532,0.10983982455280715,Lingotto,1.0,1.0,0,2,0.11727923683251942,"[{'sender': 'Aggregator', 'receiver': 76, 'amount': 0.4266768991947174, 'price_per_kWh': 0.1231431986741454, 'type': 'GRID_buy', 'hour': 1}]"
1,82,0.25,-0.0282706,0.34898545492721583,0,0.0,0.0,-0.09371440985904166,0.12421253982357332,Lingotto,1.0,1.0,0,2,0.11727923683251942,"[{'sender': 'Aggregator', 'receiver': 82, 'amount': 0.3772560656070709, 'price_per_kWh': 0.1231431986741454, 'type': 'GRID_buy', 'hour': 1}]"
1,83,4.5,0.007534234,0.21866381279640065,0,0.0,0.0,-0.05110508485829636,0.11764286381433095,Lingotto,1.0,1.0,0,2,0.11727923683251942,"[{'sender': 'Aggregator', 'receiver': 83, 'amount': 0.2111295759677887, 'price_per_kWh': 0.1231431986741454, 'type': 'GRID_buy', 'hour': 1}]"
1,84,1.25,-0.015125869,0.2804889948822803,15,0.0,0.0,-0.06962781356080658,0.11927207328176158,Lingotto,1.0,1.0,0,2,0.11727923683251942,"[{'sender': 'Aggregator', 'receiver': 84, 'amount': 0.2956148684024811, 'price_per_kWh': 0.1231431986741454, 'type': 'GRID_buy', 'hour': 1}]"
1,86,3.25,0.016540268,0.43474531462584004,15,0.0,0.0,-0.1027637548599091,0.11465366406638396,Lingotto,1.0,1.0,0,2,0.11727923683251942,"[{'sender': 'Aggregator', 'receiver': 86, 'amount': 0.41820505261421204, 'price_per_kWh': 0.1231431986741454, 'type': 'GRID_buy', 'hour': 1}]"
1,90,1.75,-0.012418279,0.3080276655132537,10,0.0,0.0,-0.07756061140165868,0.12455981584509676,Lingotto,1.0,1.0,0,2,0.11727923683251942,"[{'sender': 'Aggregator', 'receiver': 90, 'amount': 0.3204459249973297, 'price_per_kWh': 0.1231431986741454, 'type': 'GRID_buy', 'hour': 1}]"
1,91,1.0,-0.015449839,0.37083508647698377,10,0.0,0.0,-0.09596949548727789,0.12306761829476351,Lingotto,1.0,1.0,0,2,0.11727923683251942,"[{'sender': 'Aggregator', 'receiver': 91, 'amount': 0.3862849473953247, 'price_per_kWh': 0.1231431986741454, 'type': 'GRID_buy', 'hour': 1}]"
1,94,1.25,-0.015001962,0.2872233261180451,15,0.0,0.0,-0.0751779369281248,0.108874745591436,Lingotto,1.0,1.0,0,2,0.11727923683251942,"[{'sender': 'Aggregator', 'receiver': 94, 'amount': 0.3022252917289734, 'price_per_kWh': 0.1231431986741454, 'type': 'GRID_buy', 'hour': 1}]"
2,0,4.0,-0.003556734,0.3747853807844782,0,0.0,0.0,-0.15212977273676276,0.1237616933569938,Barriera_di_Milano,1.0,1.0,0,3,0.11409773547856936,"[{'sender': 'Aggregator', 'receiver': 0, 'amount': 0.3783421218395233, 'price_per_kWh': 0.11980262225249783, 'type': 'GRID_buy', 'hour': 2}]"
2,1,3.75,-0.0012882851,0.21175765513301925,10,0.0,0.0,-0.08162667434856156,0.11966350940820751,Barriera_di_Milano,1.0,1.0,0,3,0.11409773547856936,"[{'sender': 'Aggregator', 'receiver': 1, 'amount': 0.21304593980312347, 'price_per_kWh': 0.11980262225249783, 'type': 'GRID_buy', 'hour': 2}]"
2,26,4.0,-0.0028727446,0.4210821127912907,10,0.0,0.0,-0.15450469639030906,0.12449970436382175,Barriera_di_Milano,1.0,1.0,0,3,0.11409773547856936,"[{'sender': 'Aggregator', 'receiver': 26, 'amount': 0.4239548444747925, 'price_per_kWh': 0.11980262225249783, 'type': 'GRID_buy', 'hour': 2}]"
2,31,3.75,0.0018412889,0.44878921672951244,10,0.0,0.0,-0.15108267303599981,0.12311387496609266,Barriera_di_Milano,1.0,1.0,0,3,0.11409773547856936,"[{'sender': 'Aggregator', 'receiver': 31, 'amount': 0.44694793224334717, 'price_per_kWh': 0.11980262225249783, 'type': 'GRID_buy', 'hour': 2}]"
2,34,3.75,0.0018559402,0.18964896447943497,15,0.0,0.0,-0.07464923651235608,0.10843006578942334,Barriera_di_Milano,1.0,1.0,0,3,0.11409773547856936,"[{'sender': 'Aggregator', 'receiver': 34, 'amount': 0.18779303133487701, 'price_per_kWh': 0.11980262225249783, 'type': 'GRID_buy', 'hour': 2}]"
2,35,4.5,0.007321392,0.36148350531023593,15,0.0,0.0,-0.13304325873250666,0.10884663430359202,Barriera_di_Milano,1.0,1.0,0,3,0.11409773547856936,"[{'sender': 'Aggregator', 'receiver': 35, 'amount': 0.3541621267795563, 'price_per_kWh': 0.11980262225249783, 'type': 'GRID_buy', 'hour': 2}]"
2,38,3.75,0.0021753735,0.1558373220423371,15,0.0,0.0,-0.061017855012083254,0.11060548886784317,Barriera_di_Milano,1.0,1.0,0,3,0.11409773547856936,"[{'sender': 'Aggregator', 'receiver': 38, 'amount': 0.15366195142269135, 'price_per_kWh': 0.11980262225249783, 'type': 'GRID_buy', 'hour': 2}]"
2,46,3.75,0.0021854,0.3580493302792894,0,0.0,0.0,-0.12984992536595238,0.1097654475168391,Barriera_di_Milano,1.0,1.0,0,3,0.11409773547856936,"[{'sender': 'Aggregator', 'receiver': 46, 'amount': 0.35586392879486084, 'price_per_kWh': 0.11980262225249783, 'type': 'GRID_buy', 'hour': 2}]"
2,47,1.25,-0.017795337,0.3652785385100849,10,0.0,0.0,-0.1482048334562681,0.10961695464597458,Barriera_di_Milano,1.0,1.0,0,3,0.11409773547856936,"[{'sender': 'Aggregator', 'receiver': 47, 'amount': 0.3830738663673401, 'price_per_kWh': 0.11980262225249783, 'type': 'GRID_buy', 'hour': 2}]"
2,55,2.25,-0.012778271,0.18741538274526007,10,0.0,0.0,-0.06992565970461617,0.12416357928378297,Barriera_di_Milano,1.0,1.0,0,3,0.11409773547856936,"[{'sender': 'Aggregator', 'receiver': 55, 'amount': 0.2001936435699463, 'price_per_kWh': 0.11980262225249783, 'type': 'GRID_buy', 'hour': 2}]"
2,59,0.75,-0.02818913,0.3319127413862631,0,0.0,0.0,-0.1303329594566019,0.10482686862391809,Barriera_di_Milano,1.0,1.0,0,3,0.11409773547856936,"[{'sender': 'Aggregator', 'receiver': 59, 'amount': 0.3601018786430359, 'price_per_kWh': 0.11980262225249783, 'type': 'GRID_buy', 'hour': 2}]"
2,61,2.5,-0.0038250866,0.23011360118080018,0,0.0,0.0,-0.0866676180662682,0.1178954787840341,Barriera_di_Milano,1.0,1.0,0,3,0.11409773547856936,"[{'sender': 'Aggregator', 'receiver': 61, 'amount': 0.23393867909908295, 'price_per_kWh': 0.11980262225249783, 'type': 'GRID_buy', 'hour': 2}]"
2,65,3.25,0.006600516,0.19926274206146663,0,0.0,0.0,-0.07388599952406932,0.12315308780519213,Barriera_di_Milano,1.0,1.0,0,3,0.11409773547856936,"[{'sender': 'Aggregator', 'receiver': 65, 'amount': 0.19266222417354584, 'price_per_kWh': 0.11980262225249783, 'type': 'GRID_buy', 'hour': 2}]"
2,67,0.25,-0.031364,0.400308456634252,0,0.0,0.0,-0.1540113801476974,0.11366701109391193,Barriera_di_Milano,1.0,1.0,0,3,0.11409773547856936,"[{'sender': 'Aggregator', 'receiver': 67, 'amount': 0.43167245388031006, 'price_per_kWh': 0.11980262225249783, 'type': 'GRID_buy', 'hour': 2}]"
2,68,2.75,-0.010461172,0.19410308688545938,10,0.0,0.0,-0.06979826444554996,0.11923120432164845,Barriera_di_Milano,1.0,1.0,0,3,0.11409773547856936,"[{'sender': 'Aggregator', 'receiver': 68, 'amount': 0.20456425845623016, 'price_per_kWh': 0.11980262225249783, 'type': 'GRID_buy', 'hour': 2}]"
2,69,0.5,-0.031872917,0.15234597945997422,0,0.0,0.0,-0.06599612612640189,0.11401368690843941,Barriera_di_Milano,1.0,1.0,0,3,0.11409773547856936,"[{'sender': 'Aggregator', 'receiver': 69, 'amount': 0.1842188984155655, 'price_per_kWh': 0.11980262225249783, 'type': 'GRID_buy', 'hour': 2}]"
2,74,2.0,-0.020780206,0.36175273682462444,0,0.0,0.0,-0.1460485529845322,0.11978559281193188,Barriera_di_Milano,1.0,1.0,0,3,0.11409773547856936,"[{'sender': 'Aggregator', 'receiver': 74, 'amount': 0.3825329542160034, 'price_per_kWh': 0.11980262225249783, 'type': 'GRID_buy', 'hour': 2}]"
2,78,4.75,0.0019410722,0.2476865277240719,0,0.0,0.0,-0.09031011204603327,0.1151632016007293,Barriera_di_Milano,1.0,1.0,0,3,0.11409773547856936,"[{'sender': 'Aggregator', 'receiver': 78, 'amount': 0.2457454651594162, 'price_per_kWh': 0.11980262225249783, 'type': 'GRID_buy', 'hour': 2}]"
2,79,0.0,-0.03179522,0.20153300817062467,0,0.0,0.0,-0.08030867264001401,0.12397982680294357,Barriera_di_Milano,1.0,1.0,0,3,0.11409773547856936,"[{'sender': 'Aggregator', 'receiver': 79, 'amount': 0.2333282232284546, 'price_per_kWh': 0.11980262225249783, 'type': 'GRID_buy', 'hour': 2}]"
2,92,2.25,-0.012555087,0.35531766844361246,10,0.0,0.0,-0.1358375240784241,0.10316455194767883,Barriera_di_Milano,1.0,1.0,0,3,0.11409773547856936,"[{'sender': 'Aggregator', 'receiver': 92, 'amount': 0.36787277460098267, 'price_per_kWh': 0.11980262225249783, 'type': 'GRID_buy', 'hour': 2}]"
2,93,0.75,-0.027662026,0.18599860375448324,10,0.0,0.0,-0.07304877802775811,0.12529651600399305,Barriera_di_Milano,1.0,1.0,0,3,0.11409773547856936,"[{'sender': 'Aggregator', 'receiver': 93, 'amount': 0.21366062760353088, 'price_per_kWh': 0.11980262225249783, 'type': 'GRID_buy', 'hour': 2}]"
2,98,3.25,0.0071297055,0.2615177091160261,15,0.0,0.0,-0.10240337932823702,0.10325314065469954,Barriera_di_Milano,1.0,1.0,0,3,0.11409773547856936,"[{'sender': 'Aggregator', 'receiver': 98, 'amount': 0.2543880045413971, 'price_per_kWh': 0.11980262225249783, 'type': 'GRID_buy', 'hour': 2}]"
2,3,0.25,-0.03779376,0.28582278286871654,0,0.0,0.0,-0.11075670708846794,0.12038989544402676,San_Salvario,1.0,1.0,0,3,0.11409773547856936,"[{'sender': 'Aggregator', 'receiver': 3, 'amount': 0.32361653447151184, 'price_per_kWh': 0.11980262225249783, 'type': 'GRID_buy', 'hour': 2}]"
2,5,2.75,-0.0141969025,0.2197074382464747,15,0.0,0.0,-0.08742176716253425,0.11239126345068161,San_Salvario,1.0,1.0,0,3,0.11409773547856936,"[{'sender': 'Aggregator', 'receiver': 5, 'amount': 0.23390434682369232, 'price_per_kWh': 0.11980262225249783, 'type': 'GRID_buy', 'hour': 2}]"
2,9,1.75,-0.020958463,0.2753799892361577,0,0.0,0.0,-0.09578220325396214,0.10424848660215948,San_Salvario,1.0,1.0,0,3,0.11409773547856936,"[{'sender': 'Aggregator', 'receiver': 9, 'amount': 0.29633843898773193, 'price_per_kWh': 0.11980262225249783, 'type': 'GRID_buy', 'hour': 2}]"
2,11,2.25,-0.022488588,0.27904905794567886,10,0.0,0.0,-0.0988087810601088,0.1042214396328344,San_Salvario,1.0,1.0,0,3,0.11409773547856936,"[{'sender': 'Aggregator', 'receiver': 11, 'amount': 0.3015376627445221, 'price_per_kWh': 0.11980262225249783, 'type': 'GRID_buy', 'hour': 2}]"
2,12,0.75,-0.034429584,0.3819491371604908,10,0.0,0.0,-0.14562885295334457,0.11293316004674031,San_Salvario,1.0,1.0,0,3,0.11409773547856936,"[{'sender': 'Aggregator', 'receiver': 12, 'amount': 0.4163787066936493, 'price_per_kWh': 0.11980262225249783, 'type': 'GRID_buy', 'hour': 2}]"
2,13,4.5,-0.00020406836,0.19119367324825026,0,0.0,0.0,-0.06822859886618163,0.10386499104809499,San_Salvario,1.0,1.0,0,3,0.11409773547856936,"[{'sender': 'Aggregator', 'receiver': 13, 'amount': 0.1913977414369583, 'price_per_kWh': 0.11980262225249783, 'type': 'GRID_buy', 'hour': 2}]"
2,21,0.0,-0.03858388,0.47003868338199895,15,0.0,0.0,-0.18250544006811414,0.10333625036030235,San_Salvario,1.0,1.0,0,3,0.11409773547856936,"[{'sender': 'Aggregator', 'receiver': 21, 'amount': 0.5086225867271423, 'price_per_kWh': 0.11980262225249783, 'type': 'GRID_buy', 'hour': 2}]"
2,24,2.25,-0.020218005,0.4023183510059828,15,0.0,0.0,-0.14326508612305522,0.12129792717959433,San_Salvario,1.0,1.0,0,3,0.11409773547856936,"[{'sender': 'Aggregator', 'receiver': 24, 'amount': 0.42253637313842773, 'price_per_kWh': 0.11980262225249783, 'type': 'GRID_buy', 'hour': 2}]"
2,28,3.25,0.0038295134,0.2409139264494077,10,0.0,0.0,-0.08910234929115607,0.11114489226404886,San_Salvario,1.0,1.0,0,3,0.11409773547856936,"[{'sender': 'Aggregator', 'receiver': 28, 'amount': 0.23708441853523254, 'price_per_kWh': 0.11980262225249783, 'type': 'GRID_buy', 'hour': 2}]"
2,33,0.5,-0.037609812,0.2004985303533788,15,0.0,0.0,-0.08477051258093843,0.11400651629149014,San_Salvario,1.0,1.0,0,3,0.11409773547856936,"[{'sender': 'Aggregator', 'receiver': 33, 'amount': 0.23810835182666779, 'price_per_kWh': 0.11980262225249783, 'type': 'GRID_buy', 'hour': 2}]"
2,36,1.75,-0.021287479,0.3245999445043465,10,0.0,0.0,-0.13094116929870317,0.1114161107140157,San_Salvario,1.0,1.0,0,3,0.11409773547856936,"[{'sender': 'Aggregator', 'receiver': 36, 'amount': 0.3458874225616455, 'price_per_kWh': 0.11980262225249783, 'type': 'GRID_buy', 'hour': 2}]"
2,40,2.75,-0.013339793,0.29716639550579044,15,0.0,0.0,-0.10621505584843347,0.10820623422065602,San_Salvario,1.0,1.0,0,3,0.11409773547856936,"[{'sender': 'Aggregator', 'receiver': 40, 'amount': 0.3105061948299408, 'price_per_kWh': 0.11980262225249783, 'type': 'GRID_buy', 'hour': 2}]"
2,43,2.25,-0.017325995,0.15355833871500038,15,0.0,0.0,-0.06550711178632992,0.1216950744534134,San_Salvario,1.0,1.0,0,3,0.11409773547856936,"[{'sender': 'Aggregator', 'receiver': 43, 'amount': 0.17088434100151062, 'price_per_kWh': 0.11980262225249783, 'type': 'GRID_buy', 'hour': 2}]"
2,44,3.25,-0.0024702258,0.37797332762803515,10,0.0,0.0,-0.14144636051623213,0.116846888365899,San_Salvario,1.0,1.0,0,3,0.11409773547856936,"[{'sender': 'Aggregator', 'receiver': 44, 'amount': 0.3804435431957245, 'price_per_kWh': 0.11980262225249783, 'type': 'GRID_buy', 'hour': 2}]"
2,50,1.25,-0.022863507,0.1789021460203416,10,0.0,0.0,-0.0698438583379824,0.10534988292351026,San_Salvario,1.0,1.0,0,3,0.11409773547856936,"[{'sender': 'Aggregator', 'receiver': 50, 'amount': 0.20176565647125244, 'price_per_kWh': 0.11980262225249783, 'type': 'GRID_buy', 'hour': 2}]"
2,52,2.75,-0.014281651,0.20886882485291683,10,0.0,0.0,-0.07954114906205415,0.10733010490366257,San_Salvario,1.0,1.0,0,3,0.11409773547856936,"[{'sender': 'Aggregator', 'receiver': 52, 'amount': 0.22315047681331635, 'price_per_kWh': 0.11980262225249783, 'type': 'GRID_buy', 'hour': 2}]"
2,56,0.5,-0.0385515,0.30421527288967476,15,0.0,0.0,-0.1335489060839346,0.12451132438622654,San_Salvario,1.0,1.0,0,3,0.11409773547856936,"[{'sender': 'Aggregator', 'receiver': 56, 'amount': 0.34276679158210754, 'price_per_kWh': 0.11980262225249783, 'type': 'GRID_buy', 'hour': 2}]"
2,71,4.25,-0.011164969,0.20713467662944537,10,0.0,0.0,-0.0765794537439948,0.11006454574406749,San_Salvario,1.0,1.0,0,3,0.11409773547856936,"[{'sender': 'Aggregator', 'receiver': 71, 'amount': 0.21829964220523834, 'price_per_kWh': 0.11980262225249783, 'type': 'GRID_buy', 'hour': 2}]"
2,75,0.75,-0.03289493,0.15899092670092163,0,0.0,0.0,-0.06402088485950908,0.12335474719376847,San_Salvario,1.0,1.0,0,3,0.11409773547856936,"[{'sender': 'Aggregator', 'receiver': 75, 'amount': 0.19188585877418518, 'price_per_kWh': 0.11980262225249783, 'type': 'GRID_buy', 'hour': 2}]"
2,95,1.75,-0.022477537,0.3006351254728613,0,0.0,0.0,-0.124773034288013,0.11424566125478004,San_Salvario,1.0,1.0,0,3,0.11409773547856936,"[{'sender': 'Aggregator', 'receiver': 95, 'amount': 0.3231126666069031, 'price_per_kWh': 0.11980262225249783, 'type': 'GRID_buy', 'hour': 2}]"
2,96,1.25,-0.026002813,0.17671251400190346,15,0.0,0.0,-0.07405649573421592,0.11933106914108658,San_Salvario,1.0,1.0,0,3,0.11409773547856936,"[{'sender': 'Aggregator', 'receiver': 96, 'amount': 0.20271532237529755, 'price_per_kWh': 0.11980262225249783, 'type': 'GRID_buy', 'hour': 2}]"
2,4,0.0,-0.037778333,0.33266951214737456,15,0.0,0.0,-0.13363256235789361,0.12212596859885917,San_Donato,1.0,1.0,0,3,0.11409773547856936,"[{'sender': 'Aggregator', 'receiver': 4, 'amount': 0.37044787406921387, 'price_per_kWh': 0.11980262225249783, 'type': 'GRID_buy', 'hour': 2}]"
2,14,2.5,-0.0041573844,0.38350855680585094,0,0.0,0.0,-0.14173161282828003,0.11353833354605193,San_Donato,1.0,1.0,0,3,0.11409773547856936,"[{'sender': 'Aggregator', 'receiver': 14, 'amount': 0.3876659572124481, 'price_per_kWh': 0.11980262225249783, 'type': 'GRID_buy', 'hour': 2}]"
2,17,1.25,-0.0198537,0.27351600494999323,10,0.0,0.0,-0.10324708510428982,0.12471220402860536,San_Donato,1.0,1.0,0,3,0.11409773547856936,"[{'sender': 'Aggregator', 'receiver': 17, 'amount': 0.29336971044540405, 'price_per_kWh': 0.11980262225249783, 'type': 'GRID_buy', 'hour': 2}]"
2,18,1.25,-0.021983648,0.3825096382556441,15,0.0,0.0,-0.14531309740592852,0.10449938081438132,San_Donato,1.0,1.0,0,3,0.11409773547856936,"[{'sender': 'Aggregator', 'receiver': 18, 'amount': 0.4044933021068573, 'price_per_kWh': 0.11980262225249783, 'type': 'GRID_buy', 'hour': 2}]"
2,22,2.0,-0.021296158,0.42595317926344,10,0.0,0.0,-0.15522807493454227,0.12511360217836145,San_Donato,1.0,1.0,0,3,0.11409773547856936,"[{'sender': 'Aggregator', 'receiver': 22, 'amount': 0.4472493529319763, 'price_per_kWh': 0.11980262225249783, 'type': 'GRID_buy', 'hour': 2}]"
2,29,2.0,-0.020866493,0.1478456873165898,10,0.0,0.0,-0.06512598543522038,0.11092876418428708,San_Donato,1.0,1.0,0,3,0.11409773547856936,"[{'sender': 'Aggregator', 'receiver': 29, 'amount': 0.16871218383312225, 'price_per_kWh': 0.11980262225249783, 'type': 'GRID_buy', 'hour': 2}]"
2,30,2.5,-0.006850909,0.27815312131773995,10,0.0,0.0,-0.10328954094924125,0.10622931227880153,San_Donato,1.0,1.0,0,3,0.11409773547856936,"[{'sender': 'Aggregator', 'receiver': 30, 'amount': 0.28500401973724365, 'price_per_kWh': 0.11980262225249783, 'type': 'GRID_buy', 'hour': 2}]"
2,39,3.25,0.0090525355,0.47560953230946046,15,0.0,0.0,-0.1632940771028415,0.10569403631621127,San_Donato,1.0,1.0,0,3,0.11409773547856936,"[{'sender': 'Aggregator', 'receiver': 39, 'amount': 0.46655699610710144, 'price_per_kWh': 0.11980262225249783, 'type': 'GRID_buy', 'hour': 2}]"
2,45,4.5,0.0037394483,0.40608897615249984,15,0.0,0.0,-0.14205460522288704,0.10477938636394224,San_Donato,1.0,1.0,0,3,0.11409773547856936,"[{'sender': 'Aggregator', 'receiver': 45, 'amount': 0.4023495316505432, 'price_per_kWh': 0.11980262225249783, 'type': 'GRID_buy', 'hour': 2}]"
2,53,4.25,-0.0008708701,0.38993786905400474,0,0.0,0.0,-0.14506246866428602,0.12193615719724901,San_Donato,1.0,1.0,0,3,0.11409773547856936,"[{'sender': 'Aggregator', 'receiver': 53, 'amount': 0.39080876111984253, 'price_per_kWh': 0.11980262225249783, 'type': 'GRID_buy', 'hour': 2}]"
2,54,0.75,-0.03300014,0.3401887780483969,10,0.0,0.0,-0.131878639554573,0.10857711623838157,San_Donato,1.0,1.0,0,3,0.11409773547856936,"[{'sender': 'Aggregator', 'receiver': 54, 'amount': 0.37318891286849976, 'price_per_kWh': 0.11980262225249783, 'type': 'GRID_buy', 'hour': 2}]"
2,57,2.25,-0.014857143,0.3056626653003075,10,0.0,0.0,-0.10493539463710913,0.10407965083378756,San_Donato,1.0,1.0,0,3,0.11409773547856936,"[{'sender': 'Aggregator', 'receiver': 57, 'amount': 0.3205198049545288, 'price_per_kWh': 0.11980262225249783, 'type': 'GRID_buy', 'hour': 2}]"
2,58,3.0,-0.015287202,0.439259442486438,0,0.0,0.0,-0.16589964667841275,0.12391584530328559,San_Donato,1.0,1.0,0,3,0.11409773547856936,"[{'sender': 'Aggregator', 'receiver': 58, 'amount': 0.45454663038253784, 'price_per_kWh': 0.11980262225249783, 'type': 'GRID_buy', 'hour': 2}]"
2,63,0.75,-0.032101437,0.4186465483869686,10,0.0,0.0,-0.1730692293474546,0.11195845526517718,San_Donato,1.0,1.0,0,3,0.11409773547856936,"[{'sender': 'Aggregator', 'receiver': 63, 'amount': 0.4507479667663574, 'price_per_kWh': 0.11980262225249783, 'type': 'GRID_buy', 'hour': 2}]"
2,66,1.5,-0.019946927,0.20024535408502878,0,0.0,0.0,-0.0807245869616834,0.12211069562376103,San_Donato,1.0,1.0,0,3,0.11409773547856936,"[{'sender': 'Aggregator', 'receiver': 66, 'amount': 0.22019228339195251, 'price_per_kWh': 0.11980262225249783, 'type': 'GRID_buy', 'hour': 2}]"
2,72,2.5,-0.006850909,0.18409967105458536,0,0.0,0.0,-0.06531219018500996,0.11918174962275442,San_Donato,1.0,1.0,0,3,0.11409773547856936,"[{'sender': 'Aggregator', 'receiver': 72, 'amount': 0.19095058739185333, 'price_per_kWh': 0.11980262225249783, 'type': 'GRID_buy', 'hour': 2}]"
2,77,4.0,-0.003102349,0.18695360536232053,0,0.0,0.0,-0.06835636106972051,0.11091695344308945,San_Donato,1.0,1.0,0,3,0.11409773547856936,"[{'sender': 'Aggregator', 'receiver': 77, 'amount': 0.1900559514760971, 'price_per_kWh': 0.11980262225249783, 'type': 'GRID_buy', 'hour': 2}]"
2,80,2.25,-0.017968204,0.18213183540767733,0,0.0,0.0,-0.0728789149187313,0.12078212190739473,San_Donato,1.0,1.0,0,3,0.11409773547856936,"[{'sender': 'Aggregator', 'receiver': 80, 'amount': 0.20010004937648773, 'price_per_kWh': 0.11980262225249783, 'type': 'GRID_buy', 'hour': 2}]"
2,81,0.5,-0.038156994,0.3610334936784176,0,0.0,0.0,-0.1518010314218618,0.10458652351650476,San_Donato,1.0,1.0,0,3,0.11409773547856936,"[{'sender': 'Aggregator', 'receiver': 81, 'amount': 0.3991904854774475, 'price_per_kWh': 0.11980262225249783, 'type': 'GRID_buy', 'hour': 2}]"
2,99,1.25,-0.022016233,0.3716655103787697,0,0.0,0.0,-0.1430726804695547,0.11141544414008772,San_Donato,1.0,1.0,0,3,0.11409773547856936,"[{'sender': 'Aggregator', 'receiver': 99, 'amount': 0.39368173480033875, 'price_per_kWh': 0.11980262225249783, 'type': 'GRID_buy', 'hour': 2}]"
2,2,0.5,-0.03831556,0.15741606639430547,0,0.0,0.0,-0.0691486296972727,0.1059439079431432,Centro,1.0,1.0,0,3,0.11409773547856936,"[{'sender': 'Aggregator', 'receiver': 2, 'amount': 0.19573162496089935, 'price_per_kWh': 0.11980262225249783, 'type': 'GRID_buy', 'hour': 2}]"
2,6,4.5,-0.0008750454,0.40067737004321907,0,0.0,0.0,-0.1475578677231018,0.10645126383651772,Centro,1.0,1.0,0,3,0.11409773547856936,"[{'sender': 'Aggregator', 'receiver': 6, 'amount': 0.4015524387359619, 'price_per_kWh': 0.11980262225249783, 'type': 'GRID_buy', 'hour': 2}]"
2,10,1.5,-0.02087731,0.16788162381434532,15,0.0,0.0,-0.06679948917122762,0.12447829662708597,Centro,1.0,1.0,0,3,0.11409773547856936,"[{'sender': 'Aggregator', 'receiver': 10, 'amount': 0.1887589395046234, 'price_per_kWh': 0.11980262225249783, 'type': 'GRID_buy', 'hour': 2}]"
2,15,1.0,-0.029092804,0.4001692042214295,15,0.0,0.0,-0.16725615035593303,0.1136169472391434,Centro,1.0,1.0,0,3,0.11409773547856936,"[{'sender': 'Aggregator', 'receiver': 15, 'amount': 0.4292619824409485, 'price_per_kWh': 0.11980262225249783, 'type': 'GRID_buy', 'hour': 2}]"
2,23,2.75,-0.013788687,0.345711459465416,15,0.0,0.0,-0.12760567169712195,0.11748190122939146,Centro,1.0,1.0,0,3,0.11409773547856936,"[{'sender': 'Aggregator', 'receiver': 23, 'amount': 0.3595001697540283, 'price_per_kWh': 0.11980262225249783, 'type': 'GRID_buy', 'hour': 2}]"
2,25,3.25,0.0036455381,0.31145613962088703,10,0.0,0.0,-0.12223505045045979,0.1183931024059776,Centro,1.0,1.0,0,3,0.11409773547856936,"[{'sender': 'Aggregator', 'receiver': 25, 'amount': 0.30781060457229614, 'price_per_kWh': 0.11980262225249783, 'type': 'GRID_buy', 'hour': 2}]"
2,37,4.5,-0.0003601244,0.3447393991027037,10,0.0,0.0,-0.1283457863349986,0.11661722943549528,Centro,1.0,1.0,0,3,0.11409773547856936,"[{'sender': 'Aggregator', 'receiver': 37, 'amount': 0.345099538564682, 'price_per_kWh': 0.11980262225249783, 'type': 'GRID_buy', 'hour': 2}]"
2,60,4.25,-0.0064101657,0.17109162679667325,15,0.0,0.0,-0.06243049000364255,0.1033490947733068,Centro,1.0,1.0,0,3,0.11409773547856936,"[{'sender': 'Aggregator', 'receiver': 60, 'amount': 0.17750179767608643, 'price_per_kWh': 0.11980262225249783, 'type': 'GRID_buy', 'hour': 2}]"
2,62,2.25,-0.017219404,0.3223625584515535,15,0.0,0.0,-0.12728168207987284,0.1110928266494395,Centro,1.0,1.0,0,3,0.11409773547856936,"[{'sender': 'Aggregator', 'receiver': 62, 'amount': 0.3395819664001465, 'price_per_kWh': 0.11980262225249783, 'type': 'GRID_buy', 'hour': 2}]"
2,73,2.25,-0.016676053,0.31324878088888997,10,0.0,0.0,-0.114676970518173,0.11302752138483199,Centro,1.0,1.0,0,3,0.11409773547856936,"[{'sender': 'Aggregator', 'receiver': 73, 'amount': 0.3299248218536377, 'price_per_kWh': 0.11980262225249783, 'type': 'GRID_buy', 'hour': 2}]"
2,85,2.0,-0.024456892,0.19391550125005172,15,0.0,0.0,-0.07665039843732475,0.11417683745836413,Centro,1.0,1.0,0,3,0.11409773547856936,"[{'sender': 'Aggregator', 'receiver': 85, 'amount': 0.2183723896741867, 'price_per_kWh': 0.11980262225249783, 'type': 'GRID_buy', 'hour': 2}]"
2,87,3.5,-0.008269912,0.3655637847191824,0,0.0,0.0,-0.1455131926415807,0.10988143895706089,Centro,1.0,1.0,0,3,0.11409773547856936,"[{'sender': 'Aggregator', 'receiver': 87, 'amount': 0.37383368611335754, 'price_per_kWh': 0.11980262225249783, 'type': 'GRID_buy', 'hour': 2}]"
2,88,2.5,-0.0068094837,0.3637469809710321,10,0.0,0.0,-0.13837620235435935,0.12245847989416629,Centro,1.0,1.0,0,3,0.11409773547856936,"[{'sender': 'Aggregator', 'receiver': 88, 'amount': 0.37055644392967224, 'price_per_kWh': 0.11980262225249783, 'type': 'GRID_buy', 'hour': 2}]"
2,89,4.75,-0.005772437,0.41349576182923314,0,0.0,0.0,-0.16553041918376843,0.11276802945997365,Centro,1.0,1.0,0,3,0.11409773547856936,"[{'sender': 'Aggregator', 'receiver': 89, 'amount': 0.4192681908607483, 'price_per_kWh': 0.11980262225249783, 'type': 'GRID_buy', 'hour': 2}]"
2,97,3.0,-0.01894281,0.42433374718391137,15,0.0,0.0,-0.15579827395472134,0.10737317661579622,Centro,1.0,1.0,0,3,0.11409773547856936,"[{'sender': 'Aggregator', 'receiver': 97, 'amount': 0.4432765543460846, 'price_per_kWh': 0.11980262225249783, 'type': 'GRID_buy', 'hour': 2}]"
2,7,4.25,-0.0064331004,0.20468101429825383,0,0.0,0.0,-0.0779742481240132,0.10448397991744889,Lingotto,1.0,1.0,0,3,0.11409773547856936,"[{'sender': 'Aggregator', 'receiver': 7, 'amount': 0.21111410856246948, 'price_per_kWh': 0.11980262225249783, 'type': 'GRID_buy', 'hour': 2}]"
2,8,3.25,0.008302258,0.23997876539832455,15,0.0,0.0,-0.08233309593165815,0.11777492983246017,Lingotto,1.0,1.0,0,3,0.11409773547856936,"[{'sender': 'Aggregator', 'receiver': 8, 'amount': 0.23167650401592255, 'price_per_kWh': 0.11980262225249783, 'type': 'GRID_buy', 'hour': 2}]"
2,16,0.0,-0.038797937,0.42938210379007163,0,0.0,0.0,-0.16663622989468882,0.11218310948003338,Lingotto,1.0,1.0,0,3,0.11409773547856936,"[{'sender': 'Aggregator', 'receiver': 16, 'amount': 0.4681800603866577, 'price_per_kWh': 0.11980262225249783, 'type': 'GRID_buy', 'hour': 2}]"
2,19,4.25,-0.0022445542,0.2695338123184713,10,0.0,0.0,-0.09392583711841546,0.12265184338296006,Lingotto,1.0,1.0,0,3,0.11409773547856936,"[{'sender': 'Aggregator', 'receiver': 19, 'amount': 0.2717783749103546, 'price_per_kWh': 0.11980262225249783, 'type': 'GRID_buy', 'hour': 2}]"
2,20,0.5,-0.03958731,0.1574485889745501,0,0.0,0.0,-0.07073073825148146,0.12399828547983312,Lingotto,1.0,1.0,0,3,0.11409773547856936,"[{'sender': 'Aggregator', 'receiver': 20, 'amount': 0.19703590869903564, 'price_per_kWh': 0.11980262225249783, 'type': 'GRID_buy', 'hour': 2}]"
2,27,4.25,-0.006936835,0.29914341229464086,0,0.0,0.0,-0.10253814839857919,0.10762976793928307,Lingotto,1.0,1.0,0,3,0.11409773547856936,"[{'sender': 'Aggregator', 'receiver': 27, 'amount': 0.30608025193214417, 'price_per_kWh': 0.11980262225249783, 'type': 'GRID_buy', 'hour': 2}]"
2,32,2.25,-0.014400493,0.2503475279354321,0,0.0,0.0,-0.09487189034825666,0.1166760039293237,Lingotto,1.0,1.0,0,3,0.11409773547856936,"[{'sender': 'Aggregator', 'receiver': 32, 'amount': 0.2647480070590973, 'price_per_kWh': 0.11980262225249783, 'type': 'GRID_buy', 'hour': 2}]"
2,41,0.75,-0.03325955,0.16988288463308124,0,0.0,0.0,-0.06796979642134066,0.12498985756096667,Lingotto,1.0,1.0,0,3,0.11409773547856936,"[{'sender': 'Aggregator', 'receiver': 41, 'amount': 0.2031424343585968, 'price_per_kWh': 0.11980262225249783, 'type': 'GRID_buy', 'hour': 2}]"
2,42,4.0,-0.0023251367,0.3987554622473076,15,0.0,0.0,-0.15635590936166444,0.10963885464684271,Lingotto,1.0,1.0,0,3,0.11409773547856936,"[{'sender': 'Aggregator', 'receiver': 42, 'amount': 0.4010806083679199, 'price_per_kWh': 0.11980262225249783, 'type': 'GRID_buy', 'hour': 2}]"
2,48,4.5,0.0027790356,0.2668793879441678,0,0.0,0.0,-0.09022042542235964,0.11902717733380282,Lingotto,1.0,1.0,0,3,0.11409773547856936,"[{'sender': 'Aggregator', 'receiver': 48, 'amount': 0.2641003429889679, 'price_per_kWh': 0.11980262225249783, 'type': 'GRID_buy', 'hour': 2}]"
2,49,0.5,-0.03774194,0.23434659497305188,10,0.0,0.0,-0.0971859034271488,0.11025093568250158,Lingotto,1.0,1.0,0,3,0.11409773547856936,"[{'sender': 'Aggregator', 'receiver': 49, 'amount': 0.27208852767944336, 'price_per_kWh': 0.11980262225249783, 'type': 'GRID_buy', 'hour': 2}]"
2,51,0.25,-0.038797937,0.39360104301573334,0,0.0,0.0,-0.15415989072226585,0.11510395816544275,Lingotto,1.0,1.0,0,3,0.11409773547856936,"[{'sender': 'Aggregator', 'receiver': 51, 'amount': 0.4323989748954773, 'price_per_kWh': 0.11980262225249783, 'type': 'GRID_buy', 'hour': 2}]"
2,64,0.5,-0.037865844,0.4052832524670073,10,0.0,0.0,-0.15950630226019946,0.10947053570800942,Lingotto,1.0,1.0,0,3,0.11409773547856936,"[{'sender': 'Aggregator', 'receiver': 64, 'amount': 0.4431490898132324, 'price_per_kWh': 0.11980262225249783, 'type': 'GRID_buy', 'hour': 2}]"
2,70,2.0,-0.020390883,0.34013442160807983,10,0.0,0.0,-0.13539305980688948,0.10749274958384282,Lingotto,1.0,1.0,0,3,0.11409773547856936,"[{'sender': 'Aggregator', 'receiver': 70, 'amount': 0.36052531003952026, 'price_per_kWh': 0.11980262225249783, 'type': 'GRID_buy', 'hour': 2}]"
2,76,3.5,-0.008558977,0.38213190076946557,15,0.0,0.0,-0.15583609652381203,0.1102430654669604,Lingotto,1.0,1.0,0,3,0.11409773547856936,"[{'sender': 'Aggregator', 'receiver': 76, 'amount': 0.3906908929347992, 'price_per_kWh': 0.11980262225249783, 'type': 'GRID_buy', 'hour': 2}]"
2,82,0.25,-0.039184093,0.3555933598379832,0,0.0,0.0,-0.1410097832140204,0.11945066597017234,Lingotto,1.0,1.0,0,3,0.11409773547856936,"[{'sender': 'Aggregator', 'receiver': 82, 'amount': 0.39477744698524475, 'price_per_kWh': 0.11980262225249783, 'type': 'GRID_buy', 'hour': 2}]"
2,83,4.5,-0.0016585448,0.22822404186655407,0,0.0,0.0,-0.07864562111452358,0.10676610071398684,Lingotto,1.0,1.0,0,3,0.11409773547856936,"[{'sender': 'Aggregator', 'receiver': 83, 'amount': 0.22988258302211761, 'price_per_kWh': 0.11980262225249783, 'type': 'GRID_buy', 'hour': 2}]"
2,84,1.25,-0.023678092,0.27287519474261,15,0.0,0.0,-0.10515567461318912,0.10788262189625002,Lingotto,1.0,1.0,0,3,0.11409773547856936,"[{'sender': 'Aggregator', 'receiver': 84, 'amount': 0.29655328392982483, 'price_per_kWh': 0.11980262225249783, 'type': 'GRID_buy', 'hour': 2}]"
2,86,3.25,0.008302258,0.37756311076550714,15,0.0,0.0,-0.14700217269379673,0.12046758774632874,Lingotto,1.0,1.0,0,3,0.11409773547856936,"[{'sender': 'Aggregator', 'receiver': 86, 'amount': 0.36926084756851196, 'price_per_kWh': 0.11980262225249783, 'type': 'GRID_buy', 'hour': 2}]"
2,90,1.75,-0.021773051,0.31101804643668646,10,0.0,0.0,-0.117429856647315,0.10921356617922451,Lingotto,1.0,1.0,0,3,0.11409773547856936,"[{'sender': 'Aggregator', 'receiver': 90, 'amount': 0.3327910900115967, 'price_per_kWh': 0.11980262225249783, 'type': 'GRID_buy', 'hour': 2}]"
2,91,1.0,-0.02509999,0.3828204710603023,10,0.0,0.0,-0.14483943506436064,0.1165048904591061,Lingotto,1.0,1.0,0,3,0.11409773547856936,"[{'sender': 'Aggregator', 'receiver': 91, 'amount': 0.4079204499721527, 'price_per_kWh': 0.11980262225249783, 'type': 'GRID_buy', 'hour': 2}]"
2,94,1.25,-0.023554193,0.27170458433538824,15,0.0,0.0,-0.11055071424372528,0.11607180486610232,Lingotto,1.0,1.0,0,3,0.11409773547856936,"[{'sender': 'Aggregator', 'receiver': 94, 'amount': 0.2952587902545929, 'price_per_kWh': 0.11980262225249783, 'type': 'GRID_buy', 'hour': 2}]"
3,0,4.0,-0.002179065,0.37760189413089473,0,0.0,0.0,-0.19728230206328384,0.11063153844405131,Barriera_di_Milano,1.0,1.0,0,4,0.11322950529906235,"[{'sender': 'Aggregator', 'receiver': 0, 'amount': 0.37978094816207886, 'price_per_kWh': 0.11889098056401548, 'type': 'GRID_buy', 'hour': 3}]"
3,1,3.75,0.005464506,0.2088182282809967,10,0.0,0.0,-0.10580359727378479,0.10532212001264692,Barriera_di_Milano,1.0,1.0,0,4,0.11322950529906235,"[{'sender': 'Aggregator', 'receiver': 1, 'amount': 0.20335371792316437, 'price_per_kWh': 0.11889098056401548, 'type': 'GRID_buy', 'hour': 3}]"
3,26,4.0,-0.0019328267,0.39689205071103517,10,0.0,0.0,-0.20192137632764218,0.10845384498699219,Barriera_di_Milano,1.0,1.0,0,4,0.11322950529906235,"[{'sender': 'Aggregator', 'receiver': 26, 'amount': 0.39882487058639526, 'price_per_kWh': 0.11889098056401548, 'type': 'GRID_buy', 'hour': 3}]"
3,31,3.75,0.007883795,0.4619299777399158,10,0.0,0.0,-0.20506466976089396,0.11528003356749791,Barriera_di_Milano,1.0,1.0,0,4,0.11322950529906235,"[{'sender': 'Aggregator', 'receiver': 31, 'amount': 0.45404618978500366, 'price_per_kWh': 0.11889098056401548, 'type': 'GRID_buy', 'hour': 3}]"
3,34,3.75,0.007898444,0.22274357079273593,15,0.0,0.0,-0.10019238360636354,0.10267695455706813,Barriera_di_Milano,1.0,1.0,0,4,0.11322950529906235,"[{'sender': 'Aggregator', 'receiver': 34, 'amount': 0.21484512090682983, 'price_per_kWh': 0.11889098056401548, 'type': 'GRID_buy', 'hour': 3}]"
3,35,4.5,0.011013789,0.32828178530623414,15,0.0,0.0,-0.1707635640131148,0.11963929902686299,Barriera_di_Milano,1.0,1.0,0,4,0.11322950529906235,"[{'sender': 'Aggregator', 'receiver': 35, 'amount': 0.3172680139541626, 'price_per_kWh': 0.11889098056401548, 'type': 'GRID_buy', 'hour': 3}]"
3,38,3.75,0.008428078,0.16856846389157576,15,0.0,0.0,-0.0800571018494847,0.11770175241308016,Barriera_di_Milano,1.0,1.0,0,4,0.11322950529906235,"[{'sender': 'Aggregator', 'receiver': 38, 'amount': 0.16014038026332855, 'price_per_kWh': 0.11889098056401548, 'type': 'GRID_buy', 'hour': 3}]"
3,46,3.75,0.008438105,0.4236573316159127,0,0.0,0.0,-0.17921574528816758,0.10863406169027726,Barriera_di_Milano,1.0,1.0,0,4,0.11322950529906235,"[{'sender': 'Aggregator', 'receiver': 46, 'amount': 0.4152192175388336, 'price_per_kWh': 0.11889098056401548, 'type': 'GRID_buy', 'hour': 3}]"
3,47,1.25,-0.027120337,0.4190709573867494,10,0.0,0.0,-0.2012529559262401,0.11095806787173088,Barriera_di_Milano,1.0,1.0,0,4,0.11322950529906235,"[{'sender': 'Aggregator', 'receiver': 47, 'amount': 0.44619131088256836, 'price_per_kWh': 0.11889098056401548, 'type': 'GRID_buy', 'hour': 3}]"
3,55,2.25,-0.006378076,0.18394836901156164,10,0.0,0.0,-0.09255375646889934,0.12257209820931335,Barriera_di_Milano,1.0,1.0,0,4,0.11322950529906235,"[{'sender': 'Aggregator', 'receiver': 55, 'amount': 0.19032643735408783, 'price_per_kWh': 0.11889098056401548, 'type': 'GRID_buy', 'hour': 3}]"
3,59,0.75,-0.04397914,0.36179787077856046,0,0.0,0.0,-0.17857618574975084,0.12242950487145324,Barriera_di_Milano,1.0,1.0,0,4,0.11322950529906235,"[{'sender': 'Aggregator', 'receiver': 59, 'amount': 0.4057770073413849, 'price_per_kWh': 0.11889098056401548, 'type': 'GRID_buy', 'hour': 3}]"
3,61,2.5,0.0025751237,0.2538432484241774,0,0.0,0.0,-0.1165411310734657,0.11512647087841404,Barriera_di_Milano,1.0,1.0,0,4,0.11322950529906235,"[{'sender': 'Aggregator', 'receiver': 61, 'amount': 0.2512681186199188, 'price_per_kWh': 0.11889098056401548, 'type': 'GRID_buy', 'hour': 3}]"
3,65,3.25,0.0125471745,0.2092353013402601,0,0.0,0.0,-0.09727044245265788,0.11552183867633993,Barriera_di_Milano,1.0,1.0,0,4,0.11322950529906235,"[{'sender': 'Aggregator', 'receiver': 65, 'amount': 0.19668811559677124, 'price_per_kWh': 0.11889098056401548, 'type': 'GRID_buy', 'hour': 3}]"
3,67,0.25,-0.055151366,0.3690446841958266,0,0.0,0.0,-0.20444446620419343,0.11495863590078012,Barriera_di_Milano,1.0,1.0,0,4,0.11322950529906235,"[{'sender': 'Aggregator', 'receiver': 67, 'amount': 0.4241960644721985, 'price_per_kWh': 0.11889098056401548, 'type': 'GRID_buy', 'hour': 3}]"
3,68,2.75,-0.004514528,0.16631542024833385,10,0.0,0.0,-0.0901084049203747,0.10647953020975565,Barriera_di_Milano,1.0,1.0,0,4,0.11322950529906235,"[{'sender': 'Aggregator', 'receiver': 68, 'amount': 0.17082995176315308, 'price_per_kWh': 0.11889098056401548, 'type': 'GRID_buy', 'hour': 3}]"
3,69,0.5,-0.050922688,0.15224960024103265,0,0.0,0.0,-0.09015147965524303,0.1233079991144346,Barriera_di_Milano,1.0,1.0,0,4,0.11322950529906235,"[{'sender': 'Aggregator', 'receiver': 69, 'amount': 0.20317229628562927, 'price_per_kWh': 0.11889098056401548, 'type': 'GRID_buy', 'hour': 3}]"
3,74,2.0,-0.014909713,0.43735199291674653,0,0.0,0.0,-0.19981839188648268,0.10980715527704747,Barriera_di_Milano,1.0,1.0,0,4,0.11322950529906235,"[{'sender': 'Aggregator', 'receiver': 74, 'amount': 0.45226171612739563, 'price_per_kWh': 0.11889098056401548, 'type': 'GRID_buy', 'hour': 3}]"
3,78,4.75,0.0057939077,0.2301918780455335,0,0.0,0.0,-0.11698900522896244,0.11505081655853297,Barriera_di_Milano,1.0,1.0,0,4,0.11322950529906235,"[{'sender': 'Aggregator', 'receiver': 78, 'amount': 0.2243979573249817, 'price_per_kWh': 0.11889098056401548, 'type': 'GRID_buy', 'hour': 3}]"
3,79,0.0,-0.055372395,0.18279545777166847,0,0.0,0.0,-0.10862468212253598,0.11825218049285834,Barriera_di_Milano,1.0,1.0,0,4,0.11322950529906235,"[{'sender': 'Aggregator', 'receiver': 79, 'amount': 0.23816785216331482, 'price_per_kWh': 0.11889098056401548, 'type': 'GRID_buy', 'hour': 3}]"
3,92,2.25,-0.0059446874,0.4111704925520435,10,0.0,0.0,-0.18542875703703104,0.10870080686656537,Barriera_di_Milano,1.0,1.0,0,4,0.11322950529906235,"[{'sender': 'Aggregator', 'receiver': 92, 'amount': 0.417115181684494, 'price_per_kWh': 0.11889098056401548, 'type': 'GRID_buy', 'hour': 3}]"
3,93,0.75,-0.04540845,0.18301710125688653,10,0.0,0.0,-0.10020651712521039,0.10618971989600165,Barriera_di_Milano,1.0,1.0,0,4,0.11322950529906235,"[{'sender': 'Aggregator', 'receiver': 93, 'amount': 0.22842556238174438, 'price_per_kWh': 0.11889098056401548, 'type': 'GRID_buy', 'hour': 3}]"
3,98,3.25,0.013286563,0.29694212845973117,15,0.0,0.0,-0.13612746629240388,0.12145339205093006,Barriera_di_Milano,1.0,1.0,0,4,0.11322950529906235,"[{'sender': 'Aggregator', 'receiver': 98, 'amount': 0.2836555540561676, 'price_per_kWh': 0.11889098056401548, 'type': 'GRID_buy', 'hour': 3}]"
3,3,0.25,-0.05222555,0.28912159667759274,0,0.0,0.0,-0.15133980541049794,0.1193719655941378,San_Salvario,1.0,1.0,0,4,0.11322950529906235,"[{'sender': 'Aggregator', 'receiver': 3, 'amount': 0.3413471579551697, 'price_per_kWh': 0.11889098056401548, 'type': 'GRID_buy', 'hour': 3}]"
3,5,2.75,-0.0074214693,0.2023715419316041,15,0.0,0.0,-0.11236426281603476,0.10241285307243751,San_Salvario,1.0,1.0,0,4,0.11322950529906235,"[{'sender': 'Aggregator', 'receiver': 5, 'amount': 0.20979300141334534, 'price_per_kWh': 0.11889098056401548, 'type': 'GRID_buy', 'hour': 3}]"
3,9,1.75,-0.019554343,0.23326970450032528,0,0.0,0.0,-0.12584070107369608,0.11381520140025578,San_Salvario,1.0,1.0,0,4,0.11322950529906235,"[{'sender': 'Aggregator', 'receiver': 9, 'amount': 0.2528240382671356, 'price_per_kWh': 0.11889098056401548, 'type': 'GRID_buy', 'hour': 3}]"
3,11,2.25,-0.024448518,0.2482238519313473,10,0.0,0.0,-0.13122706828279357,0.11456326237720488,San_Salvario,1.0,1.0,0,4,0.11322950529906235,"[{'sender': 'Aggregator', 'receiver': 11, 'amount': 0.2726723849773407, 'price_per_kWh': 0.11889098056401548, 'type': 'GRID_buy', 'hour': 3}]"
3,12,0.75,-0.044091444,0.3837811820253245,10,0.0,0.0,-0.19649904924962291,0.10333119468712838,San_Salvario,1.0,1.0,0,4,0.11322950529906235,"[{'sender': 'Aggregator', 'receiver': 12, 'amount': 0.4278726279735565, 'price_per_kWh': 0.11889098056401548, 'type': 'GRID_buy', 'hour': 3}]"
3,13,4.5,0.003773016,0.1691470679476904,0,0.0,0.0,-0.0878900824849951,0.10591457115221797,San_Salvario,1.0,1.0,0,4,0.11322950529906235,"[{'sender': 'Aggregator', 'receiver': 13, 'amount': 0.1653740555047989, 'price_per_kWh': 0.11889098056401548, 'type': 'GRID_buy', 'hour': 3}]"
3,21,0.0,-0.05100018,0.4517384665428422,15,0.0,0.0,-0.24227653168254645,0.11583438263918411,San_Salvario,1.0,1.0,0,4,0.11322950529906235,"[{'sender': 'Aggregator', 'receiver': 21, 'amount': 0.5027386546134949, 'price_per_kWh': 0.11889098056401548, 'type': 'GRID_buy', 'hour': 3}]"
3,24,2.25,-0.015494473,0.3519496904126999,15,0.0,0.0,-0.18695088232268575,0.12077175499746637,San_Salvario,1.0,1.0,0,4,0.11322950529906235,"[{'sender': 'Aggregator', 'receiver': 24, 'amount': 0.36744415760040283, 'price_per_kWh': 0.11889098056401548, 'type': 'GRID_buy', 'hour': 3}]"
3,28,3.25,0.010688165,0.2673672682380582,10,0.0,0.0,-0.11961918128238955,0.11575758271415014,San_Salvario,1.0,1.0,0,4,0.11322950529906235,"[{'sender': 'Aggregator', 'receiver': 28, 'amount': 0.25667911767959595, 'price_per_kWh': 0.11889098056401548, 'type': 'GRID_buy', 'hour': 3}]"
3,33,0.5,-0.049080964,0.19592164005686,15,0.0,0.0,-0.11389911341843012,0.10569239122682267,San_Salvario,1.0,1.0,0,4,0.11322950529906235,"[{'sender': 'Aggregator', 'receiver': 33, 'amount': 0.2450026124715805, 'price_per_kWh': 0.11889098056401548, 'type': 'GRID_buy', 'hour': 3}]"
3,36,1.75,-0.01964101,0.3762251193227065,10,0.0,0.0,-0.17800608116976668,0.1124383760864187,San_Salvario,1.0,1.0,0,4,0.11322950529906235,"[{'sender': 'Aggregator', 'receiver': 36, 'amount': 0.39586612582206726, 'price_per_kWh': 0.11889098056401548, 'type': 'GRID_buy', 'hour': 3}]"
3,40,2.75,-0.0056288033,0.2988944532681294,15,0.0,0.0,-0.14242012476320662,0.10981908330749861,San_Salvario,1.0,1.0,0,4,0.11322950529906235,"[{'sender': 'Aggregator', 'receiver': 40, 'amount': 0.3045232594013214, 'price_per_kWh': 0.11889098056401548, 'type': 'GRID_buy', 'hour': 3}]"
3,43,2.25,-0.0098867845,0.18681579059309614,15,0.0,0.0,-0.08889327318017438,0.12428212955750453,San_Salvario,1.0,1.0,0,4,0.11322950529906235,"[{'sender': 'Aggregator', 'receiver': 43, 'amount': 0.19670256972312927, 'price_per_kWh': 0.11889098056401548, 'type': 'GRID_buy', 'hour': 3}]"
3,44,3.25,-0.004883699,0.410101404792466,10,0.0,0.0,-0.19078434838775638,0.1090617590628024,San_Salvario,1.0,1.0,0,4,0.11322950529906235,"[{'sender': 'Aggregator', 'receiver': 44, 'amount': 0.41498512029647827, 'price_per_kWh': 0.11889098056401548, 'type': 'GRID_buy', 'hour': 3}]"
3,50,1.25,-0.02732253,0.17812988076487118,10,0.0,0.0,-0.0942702971035217,0.11449062612874324,San_Salvario,1.0,1.0,0,4,0.11322950529906235,"[{'sender': 'Aggregator', 'receiver': 50, 'amount': 0.20545241236686707, 'price_per_kWh': 0.11889098056401548, 'type': 'GRID_buy', 'hour': 3}]"
3,52,2.75,-0.009857163,0.1961966907734487,10,0.0,0.0,-0.10403909369837563,0.1033972712762766,San_Salvario,1.0,1.0,0,4,0.11322950529906235,"[{'sender': 'Aggregator', 'receiver': 52, 'amount': 0.20605385303497314, 'price_per_kWh': 0.11889098056401548, 'type': 'GRID_buy', 'hour': 3}]"
3,56,0.5,-0.04903895,0.36261532384997597,15,0.0,0.0,-0.18249088515272488,0.11272673346699431,San_Salvario,1.0,1.0,0,4,0.11322950529906235,"[{'sender': 'Aggregator', 'receiver': 56, 'amount': 0.4116542637348175, 'price_per_kWh': 0.11889098056401548, 'type': 'GRID_buy', 'hour': 3}]"
3,71,4.25,-0.016864596,0.2113431392976312,10,0.0,0.0,-0.10371129539287927,0.121647441721257,San_Salvario,1.0,1.0,0,4,0.11322950529906235,"[{'sender': 'Aggregator', 'receiver': 71, 'amount': 0.22820773720741272, 'price_per_kWh': 0.11889098056401548, 'type': 'GRID_buy', 'hour': 3}]"
3,75,0.75,-0.042556766,0.14387289009269627,0,0.0,0.0,-0.08618568870564189,0.12126442897444428,San_Salvario,1.0,1.0,0,4,0.11322950529906235,"[{'sender': 'Aggregator', 'receiver': 75, 'amount': 0.18642964959144592, 'price_per_kWh': 0.11889098056401548, 'type': 'GRID_buy', 'hour': 3}]"
3,95,1.75,-0.020958101,0.3343290796723144,0,0.0,0.0,-0.16701347365124547,0.12285096512244427,San_Salvario,1.0,1.0,0,4,0.11322950529906235,"[{'sender': 'Aggregator', 'receiver': 95, 'amount': 0.3552871644496918, 'price_per_kWh': 0.11889098056401548, 'type': 'GRID_buy', 'hour': 3}]"
3,96,1.25,-0.028678196,0.18795255336671832,15,0.0,0.0,-0.09981193706541933,0.10254685255290871,San_Salvario,1.0,1.0,0,4,0.11322950529906235,"[{'sender': 'Aggregator', 'receiver': 96, 'amount': 0.2166307419538498, 'price_per_kWh': 0.11889098056401548, 'type': 'GRID_buy', 'hour': 3}]"
3,4,0.0,-0.052482978,0.3933604995952739,15,0.0,0.0,-0.18663932827844937,0.12189592389803441,San_Donato,1.0,1.0,0,4,0.11322950529906235,"[{'sender': 'Aggregator', 'receiver': 4, 'amount': 0.4458434581756592, 'price_per_kWh': 0.11889098056401548, 'type': 'GRID_buy', 'hour': 3}]"
3,14,2.5,0.0021998156,0.38992491763199383,0,0.0,0.0,-0.18782862837558187,0.11321452362774162,San_Donato,1.0,1.0,0,4,0.11322950529906235,"[{'sender': 'Aggregator', 'receiver': 14, 'amount': 0.3877250850200653, 'price_per_kWh': 0.11889098056401548, 'type': 'GRID_buy', 'hour': 3}]"
3,17,1.25,-0.025328545,0.25811474464150336,10,0.0,0.0,-0.1369459372033999,0.1036972276149822,San_Donato,1.0,1.0,0,4,0.11322950529906235,"[{'sender': 'Aggregator', 'receiver': 17, 'amount': 0.28344330191612244, 'price_per_kWh': 0.11889098056401548, 'type': 'GRID_buy', 'hour': 3}]"
3,18,1.25,-0.026303584,0.43304066234686656,15,0.0,0.0,-0.1999249842832713,0.11177714998186618,San_Donato,1.0,1.0,0,4,0.11322950529906235,"[{'sender': 'Aggregator', 'receiver': 18, 'amount': 0.4593442380428314, 'price_per_kWh': 0.11889098056401548, 'type': 'GRID_buy', 'hour': 3}]"
3,22,2.0,-0.016169647,0.364980813494235,10,0.0,0.0,-0.20054342618663962,0.10430689479891261,San_Donato,1.0,1.0,0,4,0.11322950529906235,"[{'sender': 'Aggregator', 'receiver': 22, 'amount': 0.3811504542827606, 'price_per_kWh': 0.11889098056401548, 'type': 'GRID_buy', 'hour': 3}]"
3,29,2.0,-0.015753478,0.17989702567898147,10,0.0,0.0,-0.08838706558941278,0.11961243972674501,San_Donato,1.0,1.0,0,4,0.11322950529906235,"[{'sender': 'Aggregator', 'receiver': 29, 'amount': 0.19565050303936005, 'price_per_kWh': 0.11889098056401548, 'type': 'GRID_buy', 'hour': 3}]"
3,30,2.5,0.00016672925,0.30912555287687593,10,0.0,0.0,-0.1400219554742546,0.12448427506215579,San_Donato,1.0,1.0,0,4,0.11322950529906235,"[{'sender': 'Aggregator', 'receiver': 30, 'amount': 0.3089587986469269, 'price_per_kWh': 0.11889098056401548, 'type': 'GRID_buy', 'hour': 3}]"
3,39,3.25,0.014942652,0.455653196402136,15,0.0,0.0,-0.2156905858935939,0.10416727007950011,San_Donato,1.0,1.0,0,4,0.11322950529906235,"[{'sender': 'Aggregator', 'receiver': 39, 'amount': 0.44071054458618164, 'price_per_kWh': 0.11889098056401548, 'type': 'GRID_buy', 'hour': 3}]"
3,45,4.5,0.00589568,0.3953678023326017,15,0.0,0.0,-0.18835932829960386,0.1143889521891392,San_Donato,1.0,1.0,0,4,0.11322950529906235,"[{'sender': 'Aggregator', 'receiver': 45, 'amount': 0.3894721269607544, 'price_per_kWh': 0.11889098056401548, 'type': 'GRID_buy', 'hour': 3}]"
3,53,4.25,0.0017330835,0.4209368295189194,0,0.0,0.0,-0.19490201099430257,0.10246507001200342,San_Donato,1.0,1.0,0,4,0.11322950529906235,"[{'sender': 'Aggregator', 'receiver': 53, 'amount': 0.4192037284374237, 'price_per_kWh': 0.11889098056401548, 'type': 'GRID_buy', 'hour': 3}]"
3,54,0.75,-0.041663833,0.30977263846455383,10,0.0,0.0,-0.17366126560072367,0.12241742877609706,San_Donato,1.0,1.0,0,4,0.11322950529906235,"[{'sender': 'Aggregator', 'receiver': 54, 'amount': 0.35143646597862244, 'price_per_kWh': 0.11889098056401548, 'type': 'GRID_buy', 'hour': 3}]"
3,57,2.25,-0.008499961,0.2807335463114134,10,0.0,0.0,-0.13932264974482447,0.10370947047990309,San_Donato,1.0,1.0,0,4,0.11322950529906235,"[{'sender': 'Aggregator', 'receiver': 57, 'amount': 0.2892335057258606, 'price_per_kWh': 0.11889098056401548, 'type': 'GRID_buy', 'hour': 3}]"
3,58,3.0,-0.009383569,0.4189782404852185,0,0.0,0.0,-0.21682800150811457,0.12377980891658291,San_Donato,1.0,1.0,0,4,0.11322950529906235,"[{'sender': 'Aggregator', 'receiver': 58, 'amount': 0.42836180329322815, 'price_per_kWh': 0.11889098056401548, 'type': 'GRID_buy', 'hour': 3}]"
3,63,0.75,-0.039623678,0.44234732096645657,10,0.0,0.0,-0.23037123362543335,0.11871681477027743,San_Donato,1.0,1.0,0,4,0.11322950529906235,"[{'sender': 'Aggregator', 'receiver': 63, 'amount': 0.48197099566459656, 'price_per_kWh': 0.11889098056401548, 'type': 'GRID_buy', 'hour': 3}]"
3,66,1.5,-0.022236202,0.19855150470795854,0,0.0,0.0,-0.10697425358564341,0.11206350959329148,San_Donato,1.0,1.0,0,4,0.11322950529906235,"[{'sender': 'Aggregator', 'receiver': 66, 'amount': 0.22078770399093628, 'price_per_kWh': 0.11889098056401548, 'type': 'GRID_buy', 'hour': 3}]"
3,72,2.5,0.00016672925,0.1654847535235812,0,0.0,0.0,-0.0849670125364397,0.10682189072699018,San_Donato,1.0,1.0,0,4,0.11322950529906235,"[{'sender': 'Aggregator', 'receiver': 72, 'amount': 0.16531802713871002, 'price_per_kWh': 0.11889098056401548, 'type': 'GRID_buy', 'hour': 3}]"
3,77,4.0,-0.0008364713,0.20135273293267722,0,0.0,0.0,-0.09239483415856896,0.12087450194104028,San_Donato,1.0,1.0,0,4,0.11322950529906235,"[{'sender': 'Aggregator', 'receiver': 77, 'amount': 0.20218920707702637, 'price_per_kWh': 0.11889098056401548, 'type': 'GRID_buy', 'hour': 3}]"
3,80,2.25,-0.010950547,0.18821729446160185,0,0.0,0.0,-0.09655817562068612,0.12317808686689029,San_Donato,1.0,1.0,0,4,0.11322950529906235,"[{'sender': 'Aggregator', 'receiver': 80, 'amount': 0.19916784763336182, 'price_per_kWh': 0.11889098056401548, 'type': 'GRID_buy', 'hour': 3}]"
3,81,0.5,-0.05009392,0.35730714462369445,0,0.0,0.0,-0.20023734234522758,0.12347920196911802,San_Donato,1.0,1.0,0,4,0.11322950529906235,"[{'sender': 'Aggregator', 'receiver': 81, 'amount': 0.40740105509757996, 'price_per_kWh': 0.11889098056401548, 'type': 'GRID_buy', 'hour': 3}]"
3,99,1.25,-0.026336169,0.422933148279436,0,0.0,0.0,-0.19648675100157803,0.10651106810938658,San_Donato,1.0,1.0,0,4,0.11322950529906235,"[{'sender': 'Aggregator', 'receiver': 99, 'amount': 0.4492693245410919, 'price_per_kWh': 0.11889098056401548, 'type': 'GRID_buy', 'hour': 3}]"
3,2,0.5,-0.04888736,0.16509541595425195,0,0.0,0.0,-0.09458925173682207,0.11453610617579281,Centro,1.0,1.0,0,4,0.11322950529906235,"[{'sender': 'Aggregator', 'receiver': 2, 'amount': 0.21398277580738068, 'price_per_kWh': 0.11889098056401548, 'type': 'GRID_buy', 'hour': 3}]"
3,6,4.5,0.0019551197,0.42561281736663464,0,0.0,0.0,-0.1979269453778496,0.11204067353115443,Centro,1.0,1.0,0,4,0.11322950529906235,"[{'sender': 'Aggregator', 'receiver': 6, 'amount': 0.42365768551826477, 'price_per_kWh': 0.11889098056401548, 'type': 'GRID_buy', 'hour': 3}]"
3,10,1.5,-0.022930404,0.18322145853448843,15,0.0,0.0,-0.0913090857106296,0.11560577344900676,Centro,1.0,1.0,0,4,0.11322950529906235,"[{'sender': 'Aggregator', 'receiver': 10, 'amount': 0.20615185797214508, 'price_per_kWh': 0.11889098056401548, 'type': 'GRID_buy', 'hour': 3}]"
3,15,1.0,-0.032914508,0.47615026524334947,15,0.0,0.0,-0.2277793628360776,0.10870862750542573,Centro,1.0,1.0,0,4,0.11322950529906235,"[{'sender': 'Aggregator', 'receiver': 15, 'amount': 0.509064793586731, 'price_per_kWh': 0.11889098056401548, 'type': 'GRID_buy', 'hour': 3}]"
3,23,2.75,-0.0070144227,0.31434443572020926,15,0.0,0.0,-0.16581234162065117,0.10796221434498633,Centro,1.0,1.0,0,4,0.11322950529906235,"[{'sender': 'Aggregator', 'receiver': 23, 'amount': 0.321358859539032, 'price_per_kWh': 0.11889098056401548, 'type': 'GRID_buy', 'hour': 3}]"
3,25,3.25,0.010419838,0.3560798900306152,10,0.0,0.0,-0.16333091045903247,0.11392354298067256,Centro,1.0,1.0,0,4,0.11322950529906235,"[{'sender': 'Aggregator', 'receiver': 25, 'amount': 0.3456600308418274, 'price_per_kWh': 0.11889098056401548, 'type': 'GRID_buy', 'hour': 3}]"
3,37,4.5,0.002680243,0.37582462563575314,10,0.0,0.0,-0.17270928853991982,0.11048407886320112,Centro,1.0,1.0,0,4,0.11322950529906235,"[{'sender': 'Aggregator', 'receiver': 37, 'amount': 0.37314438819885254, 'price_per_kWh': 0.11889098056401548, 'type': 'GRID_buy', 'hour': 3}]"
3,60,4.25,-0.0028960947,0.16562607531225323,15,0.0,0.0,-0.08246625712680528,0.12028111621955627,Centro,1.0,1.0,0,4,0.11322950529906235,"[{'sender': 'Aggregator', 'receiver': 60, 'amount': 0.1685221791267395, 'price_per_kWh': 0.11889098056401548, 'type': 'GRID_buy', 'hour': 3}]"
3,62,2.25,-0.009991562,0.3241488427271493,15,0.0,0.0,-0.16700796071176444,0.1036635050605756,Centro,1.0,1.0,0,4,0.11322950529906235,"[{'sender': 'Aggregator', 'receiver': 62, 'amount': 0.3341403901576996, 'price_per_kWh': 0.11889098056401548, 'type': 'GRID_buy', 'hour': 3}]"
3,73,2.25,-0.009448225,0.3311980598424008,10,0.0,0.0,-0.15517674276304205,0.10940306395890906,Centro,1.0,1.0,0,4,0.11322950529906235,"[{'sender': 'Aggregator', 'receiver': 73, 'amount': 0.34064629673957825, 'price_per_kWh': 0.11889098056401548, 'type': 'GRID_buy', 'hour': 3}]"
3,85,2.0,-0.017978784,0.22690050004141168,15,0.0,0.0,-0.10576433740011763,0.11625610225716039,Centro,1.0,1.0,0,4,0.11322950529906235,"[{'sender': 'Aggregator', 'receiver': 85, 'amount': 0.24487929046154022, 'price_per_kWh': 0.11889098056401548, 'type': 'GRID_buy', 'hour': 3}]"
3,87,3.5,-0.0016562314,0.40119394290175675,0,0.0,0.0,-0.19340844566493237,0.11261153895742332,Centro,1.0,1.0,0,4,0.11322950529906235,"[{'sender': 'Aggregator', 'receiver': 87, 'amount': 0.4028501808643341, 'price_per_kWh': 0.11889098056401548, 'type': 'GRID_buy', 'hour': 3}]"
3,88,2.5,0.00041835333,0.41029524843070986,10,0.0,0.0,-0.18710686688831094,0.10683009824946703,Centro,1.0,1.0,0,4,0.11322950529906235,"[{'sender': 'Aggregator', 'receiver': 88, 'amount': 0.40987688302993774, 'price_per_kWh': 0.11889098056401548, 'type': 'GRID_buy', 'hour': 3}]"
3,89,4.75,-0.0023614448,0.39742337802999345,0,0.0,0.0,-0.2130612300166848,0.10370015683498213,Centro,1.0,1.0,0,4,0.11322950529906235,"[{'sender': 'Aggregator', 'receiver': 89, 'amount': 0.3997848331928253, 'price_per_kWh': 0.11889098056401548, 'type': 'GRID_buy', 'hour': 3}]"
3,97,3.0,-0.012168534,0.3876153246645657,15,0.0,0.0,-0.20332896786113575,0.1190661637831136,Centro,1.0,1.0,0,4,0.11322950529906235,"[{'sender': 'Aggregator', 'receiver': 97, 'amount': 0.3997838497161865, 'price_per_kWh': 0.11889098056401548, 'type': 'GRID_buy', 'hour': 3}]"
3,7,4.25,-0.0029438452,0.20259347425832167,0,0.0,0.0,-0.10241078154422066,0.11598023590353097,Lingotto,1.0,1.0,0,4,0.11322950529906235,"[{'sender': 'Aggregator', 'receiver': 7, 'amount': 0.2055373191833496, 'price_per_kWh': 0.11889098056401548, 'type': 'GRID_buy', 'hour': 3}]"
3,8,3.25,0.013719415,0.23848800488119137,15,0.0,0.0,-0.10905605446129873,0.11287975112773897,Lingotto,1.0,1.0,0,4,0.11322950529906235,"[{'sender': 'Aggregator', 'receiver': 8, 'amount': 0.22476859390735626, 'price_per_kWh': 0.11889098056401548, 'type': 'GRID_buy', 'hour': 3}]"
3,16,0.0,-0.053260513,0.39289955892478684,0,0.0,0.0,-0.21968063906241717,0.1082510543785021,Lingotto,1.0,1.0,0,4,0.11322950529906235,"[{'sender': 'Aggregator', 'receiver': 16, 'amount': 0.44616007804870605, 'price_per_kWh': 0.11889098056401548, 'type': 'GRID_buy', 'hour': 3}]"
3,19,4.25,0.00019378656,0.2783356374669244,10,0.0,0.0,-0.1269943951371611,0.10666246989978778,Lingotto,1.0,1.0,0,4,0.11322950529906235,"[{'sender': 'Aggregator', 'receiver': 19, 'amount': 0.2781418561935425, 'price_per_kWh': 0.11889098056401548, 'type': 'GRID_buy', 'hour': 3}]"
3,20,0.5,-0.05280061,0.1613847832181474,0,0.0,0.0,-0.09619544892204579,0.10473840820868567,Lingotto,1.0,1.0,0,4,0.11322950529906235,"[{'sender': 'Aggregator', 'receiver': 20, 'amount': 0.21418538689613342, 'price_per_kWh': 0.11889098056401548, 'type': 'GRID_buy', 'hour': 3}]"
3,27,4.25,-0.003447582,0.27843677719965293,0,0.0,0.0,-0.13605165781919235,0.11684769694977624,Lingotto,1.0,1.0,0,4,0.11322950529906235,"[{'sender': 'Aggregator', 'receiver': 27, 'amount': 0.2818843722343445, 'price_per_kWh': 0.11889098056401548, 'type': 'GRID_buy', 'hour': 3}]"
3,32,2.25,-0.00851628,0.24626211794281883,0,0.0,0.0,-0.12516274238672528,0.11794750421309742,Lingotto,1.0,1.0,0,4,0.11322950529906235,"[{'sender': 'Aggregator', 'receiver': 32, 'amount': 0.2547783851623535, 'price_per_kWh': 0.11889098056401548, 'type': 'GRID_buy', 'hour': 3}]"
3,41,0.75,-0.041681163,0.15110185937955867,0,0.0,0.0,-0.09088995964296696,0.11796619293560834,Lingotto,1.0,1.0,0,4,0.11322950529906235,"[{'sender': 'Aggregator', 'receiver': 41, 'amount': 0.19278302788734436, 'price_per_kWh': 0.11889098056401548, 'type': 'GRID_buy', 'hour': 3}]"
3,42,4.0,-0.0016736632,0.4272889561230745,15,0.0,0.0,-0.20735569565437448,0.11026230828561917,Lingotto,1.0,1.0,0,4,0.11322950529906235,"[{'sender': 'Aggregator', 'receiver': 42, 'amount': 0.4289626181125641, 'price_per_kWh': 0.11889098056401548, 'type': 'GRID_buy', 'hour': 3}]"
3,48,4.5,0.004769658,0.27510709807244926,0,0.0,0.0,-0.12236110787005583,0.11970004661535857,Lingotto,1.0,1.0,0,4,0.11322950529906235,"[{'sender': 'Aggregator', 'receiver': 48, 'amount': 0.27033743262290955, 'price_per_kWh': 0.11889098056401548, 'type': 'GRID_buy', 'hour': 3}]"
3,49,0.5,-0.049423303,0.2442834321508867,10,0.0,0.0,-0.13210498632767903,0.1064929784599966,Lingotto,1.0,1.0,0,4,0.11322950529906235,"[{'sender': 'Aggregator', 'receiver': 49, 'amount': 0.2937067449092865, 'price_per_kWh': 0.11889098056401548, 'type': 'GRID_buy', 'hour': 3}]"
3,51,0.25,-0.053260513,0.44680823472322573,0,0.0,0.0,-0.2136135587729553,0.10708760233997079,Lingotto,1.0,1.0,0,4,0.11322950529906235,"[{'sender': 'Aggregator', 'receiver': 51, 'amount': 0.5000687837600708, 'price_per_kWh': 0.11889098056401548, 'type': 'GRID_buy', 'hour': 3}]"
3,64,0.5,-0.049547207,0.4314362270540582,10,0.0,0.0,-0.21669089461408575,0.11053680545852983,Lingotto,1.0,1.0,0,4,0.11322950529906235,"[{'sender': 'Aggregator', 'receiver': 64, 'amount': 0.4809834361076355, 'price_per_kWh': 0.11889098056401548, 'type': 'GRID_buy', 'hour': 3}]"
3,70,2.0,-0.015737344,0.33439187687869104,10,0.0,0.0,-0.17702026572935994,0.1066237073346664,Lingotto,1.0,1.0,0,4,0.11322950529906235,"[{'sender': 'Aggregator', 'receiver': 70, 'amount': 0.35012921690940857, 'price_per_kWh': 0.11889098056401548, 'type': 'GRID_buy', 'hour': 3}]"
3,76,3.5,-0.0023345964,0.4051045791767141,15,0.0,0.0,-0.20427693923493512,0.12039734045823064,Lingotto,1.0,1.0,0,4,0.11322950529906235,"[{'sender': 'Aggregator', 'receiver': 76, 'amount': 0.4074391722679138, 'price_per_kWh': 0.11889098056401548, 'type': 'GRID_buy', 'hour': 3}]"
3,82,0.25,-0.05517859,0.38585759754212207,0,0.0,0.0,-0.19344500884982693,0.11720412305725958,Lingotto,1.0,1.0,0,4,0.11322950529906235,"[{'sender': 'Aggregator', 'receiver': 82, 'amount': 0.441036194562912, 'price_per_kWh': 0.11889098056401548, 'type': 'GRID_buy', 'hour': 3}]"
3,83,4.5,0.0013829815,0.21087342895181507,0,0.0,0.0,-0.10355214592415209,0.11882283253382638,Lingotto,1.0,1.0,0,4,0.11322950529906235,"[{'sender': 'Aggregator', 'receiver': 83, 'amount': 0.20949044823646545, 'price_per_kWh': 0.11889098056401548, 'type': 'GRID_buy', 'hour': 3}]"
3,84,1.25,-0.028104972,0.2503145040128191,15,0.0,0.0,-0.13825723779453009,0.10213722513773023,Lingotto,1.0,1.0,0,4,0.11322950529906235,"[{'sender': 'Aggregator', 'receiver': 84, 'amount': 0.27841946482658386, 'price_per_kWh': 0.11889098056401548, 'type': 'GRID_buy', 'hour': 3}]"
3,86,3.25,0.013719415,0.3730675559738206,15,0.0,0.0,-0.18972542638616388,0.1205624711703445,Lingotto,1.0,1.0,0,4,0.11322950529906235,"[{'sender': 'Aggregator', 'receiver': 86, 'amount': 0.3593481481075287, 'price_per_kWh': 0.11889098056401548, 'type': 'GRID_buy', 'hour': 3}]"
3,90,1.75,-0.020336784,0.2867471827674287,10,0.0,0.0,-0.1539393702841148,0.11798873029445255,Lingotto,1.0,1.0,0,4,0.11322950529906235,"[{'sender': 'Aggregator', 'receiver': 90, 'amount': 0.30708396434783936, 'price_per_kWh': 0.11889098056401548, 'type': 'GRID_buy', 'hour': 3}]"
3,91,1.0,-0.031870533,0.3561075381256149,10,0.0,0.0,-0.19096652906848177,0.1102919886934746,Lingotto,1.0,1.0,0,4,0.11322950529906235,"[{'sender': 'Aggregator', 'receiver': 91, 'amount': 0.38797807693481445, 'price_per_kWh': 0.11889098056401548, 'type': 'GRID_buy', 'hour': 3}]"
3,94,1.25,-0.027981073,0.2815309398809529,15,0.0,0.0,-0.14734890169769807,0.10457137565709555,Lingotto,1.0,1.0,0,4,0.11322950529906235,"[{'sender': 'Aggregator', 'receiver': 94, 'amount': 0.30951201915740967, 'price_per_kWh': 0.11889098056401548, 'type': 'GRID_buy', 'hour': 3}]"
4,0,4.0,0.013562234,0.4128025017956961,0,0.0,0.0,-0.24486013862148193,0.1044156876015589,Barriera_di_Milano,1.0,1.05,0,5,0.11349613343257708,"[{'sender': 'Aggregator', 'receiver': 0, 'amount': 0.39924025535583496, 'price_per_kWh': 0.11917094010420594, 'type': 'GRID_buy', 'hour': 4}]"
4,1,3.75,0.019125089,0.24969405450391446,10,0.0,0.0,-0.13328071703266106,0.10898688258083385,Barriera_di_Milano,1.0,1.05,0,5,0.11349613343257708,"[{'sender': 'Aggregator', 'receiver': 1, 'amount': 0.23056896030902863, 'price_per_kWh': 0.11917094010420594, 'type': 'GRID_buy', 'hour': 4}]"
4,26,4.0,0.014338221,0.411737125876999,10,0.0,0.0,-0.2492797755338601,0.10885399665115333,Barriera_di_Milano,1.0,1.05,0,5,0.11349613343257708,"[{'sender': 'Aggregator', 'receiver': 26, 'amount': 0.3973988890647888, 'price_per_kWh': 0.11917094010420594, 'type': 'GRID_buy', 'hour': 4}]"
4,31,3.75,0.022207081,0.45101956814283517,10,0.0,0.0,-0.25616665541735906,0.1194634174953296,Barriera_di_Milano,1.0,1.05,0,5,0.11349613343257708,"[{'sender': 'Aggregator', 'receiver': 31, 'amount': 0.4288124740123749, 'price_per_kWh': 0.11917094010420594, 'type': 'GRID_buy', 'hour': 4}]"
4,34,3.75,0.022221733,0.19209403251059043,15,0.0,0.0,-0.12043622515639665,0.1091702679988408,Barriera_di_Milano,1.0,1.05,0,5,0.11349613343257708,"[{'sender': 'Aggregator', 'receiver': 34, 'amount': 0.16987229883670807, 'price_per_kWh': 0.11917094010420594, 'type': 'GRID_buy', 'hour': 4}]"
4,35,4.5,0.03891218,0.3406572574818128,15,0.0,0.0,-0.20672280969180706,0.11610094419118232,Barriera_di_Milano,1.0,1.05,0,5,0.11349613343257708,"[{'sender': 'Aggregator', 'receiver': 35, 'amount': 0.30174508690834045, 'price_per_kWh': 0.11917094010420594, 'type': 'GRID_buy', 'hour': 4}]"
4,38,3.75,0.02271879,0.16201122996579984,15,0.0,0.0,-0.09665671391752106,0.10428759259318758,Barriera_di_Milano,1.0,1.05,0,5,0.11349613343257708,"[{'sender': 'Aggregator', 'receiver': 38, 'amount': 0.13929244875907898, 'price_per_kWh': 0.11917094010420594, 'type': 'GRID_buy', 'hour': 4}]"
4,46,3.75,0.022581358,0.42102873996478407,0,0.0,0.0,-0.22669909230586408,0.11372191526648956,Barriera_di_Milano,1.0,1.05,0,5,0.11349613343257708,"[{'sender': 'Aggregator', 'receiver': 46, 'amount': 0.3984473645687103, 'price_per_kWh': 0.11917094010420594, 'type': 'GRID_buy', 'hour': 4}]"
4,47,1.25,-0.0334095,0.41728540785056756,10,0.0,0.0,-0.2549626930798646,0.11052567297436601,Barriera_di_Milano,1.0,1.05,0,5,0.11349613343257708,"[{'sender': 'Aggregator', 'receiver': 47, 'amount': 0.4506949186325073, 'price_per_kWh': 0.11917094010420594, 'type': 'GRID_buy', 'hour': 4}]"
4,55,2.25,-0.0069027566,0.16792772837064945,10,0.0,0.0,-0.1133884692974031,0.10683449712857782,Barriera_di_Milano,1.0,1.05,0,5,0.11349613343257708,"[{'sender': 'Aggregator', 'receiver': 55, 'amount': 0.17483048141002655, 'price_per_kWh': 0.11917094010420594, 'type': 'GRID_buy', 'hour': 4}]"
4,59,0.75,-0.04945692,0.36030674546319685,0,0.0,0.0,-0.22740810681003126,0.11556967139681278,Barriera_di_Milano,1.0,1.05,0,5,0.11349613343257708,"[{'sender': 'Aggregator', 'receiver': 59, 'amount': 0.4097636640071869, 'price_per_kWh': 0.11917094010420594, 'type': 'GRID_buy', 'hour': 4}]"
4,61,2.5,-9.6480486e-05,0.26687029742197427,0,0.0,0.0,-0.14835581085813285,0.11546974001819078,Barriera_di_Milano,1.0,1.05,0,5,0.11349613343257708,"[{'sender': 'Aggregator', 'receiver': 61, 'amount': 0.2669667601585388, 'price_per_kWh': 0.11917094010420594, 'type': 'GRID_buy', 'hour': 4}]"
4,65,3.25,0.017973568,0.19877690446330246,0,0.0,0.0,-0.11881694511406522,0.11776465496179978,Barriera_di_Milano,1.0,1.05,0,5,0.11349613343257708,"[{'sender': 'Aggregator', 'receiver': 65, 'amount': 0.1808033287525177, 'price_per_kWh': 0.11917094010420594, 'type': 'GRID_buy', 'hour': 4}]"
4,67,0.25,-0.064776935,0.3786604225518638,0,0.0,0.0,-0.2572893106361072,0.10698183100778844,Barriera_di_Milano,1.0,1.05,0,5,0.11349613343257708,"[{'sender': 'Aggregator', 'receiver': 67, 'amount': 0.4434373378753662, 'price_per_kWh': 0.11917094010420594, 'type': 'GRID_buy', 'hour': 4}]"
4,68,2.75,0.009824885,0.19406641320801007,10,0.0,0.0,-0.11206464164752339,0.11176228211316593,Barriera_di_Milano,1.0,1.05,0,5,0.11349613343257708,"[{'sender': 'Aggregator', 'receiver': 68, 'amount': 0.18424153327941895, 'price_per_kWh': 0.11917094010420594, 'type': 'GRID_buy', 'hour': 4}]"
4,69,0.5,-0.058543075,0.16559388022788174,0,0.0,0.0,-0.11686209053026636,0.11600335530474185,Barriera_di_Milano,1.0,1.05,0,5,0.11349613343257708,"[{'sender': 'Aggregator', 'receiver': 69, 'amount': 0.22413694858551025, 'price_per_kWh': 0.11917094010420594, 'type': 'GRID_buy', 'hour': 4}]"
4,74,2.0,-0.015324876,0.42931742314295274,0,0.0,0.0,-0.252806833428021,0.11744143289007808,Barriera_di_Milano,1.0,1.05,0,5,0.11349613343257708,"[{'sender': 'Aggregator', 'receiver': 74, 'amount': 0.4446423053741455, 'price_per_kWh': 0.11917094010420594, 'type': 'GRID_buy', 'hour': 4}]"
4,78,4.75,0.03394248,0.24411626214111198,0,0.0,0.0,-0.1420356128544817,0.12062278938385564,Barriera_di_Milano,1.0,1.05,0,5,0.11349613343257708,"[{'sender': 'Aggregator', 'receiver': 78, 'amount': 0.21017378568649292, 'price_per_kWh': 0.11917094010420594, 'type': 'GRID_buy', 'hour': 4}]"
4,79,0.0,-0.06517801,0.2039771539770521,0,0.0,0.0,-0.14070015374930173,0.10458366038235666,Barriera_di_Milano,1.0,1.05,0,5,0.11349613343257708,"[{'sender': 'Aggregator', 'receiver': 79, 'amount': 0.2691551446914673, 'price_per_kWh': 0.11917094010420594, 'type': 'GRID_buy', 'hour': 4}]"
4,92,2.25,-0.0065019326,0.40286390109636355,10,0.0,0.0,-0.23421326817901958,0.12288945538314244,Barriera_di_Milano,1.0,1.05,0,5,0.11349613343257708,"[{'sender': 'Aggregator', 'receiver': 92, 'amount': 0.40936583280563354, 'price_per_kWh': 0.11917094010420594, 'type': 'GRID_buy', 'hour': 4}]"
4,93,0.75,-0.050706193,0.20034481025792097,10,0.0,0.0,-0.1301245018462564,0.1218171661033391,Barriera_di_Milano,1.0,1.05,0,5,0.11349613343257708,"[{'sender': 'Aggregator', 'receiver': 93, 'amount': 0.25105100870132446, 'price_per_kWh': 0.11917094010420594, 'type': 'GRID_buy', 'hour': 4}]"
4,98,3.25,0.018172864,0.2685285392391181,15,0.0,0.0,-0.16596258931566968,0.11154185461362306,Barriera_di_Milano,1.0,1.05,0,5,0.11349613343257708,"[{'sender': 'Aggregator', 'receiver': 98, 'amount': 0.25035569071769714, 'price_per_kWh': 0.11917094010420594, 'type': 'GRID_buy', 'hour': 4}]"
4,3,0.25,-0.059721544,0.2833886291537439,0,0.0,0.0,-0.19222856384675308,0.10428708488940353,San_Salvario,1.0,1.05,0,5,0.11349613343257708,"[{'sender': 'Aggregator', 'receiver': 3, 'amount': 0.3431101441383362, 'price_per_kWh': 0.11917094010420594, 'type': 'GRID_buy', 'hour': 4}]"
4,5,2.75,0.00815976,0.22106049709995607,15,0.0,0.0,-0.13773584449493526,0.11947092851449842,San_Salvario,1.0,1.05,0,5,0.11349613343257708,"[{'sender': 'Aggregator', 'receiver': 5, 'amount': 0.21290074288845062, 'price_per_kWh': 0.11917094010420594, 'type': 'GRID_buy', 'hour': 4}]"
4,9,1.75,-0.01877915,0.25044657581624347,0,0.0,0.0,-0.1579245863716307,0.10456729458245309,San_Salvario,1.0,1.05,0,5,0.11349613343257708,"[{'sender': 'Aggregator', 'receiver': 9, 'amount': 0.26922574639320374, 'price_per_kWh': 0.11917094010420594, 'type': 'GRID_buy', 'hour': 4}]"
4,11,2.25,-0.045316525,0.2806047005321169,10,0.0,0.0,-0.17006740500029624,0.11892583080581294,San_Salvario,1.0,1.05,0,5,0.11349613343257708,"[{'sender': 'Aggregator', 'receiver': 11, 'amount': 0.3259212076663971, 'price_per_kWh': 0.11917094010420594, 'type': 'GRID_buy', 'hour': 4}]"
4,12,0.75,-0.047623318,0.32683638990994984,10,0.0,0.0,-0.24112376181052708,0.11048251576618615,San_Salvario,1.0,1.05,0,5,0.11349613343257708,"[{'sender': 'Aggregator', 'receiver': 12, 'amount': 0.3744596838951111, 'price_per_kWh': 0.11917094010420594, 'type': 'GRID_buy', 'hour': 4}]"
4,13,4.5,0.034667205,0.17189641662497332,0,0.0,0.0,-0.10424381575662227,0.10817199297581671,San_Salvario,1.0,1.05,0,5,0.11349613343257708,"[{'sender': 'Aggregator', 'receiver': 13, 'amount': 0.13722920417785645, 'price_per_kWh': 0.11917094010420594, 'type': 'GRID_buy', 'hour': 4}]"
4,21,0.0,-0.05970531,0.42879844115303434,15,0.0,0.0,-0.3004919833077186,0.10759700312500589,San_Salvario,1.0,1.05,0,5,0.11349613343257708,"[{'sender': 'Aggregator', 'receiver': 21, 'amount': 0.48850375413894653, 'price_per_kWh': 0.11917094010420594, 'type': 'GRID_buy', 'hour': 4}]"
4,24,2.25,-0.014837332,0.39313214933721463,15,0.0,0.0,-0.2355689881675248,0.1143258215597923,San_Salvario,1.0,1.05,0,5,0.11349613343257708,"[{'sender': 'Aggregator', 'receiver': 24, 'amount': 0.40796947479248047, 'price_per_kWh': 0.11917094010420594, 'type': 'GRID_buy', 'hour': 4}]"
4,28,3.25,0.01631947,0.25575026146088636,10,0.0,0.0,-0.148152374817861,0.10950395419797215,San_Salvario,1.0,1.05,0,5,0.11349613343257708,"[{'sender': 'Aggregator', 'receiver': 28, 'amount': 0.23943080008029938, 'price_per_kWh': 0.11917094010420594, 'type': 'GRID_buy', 'hour': 4}]"
4,33,0.5,-0.054187655,0.20639251974616687,15,0.0,0.0,-0.14495269868889266,0.1196558481408127,San_Salvario,1.0,1.05,0,5,0.11349613343257708,"[{'sender': 'Aggregator', 'receiver': 33, 'amount': 0.2605801820755005, 'price_per_kWh': 0.11917094010420594, 'type': 'GRID_buy', 'hour': 4}]"
4,36,1.75,-0.018649947,0.3606596217716643,10,0.0,0.0,-0.2232087586009407,0.11918496854892596,San_Salvario,1.0,1.05,0,5,0.11349613343257708,"[{'sender': 'Aggregator', 'receiver': 36, 'amount': 0.3793095648288727, 'price_per_kWh': 0.11917094010420594, 'type': 'GRID_buy', 'hour': 4}]"
4,40,2.75,0.010639949,0.2728012699441747,15,0.0,0.0,-0.17366213862120206,0.11412489714809676,San_Salvario,1.0,1.05,0,5,0.11349613343257708,"[{'sender': 'Aggregator', 'receiver': 40, 'amount': 0.26216134428977966, 'price_per_kWh': 0.11917094010420594, 'type': 'GRID_buy', 'hour': 4}]"
4,43,2.25,-0.009185309,0.1681992465876545,15,0.0,0.0,-0.11003235739998647,0.10220805213964128,San_Salvario,1.0,1.05,0,5,0.11349613343257708,"[{'sender': 'Aggregator', 'receiver': 43, 'amount': 0.17738455533981323, 'price_per_kWh': 0.11917094010420594, 'type': 'GRID_buy', 'hour': 4}]"
4,44,3.25,-0.020292515,0.44344876594728033,10,0.0,0.0,-0.24604883181909576,0.11965433088928558,San_Salvario,1.0,1.05,0,5,0.11349613343257708,"[{'sender': 'Aggregator', 'receiver': 44, 'amount': 0.463741272687912, 'price_per_kWh': 0.11917094010420594, 'type': 'GRID_buy', 'hour': 4}]"
4,50,1.25,-0.032601368,0.1730305441221461,10,0.0,0.0,-0.11877564534274346,0.11850407342637435,San_Salvario,1.0,1.05,0,5,0.11349613343257708,"[{'sender': 'Aggregator', 'receiver': 50, 'amount': 0.20563191175460815, 'price_per_kWh': 0.11917094010420594, 'type': 'GRID_buy', 'hour': 4}]"
4,52,2.75,0.0064115617,0.20748553533154368,10,0.0,0.0,-0.12800126825465152,0.11295818035629729,San_Salvario,1.0,1.05,0,5,0.11349613343257708,"[{'sender': 'Aggregator', 'receiver': 52, 'amount': 0.20107397437095642, 'price_per_kWh': 0.11917094010420594, 'type': 'GRID_buy', 'hour': 4}]"
4,56,0.5,-0.05418348,0.30592064237505784,15,0.0,0.0,-0.22540483093171437,0.11825270462547752,San_Salvario,1.0,1.05,0,5,0.11349613343257708,"[{'sender': 'Aggregator', 'receiver': 56, 'amount': 0.36010411381721497, 'price_per_kWh': 0.11917094010420594, 'type': 'GRID_buy', 'hour': 4}]"
4,71,4.25,-0.0140908435,0.2026503803305307,10,0.0,0.0,-0.12954055201564407,0.10612068368935342,San_Salvario,1.0,1.05,0,5,0.11349613343257708,"[{'sender': 'Aggregator', 'receiver': 71, 'amount': 0.21674123406410217, 'price_per_kWh': 0.11917094010420594, 'type': 'GRID_buy', 'hour': 4}]"
4,75,0.75,-0.04693411,0.14638095887461955,0,0.0,0.0,-0.10922322779239471,0.11322095320237019,San_Salvario,1.0,1.05,0,5,0.11349613343257708,"[{'sender': 'Aggregator', 'receiver': 75, 'amount': 0.1933150738477707, 'price_per_kWh': 0.11917094010420594, 'type': 'GRID_buy', 'hour': 4}]"
4,95,1.75,-0.020301932,0.3203477394971887,0,0.0,0.0,-0.20760901440421503,0.10353485871628962,San_Salvario,1.0,1.05,0,5,0.11349613343257708,"[{'sender': 'Aggregator', 'receiver': 95, 'amount': 0.34064966440200806, 'price_per_kWh': 0.11917094010420594, 'type': 'GRID_buy', 'hour': 4}]"
4,96,1.25,-0.033053637,0.18225327376195874,15,0.0,0.0,-0.12547026368986572,0.1064571942326149,San_Salvario,1.0,1.05,0,5,0.11349613343257708,"[{'sender': 'Aggregator', 'receiver': 96, 'amount': 0.21530690789222717, 'price_per_kWh': 0.11917094010420594, 'type': 'GRID_buy', 'hour': 4}]"
4,4,0.0,-0.061487604,0.35533945375944515,15,0.0,0.0,-0.23631300357683338,0.11003999571967206,San_Donato,1.0,1.05,0,5,0.11349613343257708,"[{'sender': 'Aggregator', 'receiver': 4, 'amount': 0.41682708263397217, 'price_per_kWh': 0.11917094010420594, 'type': 'GRID_buy', 'hour': 4}]"
4,14,2.5,-0.0011344933,0.4170770140342501,0,0.0,0.0,-0.23766728479123408,0.12303923527826217,San_Donato,1.0,1.05,0,5,0.11349613343257708,"[{'sender': 'Aggregator', 'receiver': 14, 'amount': 0.4182114899158478, 'price_per_kWh': 0.11917094010420594, 'type': 'GRID_buy', 'hour': 4}]"
4,17,1.25,-0.032296065,0.2541566046810448,10,0.0,0.0,-0.17108277247282666,0.11915324912309817,San_Donato,1.0,1.05,0,5,0.11349613343257708,"[{'sender': 'Aggregator', 'receiver': 17, 'amount': 0.28645268082618713, 'price_per_kWh': 0.11917094010420594, 'type': 'GRID_buy', 'hour': 4}]"
4,18,1.25,-0.033271067,0.43353839921825604,15,0.0,0.0,-0.2555551090291651,0.11447943183713884,San_Donato,1.0,1.05,0,5,0.11349613343257708,"[{'sender': 'Aggregator', 'receiver': 18, 'amount': 0.46680948138237, 'price_per_kWh': 0.11917094010420594, 'type': 'GRID_buy', 'hour': 4}]"
4,22,2.0,-0.017083125,0.4092556749848748,10,0.0,0.0,-0.25135062436553607,0.12278458965687182,San_Donato,1.0,1.05,0,5,0.11349613343257708,"[{'sender': 'Aggregator', 'receiver': 22, 'amount': 0.4263388216495514, 'price_per_kWh': 0.11917094010420594, 'type': 'GRID_buy', 'hour': 4}]"
4,29,2.0,-0.016666947,0.17720247407283393,10,0.0,0.0,-0.11149066744417427,0.10804659723540987,San_Donato,1.0,1.05,0,5,0.11349613343257708,"[{'sender': 'Aggregator', 'receiver': 29, 'amount': 0.1938694268465042, 'price_per_kWh': 0.11917094010420594, 'type': 'GRID_buy', 'hour': 4}]"
4,30,2.5,-0.0031675745,0.3062834338609467,10,0.0,0.0,-0.17689952370541517,0.12256603870511758,San_Donato,1.0,1.05,0,5,0.11349613343257708,"[{'sender': 'Aggregator', 'receiver': 30, 'amount': 0.30945101380348206, 'price_per_kWh': 0.11917094010420594, 'type': 'GRID_buy', 'hour': 4}]"
4,39,3.25,0.018830791,0.4742500287171582,15,0.0,0.0,-0.269963325149808,0.11155311623915404,San_Donato,1.0,1.05,0,5,0.11349613343257708,"[{'sender': 'Aggregator', 'receiver': 39, 'amount': 0.45541924238204956, 'price_per_kWh': 0.11917094010420594, 'type': 'GRID_buy', 'hour': 4}]"
4,45,4.5,0.034277234,0.36466095831848466,15,0.0,0.0,-0.22773146657042692,0.11651956832697256,San_Donato,1.0,1.05,0,5,0.11349613343257708,"[{'sender': 'Aggregator', 'receiver': 45, 'amount': 0.3303837180137634, 'price_per_kWh': 0.11917094010420594, 'type': 'GRID_buy', 'hour': 4}]"
4,53,4.25,0.023213878,0.4088849763131403,0,0.0,0.0,-0.24086279606865835,0.1021496787985436,San_Donato,1.0,1.05,0,5,0.11349613343257708,"[{'sender': 'Aggregator', 'receiver': 53, 'amount': 0.38567107915878296, 'price_per_kWh': 0.11917094010420594, 'type': 'GRID_buy', 'hour': 4}]"
4,54,0.75,-0.046340644,0.29987549220043347,10,0.0,0.0,-0.21492016874327752,0.12294053921427917,San_Donato,1.0,1.05,0,5,0.11349613343257708,"[{'sender': 'Aggregator', 'receiver': 54, 'amount': 0.3462161421775818, 'price_per_kWh': 0.11917094010420594, 'type': 'GRID_buy', 'hour': 4}]"
4,57,2.25,-0.00970299,0.2947762886253477,10,0.0,0.0,-0.1756077307328112,0.10393074425066176,San_Donato,1.0,1.05,0,5,0.11349613343257708,"[{'sender': 'Aggregator', 'receiver': 57, 'amount': 0.3044792711734772, 'price_per_kWh': 0.11917094010420594, 'type': 'GRID_buy', 'hour': 4}]"
4,58,3.0,0.005572073,0.43899955279942743,0,0.0,0.0,-0.268479962105562,0.1190742182274172,San_Donato,1.0,1.05,0,5,0.11349613343257708,"[{'sender': 'Aggregator', 'receiver': 58, 'amount': 0.43342748284339905, 'price_per_kWh': 0.11917094010420594, 'type': 'GRID_buy', 'hour': 4}]"
4,63,0.75,-0.044300497,0.45192344371958354,10,0.0,0.0,-0.28950670545390483,0.11147660176351766,San_Donato,1.0,1.05,0,5,0.11349613343257708,"[{'sender': 'Aggregator', 'receiver': 63, 'amount': 0.49622392654418945, 'price_per_kWh': 0.11917094010420594, 'type': 'GRID_buy', 'hour': 4}]"
4,66,1.5,-0.015487015,0.21628171811461877,0,0.0,0.0,-0.1345943507050438,0.11279179761637849,San_Donato,1.0,1.05,0,5,0.11349613343257708,"[{'sender': 'Aggregator', 'receiver': 66, 'amount': 0.23176872730255127, 'price_per_kWh': 0.11917094010420594, 'type': 'GRID_buy', 'hour': 4}]"
4,72,2.5,-0.0031675745,0.17464989786899626,0,0.0,0.0,-0.10615768687334731,0.1160866595865511,San_Donato,1.0,1.05,0,5,0.11349613343257708,"[{'sender': 'Aggregator', 'receiver': 72, 'amount': 0.1778174638748169, 'price_per_kWh': 0.11917094010420594, 'type': 'GRID_buy', 'hour': 4}]"
4,77,4.0,0.014242124,0.18645198822387596,0,0.0,0.0,-0.11291724493822108,0.12323344616421127,San_Donato,1.0,1.05,0,5,0.11349613343257708,"[{'sender': 'Aggregator', 'receiver': 77, 'amount': 0.17220985889434814, 'price_per_kWh': 0.11917094010420594, 'type': 'GRID_buy', 'hour': 4}]"
4,80,2.25,-0.012153598,0.19148122966140282,0,0.0,0.0,-0.12082552955062192,0.11149973115233465,San_Donato,1.0,1.05,0,5,0.11349613343257708,"[{'sender': 'Aggregator', 'receiver': 80, 'amount': 0.2036348283290863, 'price_per_kWh': 0.11917094010420594, 'type': 'GRID_buy', 'hour': 4}]"
4,81,0.5,-0.056996107,0.4232871057578094,0,0.0,0.0,-0.2574731428937675,0.11791503245151021,San_Donato,1.0,1.05,0,5,0.11349613343257708,"[{'sender': 'Aggregator', 'receiver': 81, 'amount': 0.4802832007408142, 'price_per_kWh': 0.11917094010420594, 'type': 'GRID_buy', 'hour': 4}]"
4,99,1.25,-0.033303656,0.42120207050042296,0,0.0,0.0,-0.25065062395878834,0.10912675452811593,San_Donato,1.0,1.05,0,5,0.11349613343257708,"[{'sender': 'Aggregator', 'receiver': 99, 'amount': 0.45450571179389954, 'price_per_kWh': 0.11917094010420594, 'type': 'GRID_buy', 'hour': 4}]"
4,2,0.5,-0.05403189,0.15599853159987404,0,0.0,0.0,-0.11961877453112228,0.10232641209469176,Centro,1.0,1.05,0,5,0.11349613343257708,"[{'sender': 'Aggregator', 'receiver': 2, 'amount': 0.2100304216146469, 'price_per_kWh': 0.11917094010420594, 'type': 'GRID_buy', 'hour': 4}]"
4,6,4.5,0.030704746,0.3791027752928123,0,0.0,0.0,-0.23944586612007282,0.11728044525195609,Centro,1.0,1.05,0,5,0.11349613343257708,"[{'sender': 'Aggregator', 'receiver': 6, 'amount': 0.34839802980422974, 'price_per_kWh': 0.11917094010420594, 'type': 'GRID_buy', 'hour': 4}]"
4,10,1.5,-0.0146115795,0.16841806305509952,15,0.0,0.0,-0.11312090136373366,0.11230781979032607,Centro,1.0,1.05,0,5,0.11349613343257708,"[{'sender': 'Aggregator', 'receiver': 10, 'amount': 0.1830296516418457, 'price_per_kWh': 0.11917094010420594, 'type': 'GRID_buy', 'hour': 4}]"
4,15,1.0,-0.03215655,0.47483869192237815,15,0.0,0.0,-0.2881984646839189,0.11555410647394941,Centro,1.0,1.05,0,5,0.11349613343257708,"[{'sender': 'Aggregator', 'receiver': 15, 'amount': 0.5069952607154846, 'price_per_kWh': 0.11917094010420594, 'type': 'GRID_buy', 'hour': 4}]"
4,23,2.75,0.006662287,0.3140929588581998,15,0.0,0.0,-0.2024491453173203,0.11897291990463366,Centro,1.0,1.05,0,5,0.11349613343257708,"[{'sender': 'Aggregator', 'receiver': 23, 'amount': 0.3074306845664978, 'price_per_kWh': 0.11917094010420594, 'type': 'GRID_buy', 'hour': 4}]"
4,25,3.25,0.015446174,0.30991493786667695,10,0.0,0.0,-0.19842302947799578,0.11124383571031869,Centro,1.0,1.05,0,5,0.11349613343257708,"[{'sender': 'Aggregator', 'receiver': 25, 'amount': 0.2944687604904175, 'price_per_kWh': 0.11917094010420594, 'type': 'GRID_buy', 'hour': 4}]"
4,37,4.5,0.032167625,0.3659611711775093,10,0.0,0.0,-0.21248777978110528,0.12412873141438835,Centro,1.0,1.05,0,5,0.11349613343257708,"[{'sender': 'Aggregator', 'receiver': 37, 'amount': 0.3337935507297516, 'price_per_kWh': 0.11917094010420594, 'type': 'GRID_buy', 'hour': 4}]"
4,60,4.25,0.021052152,0.16718168748013598,15,0.0,0.0,-0.09988065102868512,0.10615543335238913,Centro,1.0,1.05,0,5,0.11349613343257708,"[{'sender': 'Aggregator', 'receiver': 60, 'amount': 0.1461295336484909, 'price_per_kWh': 0.11917094010420594, 'type': 'GRID_buy', 'hour': 4}]"
4,62,2.25,-0.011374634,0.3389386061358279,15,0.0,0.0,-0.20875511604678054,0.11869019081503282,Centro,1.0,1.05,0,5,0.11349613343257708,"[{'sender': 'Aggregator', 'receiver': 62, 'amount': 0.3503132164478302, 'price_per_kWh': 0.11917094010420594, 'type': 'GRID_buy', 'hour': 4}]"
4,73,2.25,-0.010431431,0.3253873822552148,10,0.0,0.0,-0.19519658809946777,0.11400469861324783,Centro,1.0,1.05,0,5,0.11349613343257708,"[{'sender': 'Aggregator', 'receiver': 73, 'amount': 0.3358188271522522, 'price_per_kWh': 0.11917094010420594, 'type': 'GRID_buy', 'hour': 4}]"
4,85,2.0,-0.017517077,0.18900783342893926,15,0.0,0.0,-0.13037610490607837,0.10550571178902463,Centro,1.0,1.05,0,5,0.11349613343257708,"[{'sender': 'Aggregator', 'receiver': 85, 'amount': 0.20652490854263306, 'price_per_kWh': 0.11917094010420594, 'type': 'GRID_buy', 'hour': 4}]"
4,87,3.5,0.0125152,0.40163720145153214,0,0.0,0.0,-0.23978048132575097,0.10892660607181398,Centro,1.0,1.05,0,5,0.11349613343257708,"[{'sender': 'Aggregator', 'receiver': 87, 'amount': 0.38912200927734375, 'price_per_kWh': 0.11917094010420594, 'type': 'GRID_buy', 'hour': 4}]"
4,88,2.5,-0.0030959805,0.3766896166101772,10,0.0,0.0,-0.23236627355949366,0.12321005658684912,Centro,1.0,1.05,0,5,0.11349613343257708,"[{'sender': 'Aggregator', 'receiver': 88, 'amount': 0.37978559732437134, 'price_per_kWh': 0.11917094010420594, 'type': 'GRID_buy', 'hour': 4}]"
4,89,4.75,0.02663831,0.45223664626327875,0,0.0,0.0,-0.263780185868075,0.12279086308318513,Centro,1.0,1.05,0,5,0.11349613343257708,"[{'sender': 'Aggregator', 'receiver': 89, 'amount': 0.4255983531475067, 'price_per_kWh': 0.11917094010420594, 'type': 'GRID_buy', 'hour': 4}]"
4,97,3.0,0.004356744,0.37017059307704525,15,0.0,0.0,-0.24692334843043084,0.1102971776550168,Centro,1.0,1.05,0,5,0.11349613343257708,"[{'sender': 'Aggregator', 'receiver': 97, 'amount': 0.36581385135650635, 'price_per_kWh': 0.11917094010420594, 'type': 'GRID_buy', 'hour': 4}]"
4,7,4.25,0.020356411,0.19909936161024125,0,0.0,0.0,-0.12371174636001332,0.11956363280575598,Lingotto,1.0,1.05,0,5,0.11349613343257708,"[{'sender': 'Aggregator', 'receiver': 7, 'amount': 0.17874294519424438, 'price_per_kWh': 0.11917094010420594, 'type': 'GRID_buy', 'hour': 4}]"
4,8,3.25,0.019178854,0.2313163544785556,15,0.0,0.0,-0.13433668041261998,0.11959200114173185,Lingotto,1.0,1.05,0,5,0.11349613343257708,"[{'sender': 'Aggregator', 'receiver': 8, 'amount': 0.21213750541210175, 'price_per_kWh': 0.11917094010420594, 'type': 'GRID_buy', 'hour': 4}]"
4,16,0.0,-0.060693853,0.39447730975447504,0,0.0,0.0,-0.2739238150434899,0.11824460448777917,Lingotto,1.0,1.05,0,5,0.11349613343257708,"[{'sender': 'Aggregator', 'receiver': 16, 'amount': 0.4551711678504944, 'price_per_kWh': 0.11917094010420594, 'type': 'GRID_buy', 'hour': 4}]"
4,19,4.25,0.023494007,0.24768104469995547,10,0.0,0.0,-0.15371097620265928,0.10217961952993682,Lingotto,1.0,1.05,0,5,0.11349613343257708,"[{'sender': 'Aggregator', 'receiver': 19, 'amount': 0.22418704628944397, 'price_per_kWh': 0.11917094010420594, 'type': 'GRID_buy', 'hour': 4}]"
4,20,0.5,-0.05776341,0.1724077357535026,0,0.0,0.0,-0.12362516053841557,0.11617393320945625,Lingotto,1.0,1.05,0,5,0.11349613343257708,"[{'sender': 'Aggregator', 'receiver': 20, 'amount': 0.23017114400863647, 'price_per_kWh': 0.11917094010420594, 'type': 'GRID_buy', 'hour': 4}]"
4,27,4.25,0.019852672,0.2591170498593956,0,0.0,0.0,-0.16456501760766395,0.11365699435830956,Lingotto,1.0,1.05,0,5,0.11349613343257708,"[{'sender': 'Aggregator', 'receiver': 27, 'amount': 0.2392643690109253, 'price_per_kWh': 0.11917094010420594, 'type': 'GRID_buy', 'hour': 4}]"
4,32,2.25,-0.008147992,0.2282890730902045,0,0.0,0.0,-0.1533391682072267,0.10978629323892221,Lingotto,1.0,1.05,0,5,0.11349613343257708,"[{'sender': 'Aggregator', 'receiver': 32, 'amount': 0.23643705248832703, 'price_per_kWh': 0.11917094010420594, 'type': 'GRID_buy', 'hour': 4}]"
4,41,0.75,-0.044786673,0.14470544486580594,0,0.0,0.0,-0.1134719138852573,0.11584502848369789,Lingotto,1.0,1.05,0,5,0.11349613343257708,"[{'sender': 'Aggregator', 'receiver': 41, 'amount': 0.1894921213388443, 'price_per_kWh': 0.11917094010420594, 'type': 'GRID_buy', 'hour': 4}]"
4,42,4.0,0.014856292,0.46006037935788885,15,0.0,0.0,-0.26041108785661554,0.1057546530216471,Lingotto,1.0,1.05,0,5,0.11349613343257708,"[{'sender': 'Aggregator', 'receiver': 42, 'amount': 0.44520410895347595, 'price_per_kWh': 0.11917094010420594, 'type': 'GRID_buy', 'hour': 4}]"
4,48,4.5,0.034203343,0.27428813035474636,0,0.0,0.0,-0.1509722352988555,0.10939522861586023,Lingotto,1.0,1.05,0,5,0.11349613343257708,"[{'sender': 'Aggregator', 'receiver': 48, 'amount': 0.24008476734161377, 'price_per_kWh': 0.11917094010420594, 'type': 'GRID_buy', 'hour': 4}]"
4,49,0.5,-0.054386094,0.25111151609540605,10,0.0,0.0,-0.16851142093751875,0.11440033138054505,Lingotto,1.0,1.05,0,5,0.11349613343257708,"[{'sender': 'Aggregator', 'receiver': 49, 'amount': 0.30549758672714233, 'price_per_kWh': 0.11917094010420594, 'type': 'GRID_buy', 'hour': 4}]"
4,51,0.25,-0.060693853,0.45073365712867475,0,0.0,0.0,-0.2745608573297791,0.11705567846659386,Lingotto,1.0,1.05,0,5,0.11349613343257708,"[{'sender': 'Aggregator', 'receiver': 51, 'amount': 0.5114275217056274, 'price_per_kWh': 0.11917094010420594, 'type': 'GRID_buy', 'hour': 4}]"
4,64,0.5,-0.054509997,0.4388180833023061,10,0.0,0.0,-0.2754812674133725,0.1096616366108287,Lingotto,1.0,1.05,0,5,0.11349613343257708,"[{'sender': 'Aggregator', 'receiver': 64, 'amount': 0.4933280944824219, 'price_per_kWh': 0.11917094010420594, 'type': 'GRID_buy', 'hour': 4}]"
4,70,2.0,-0.015079495,0.33891876195315007,10,0.0,0.0,-0.21920657279085692,0.1178379757264593,Lingotto,1.0,1.05,0,5,0.11349613343257708,"[{'sender': 'Aggregator', 'receiver': 70, 'amount': 0.3539982736110687, 'price_per_kWh': 0.11917094010420594, 'type': 'GRID_buy', 'hour': 4}]"
4,76,3.5,0.013468215,0.40161122164485613,15,0.0,0.0,-0.25053230579575453,0.11845076603213747,Lingotto,1.0,1.05,0,5,0.11349613343257708,"[{'sender': 'Aggregator', 'receiver': 76, 'amount': 0.38814300298690796, 'price_per_kWh': 0.11917094010420594, 'type': 'GRID_buy', 'hour': 4}]"
4,82,0.25,-0.0626119,0.38737398775688875,0,0.0,0.0,-0.24707025058311413,0.10912546204268488,Lingotto,1.0,1.05,0,5,0.11349613343257708,"[{'sender': 'Aggregator', 'receiver': 82, 'amount': 0.44998589158058167, 'price_per_kWh': 0.11917094010420594, 'type': 'GRID_buy', 'hour': 4}]"
4,83,4.5,0.030816687,0.22875705913695227,0,0.0,0.0,-0.12714088524380507,0.12426535396728466,Lingotto,1.0,1.05,0,5,0.11349613343257708,"[{'sender': 'Aggregator', 'receiver': 83, 'amount': 0.19794036448001862, 'price_per_kWh': 0.11917094010420594, 'type': 'GRID_buy', 'hour': 4}]"
4,84,1.25,-0.033501167,0.23272360355944466,15,0.0,0.0,-0.16998349412158142,0.10864641363724906,Lingotto,1.0,1.05,0,5,0.11349613343257708,"[{'sender': 'Aggregator', 'receiver': 84, 'amount': 0.26622477173805237, 'price_per_kWh': 0.11917094010420594, 'type': 'GRID_buy', 'hour': 4}]"
4,86,3.25,0.019178854,0.37007590752122405,15,0.0,0.0,-0.23154215699268632,0.11538202736391155,Lingotto,1.0,1.05,0,5,0.11349613343257708,"[{'sender': 'Aggregator', 'receiver': 86, 'amount': 0.35089704394340515, 'price_per_kWh': 0.11917094010420594, 'type': 'GRID_buy', 'hour': 4}]"
4,90,1.75,-0.019678926,0.32293027893671666,10,0.0,0.0,-0.19476843036719227,0.11315746238451074,Lingotto,1.0,1.05,0,5,0.11349613343257708,"[{'sender': 'Aggregator', 'receiver': 90, 'amount': 0.3426091969013214, 'price_per_kWh': 0.11917094010420594, 'type': 'GRID_buy', 'hour': 4}]"
4,91,1.0,-0.030935215,0.3606764679456301,10,0.0,0.0,-0.23763526295194665,0.11289869768708193,Lingotto,1.0,1.05,0,5,0.11349613343257708,"[{'sender': 'Aggregator', 'receiver': 91, 'amount': 0.3916116952896118, 'price_per_kWh': 0.11917094010420594, 'type': 'GRID_buy', 'hour': 4}]"
4,94,1.25,-0.033377264,0.3050869000377953,15,0.0,0.0,-0.18768399511093434,0.10331454093757865,Lingotto,1.0,1.05,0,5,0.11349613343257708,"[{'sender': 'Aggregator', 'receiver': 94, 'amount': 0.3384641706943512, 'price_per_kWh': 0.11917094010420594, 'type': 'GRID_buy', 'hour': 4}]"
5,0,4.0,0.07780643,0.41146176940150536,0,0.0,0.0,-0.2849061522665486,0.10643503677388395,Barriera_di_Milano,1.0,1.05,0,6,0.10886357455224814,"[{'sender': 'Aggregator', 'receiver': 0, 'amount': 0.33365535736083984, 'price_per_kWh': 0.12002209094385358, 'type': 'GRID_buy', 'hour': 5}]"
5,1,3.75,0.06294137,0.2479409624272651,10,0.0,0.0,-0.15548475406631027,0.10747382552800099,Barriera_di_Milano,1.0,1.05,0,6,0.10886357455224814,"[{'sender': 'Aggregator', 'receiver': 1, 'amount': 0.18499958515167236, 'price_per_kWh': 0.12002209094385358, 'type': 'GRID_buy', 'hour': 5}]"
5,26,4.0,0.07858242,0.42251467334684545,10,0.0,0.0,-0.2905592458427951,0.11971523598696918,Barriera_di_Milano,1.0,1.05,0,6,0.10886357455224814,"[{'sender': 'Aggregator', 'receiver': 26, 'amount': 0.34393227100372314, 'price_per_kWh': 0.12002209094385358, 'type': 'GRID_buy', 'hour': 5}]"
5,31,3.75,0.06602332,0.41761713711210535,10,0.0,0.0,-0.298365681125645,0.1010398804269346,Barriera_di_Milano,1.0,1.05,0,6,0.10886357455224814,"[{'sender': 'Aggregator', 'receiver': 31, 'amount': 0.35159382224082947, 'price_per_kWh': 0.12002209094385358, 'type': 'GRID_buy', 'hour': 5}]"
5,34,3.75,0.06603797,0.20620801751058676,15,0.0,0.0,-0.13725972796287053,0.10492688320998048,Barriera_di_Milano,1.0,1.05,0,6,0.10886357455224814,"[{'sender': 'Aggregator', 'receiver': 34, 'amount': 0.14017005264759064, 'price_per_kWh': 0.12002209094385358, 'type': 'GRID_buy', 'hour': 5}]"
5,35,4.5,0.12217655,0.3898463492052433,15,0.0,0.0,-0.23884909840350238,0.1136804466320006,Barriera_di_Milano,1.0,1.05,0,6,0.10886357455224814,"[{'sender': 'Aggregator', 'receiver': 35, 'amount': 0.26766979694366455, 'price_per_kWh': 0.12002209094385358, 'type': 'GRID_buy', 'hour': 5}]"
5,38,3.75,0.06653504,0.17614377499779077,15,0.0,0.0,-0.10981218403177215,0.11348386924346457,Barriera_di_Milano,1.0,1.05,0,6,0.10886357455224814,"[{'sender': 'Aggregator', 'receiver': 38, 'amount': 0.1096087396144867, 'price_per_kWh': 0.12002209094385358, 'type': 'GRID_buy', 'hour': 5}]"
5,46,3.75,0.06639759,0.4025236851670348,0,0.0,0.0,-0.26704164833995436,0.10891285982038318,Barriera_di_Milano,1.0,1.05,0,6,0.10886357455224814,"[{'sender': 'Aggregator', 'receiver': 46, 'amount': 0.33612608909606934, 'price_per_kWh': 0.12002209094385358, 'type': 'GRID_buy', 'hour': 5}]"
5,47,1.25,-0.003431933,0.39243772526270543,10,0.0,0.0,-0.30247579889038045,0.10488714755418108,Barriera_di_Milano,1.0,1.05,0,6,0.10886357455224814,"[{'sender': 'Aggregator', 'receiver': 47, 'amount': 0.3958696722984314, 'price_per_kWh': 0.12002209094385358, 'type': 'GRID_buy', 'hour': 5}]"
5,55,2.25,0.029072285,0.18771507112101388,10,0.0,0.0,-0.13242910791755486,0.09829529548024475,Barriera_di_Milano,1.0,1.05,0,6,0.10886357455224814,"[{'sender': 'Aggregator', 'receiver': 55, 'amount': 0.15864278376102448, 'price_per_kWh': 0.12002209094385358, 'type': 'GRID_buy', 'hour': 5}]"
5,59,0.75,-0.033282533,0.3348973622418138,0,0.0,0.0,-0.2715978303321744,0.11082471768518772,Barriera_di_Milano,1.0,1.05,0,6,0.10886357455224814,"[{'sender': 'Aggregator', 'receiver': 59, 'amount': 0.36817991733551025, 'price_per_kWh': 0.12002209094385358, 'type': 'GRID_buy', 'hour': 5}]"
5,61,2.5,0.034375194,0.2597420748287901,0,0.0,0.0,-0.17540481627710985,0.09800982846065585,Barriera_di_Milano,1.0,1.05,0,6,0.10886357455224814,"[{'sender': 'Aggregator', 'receiver': 61, 'amount': 0.22536689043045044, 'price_per_kWh': 0.12002209094385358, 'type': 'GRID_buy', 'hour': 5}]"
5,65,3.25,0.06121176,0.18666413088661876,0,0.0,0.0,-0.13387400080949782,0.10074669491509057,Barriera_di_Milano,1.0,1.05,0,6,0.10886357455224814,"[{'sender': 'Aggregator', 'receiver': 65, 'amount': 0.12545236945152283, 'price_per_kWh': 0.12002209094385358, 'type': 'GRID_buy', 'hour': 5}]"
5,67,0.25,-0.055109564,0.3805503158395369,0,0.0,0.0,-0.3095781210229543,0.10104730861513685,Barriera_di_Milano,1.0,1.05,0,6,0.10886357455224814,"[{'sender': 'Aggregator', 'receiver': 67, 'amount': 0.43565988540649414, 'price_per_kWh': 0.12002209094385358, 'type': 'GRID_buy', 'hour': 5}]"
5,68,2.75,0.04440916,0.19748657439763043,10,0.0,0.0,-0.13043731410099763,0.09943845712386996,Barriera_di_Milano,1.0,1.05,0,6,0.10886357455224814,"[{'sender': 'Aggregator', 'receiver': 68, 'amount': 0.15307742357254028, 'price_per_kWh': 0.12002209094385358, 'type': 'GRID_buy', 'hour': 5}]"
5,69,0.5,-0.048875753,0.15212790047844624,0,0.0,0.0,-0.14098696958569473,0.10988924418289589,Barriera_di_Milano,1.0,1.05,0,6,0.10886357455224814,"[{'sender': 'Aggregator', 'receiver': 69, 'amount': 0.20100365579128265, 'price_per_kWh': 0.12002209094385358, 'type': 'GRID_buy', 'hour': 5}]"
5,74,2.0,0.019600285,0.3934282895854435,0,0.0,0.0,-0.2976744544825553,0.11797857322312462,Barriera_di_Milano,1.0,1.05,0,6,0.10886357455224814,"[{'sender': 'Aggregator', 'receiver': 74, 'amount': 0.3738280236721039, 'price_per_kWh': 0.12002209094385358, 'type': 'GRID_buy', 'hour': 5}]"
5,78,4.75,0.116416,0.23281783058567485,0,0.0,0.0,-0.1560064037398036,0.11205116484652869,Barriera_di_Milano,1.0,1.05,0,6,0.10886357455224814,"[{'sender': 'Aggregator', 'receiver': 78, 'amount': 0.11640182882547379, 'price_per_kWh': 0.12002209094385358, 'type': 'GRID_buy', 'hour': 5}]"
5,79,0.0,-0.05551062,0.18940699532352437,0,0.0,0.0,-0.1700956781603867,0.119730015839902,Barriera_di_Milano,1.0,1.05,0,6,0.10886357455224814,"[{'sender': 'Aggregator', 'receiver': 79, 'amount': 0.2449176162481308, 'price_per_kWh': 0.12002209094385358, 'type': 'GRID_buy', 'hour': 5}]"
5,92,2.25,0.029473107,0.3659131117775909,10,0.0,0.0,-0.27459350366797297,0.10694328094814118,Barriera_di_Milano,1.0,1.05,0,6,0.10886357455224814,"[{'sender': 'Aggregator', 'receiver': 92, 'amount': 0.3364400267601013, 'price_per_kWh': 0.12002209094385358, 'type': 'GRID_buy', 'hour': 5}]"
5,93,0.75,-0.034531802,0.18268780460639286,10,0.0,0.0,-0.15619565315740636,0.1062101565839792,Barriera_di_Milano,1.0,1.05,0,6,0.10886357455224814,"[{'sender': 'Aggregator', 'receiver': 93, 'amount': 0.21721960604190826, 'price_per_kWh': 0.12002209094385358, 'type': 'GRID_buy', 'hour': 5}]"
5,98,3.25,0.061411068,0.2951263899010841,15,0.0,0.0,-0.19401358959061038,0.11046120918013898,Barriera_di_Milano,1.0,1.05,0,6,0.10886357455224814,"[{'sender': 'Aggregator', 'receiver': 98, 'amount': 0.23371531069278717, 'price_per_kWh': 0.12002209094385358, 'type': 'GRID_buy', 'hour': 5}]"
5,3,0.25,-0.051259197,0.2656392180611268,0,0.0,0.0,-0.23026337309786665,0.1086483412076524,San_Salvario,1.0,1.05,0,6,0.10886357455224814,"[{'sender': 'Aggregator', 'receiver': 3, 'amount': 0.3168984055519104, 'price_per_kWh': 0.12002209094385358, 'type': 'GRID_buy', 'hour': 5}]"
5,5,2.75,0.04156838,0.19562302151924385,15,0.0,0.0,-0.15622580471421188,0.10228439546130809,San_Salvario,1.0,1.05,0,6,0.10886357455224814,"[{'sender': 'Aggregator', 'receiver': 5, 'amount': 0.1540546417236328, 'price_per_kWh': 0.12002209094385358, 'type': 'GRID_buy', 'hour': 5}]"
5,9,1.75,0.008831151,0.2782150463986091,0,0.0,0.0,-0.19025660619457616,0.0994501666676448,San_Salvario,1.0,1.05,0,6,0.10886357455224814,"[{'sender': 'Aggregator', 'receiver': 9, 'amount': 0.26938390731811523, 'price_per_kWh': 0.12002209094385358, 'type': 'GRID_buy', 'hour': 5}]"
5,11,2.25,-0.0050125625,0.23525763614666007,10,0.0,0.0,-0.1989051364827177,0.11316635383678987,San_Salvario,1.0,1.05,0,6,0.10886357455224814,"[{'sender': 'Aggregator', 'receiver': 11, 'amount': 0.24027019739151, 'price_per_kWh': 0.12002209094385358, 'type': 'GRID_buy', 'hour': 5}]"
5,12,0.75,-0.03265391,0.3635118826348609,10,0.0,0.0,-0.2886724080675514,0.10762160643485597,San_Salvario,1.0,1.05,0,6,0.10886357455224814,"[{'sender': 'Aggregator', 'receiver': 12, 'amount': 0.39616578817367554, 'price_per_kWh': 0.12002209094385358, 'type': 'GRID_buy', 'hour': 5}]"
5,13,4.5,0.11672656,0.17952656764175426,0,0.0,0.0,-0.11178120367740635,0.10472053364302028,San_Salvario,1.0,1.05,0,6,0.10886357455224814,"[{'sender': 'Aggregator', 'receiver': 13, 'amount': 0.06280000507831573, 'price_per_kWh': 0.12002209094385358, 'type': 'GRID_buy', 'hour': 5}]"
5,21,0.0,-0.05124294,0.4685245396618832,15,0.0,0.0,-0.3628755610464346,0.09928493421587216,San_Salvario,1.0,1.05,0,6,0.10886357455224814,"[{'sender': 'Aggregator', 'receiver': 21, 'amount': 0.5197674632072449, 'price_per_kWh': 0.12002209094385358, 'type': 'GRID_buy', 'hour': 5}]"
5,24,2.25,0.019962009,0.34090045845025285,15,0.0,0.0,-0.2740886905817961,0.10906508911468595,San_Salvario,1.0,1.05,0,6,0.10886357455224814,"[{'sender': 'Aggregator', 'receiver': 24, 'amount': 0.32093843817710876, 'price_per_kWh': 0.12002209094385358, 'type': 'GRID_buy', 'hour': 5}]"
5,28,3.25,0.058352668,0.24211943785965254,10,0.0,0.0,-0.17020844648511602,0.11546037472422749,San_Salvario,1.0,1.05,0,6,0.10886357455224814,"[{'sender': 'Aggregator', 'receiver': 28, 'amount': 0.18376676738262177, 'price_per_kWh': 0.12002209094385358, 'type': 'GRID_buy', 'hour': 5}]"
5,33,0.5,-0.04569605,0.19828964047077138,15,0.0,0.0,-0.17423637227848812,0.10990264850499958,San_Salvario,1.0,1.05,0,6,0.10886357455224814,"[{'sender': 'Aggregator', 'receiver': 33, 'amount': 0.24398569762706757, 'price_per_kWh': 0.12002209094385358, 'type': 'GRID_buy', 'hour': 5}]"
5,36,1.75,0.008989638,0.35472929200350667,10,0.0,0.0,-0.2647051558340859,0.11463043633934322,San_Salvario,1.0,1.05,0,6,0.10886357455224814,"[{'sender': 'Aggregator', 'receiver': 36, 'amount': 0.3457396626472473, 'price_per_kWh': 0.12002209094385358, 'type': 'GRID_buy', 'hour': 5}]"
5,40,2.75,0.044019252,0.26369119268805297,15,0.0,0.0,-0.20002762356274847,0.10300676777555424,San_Salvario,1.0,1.05,0,6,0.10886357455224814,"[{'sender': 'Aggregator', 'receiver': 40, 'amount': 0.21967193484306335, 'price_per_kWh': 0.12002209094385358, 'type': 'GRID_buy', 'hour': 5}]"
5,43,2.25,0.025614029,0.18496383120374668,15,0.0,0.0,-0.12915785527466392,0.10953892187647758,San_Salvario,1.0,1.05,0,6,0.10886357455224814,"[{'sender': 'Aggregator', 'receiver': 43, 'amount': 0.15934981405735016, 'price_per_kWh': 0.12002209094385358, 'type': 'GRID_buy', 'hour': 5}]"
5,44,3.25,0.027274573,0.3934549037965857,10,0.0,0.0,-0.2899985607500064,0.11967165370891499,San_Salvario,1.0,1.05,0,6,0.10886357455224814,"[{'sender': 'Aggregator', 'receiver': 44, 'amount': 0.36618033051490784, 'price_per_kWh': 0.12002209094385358, 'type': 'GRID_buy', 'hour': 5}]"
5,50,1.25,-0.0038288208,0.20393394091170888,10,0.0,0.0,-0.1437117665667737,0.09874830962940417,San_Salvario,1.0,1.05,0,6,0.10886357455224814,"[{'sender': 'Aggregator', 'receiver': 50, 'amount': 0.20776276290416718, 'price_per_kWh': 0.12002209094385358, 'type': 'GRID_buy', 'hour': 5}]"
5,52,2.75,0.039790884,0.1865556398973662,10,0.0,0.0,-0.14561628105650223,0.10204963542382947,San_Salvario,1.0,1.05,0,6,0.10886357455224814,"[{'sender': 'Aggregator', 'receiver': 52, 'amount': 0.14676475524902344, 'price_per_kWh': 0.12002209094385358, 'type': 'GRID_buy', 'hour': 5}]"
5,56,0.5,-0.045721155,0.33743607440845425,15,0.0,0.0,-0.271392162051992,0.11615061478269968,San_Salvario,1.0,1.05,0,6,0.10886357455224814,"[{'sender': 'Aggregator', 'receiver': 56, 'amount': 0.38315722346305847, 'price_per_kWh': 0.12002209094385358, 'type': 'GRID_buy', 'hour': 5}]"
5,71,4.25,0.05266888,0.21850555667952312,10,0.0,0.0,-0.14944461673899032,0.10584898054959307,San_Salvario,1.0,1.05,0,6,0.10886357455224814,"[{'sender': 'Aggregator', 'receiver': 71, 'amount': 0.16583667695522308, 'price_per_kWh': 0.12002209094385358, 'type': 'GRID_buy', 'hour': 5}]"
5,75,0.75,-0.03196474,0.15188966814841853,0,0.0,0.0,-0.13128981744303925,0.11655965323676842,San_Salvario,1.0,1.05,0,6,0.10886357455224814,"[{'sender': 'Aggregator', 'receiver': 75, 'amount': 0.18385440111160278, 'price_per_kWh': 0.12002209094385358, 'type': 'GRID_buy', 'hour': 5}]"
5,95,1.75,0.0073083686,0.3265002054310031,0,0.0,0.0,-0.24591908684585392,0.11502811319841526,San_Salvario,1.0,1.05,0,6,0.10886357455224814,"[{'sender': 'Aggregator', 'receiver': 95, 'amount': 0.3191918432712555, 'price_per_kWh': 0.12002209094385358, 'type': 'GRID_buy', 'hour': 5}]"
5,96,1.25,-0.004281108,0.20311033138937967,15,0.0,0.0,-0.15036181806674698,0.09988154784950179,San_Salvario,1.0,1.05,0,6,0.10886357455224814,"[{'sender': 'Aggregator', 'receiver': 96, 'amount': 0.20739144086837769, 'price_per_kWh': 0.12002209094385358, 'type': 'GRID_buy', 'hour': 5}]"
5,4,0.0,-0.051520612,0.39100223287701424,15,0.0,0.0,-0.28942552175789443,0.10744965769911288,San_Donato,1.0,1.05,0,6,0.10886357455224814,"[{'sender': 'Aggregator', 'receiver': 4, 'amount': 0.4425228536128998, 'price_per_kWh': 0.12002209094385358, 'type': 'GRID_buy', 'hour': 5}]"
5,14,2.5,0.033636782,0.4133685520569458,0,0.0,0.0,-0.2832434863441569,0.10116855833982213,San_Donato,1.0,1.05,0,6,0.10886357455224814,"[{'sender': 'Aggregator', 'receiver': 14, 'amount': 0.37973177433013916, 'price_per_kWh': 0.12002209094385358, 'type': 'GRID_buy', 'hour': 5}]"
5,17,1.25,-0.0020188687,0.2562928134622703,10,0.0,0.0,-0.20208588148984213,0.10148177826046004,San_Donato,1.0,1.05,0,6,0.10886357455224814,"[{'sender': 'Aggregator', 'receiver': 17, 'amount': 0.2583116888999939, 'price_per_kWh': 0.12002209094385358, 'type': 'GRID_buy', 'hour': 5}]"
5,18,1.25,-0.0044985204,0.41135241704609854,15,0.0,0.0,-0.3054664080528522,0.10312464415858265,San_Donato,1.0,1.05,0,6,0.10886357455224814,"[{'sender': 'Aggregator', 'receiver': 18, 'amount': 0.4158509373664856, 'price_per_kWh': 0.12002209094385358, 'type': 'GRID_buy', 'hour': 5}]"
5,22,2.0,0.018141633,0.355257606447871,10,0.0,0.0,-0.2918119883636741,0.10125841832721603,San_Donato,1.0,1.05,0,6,0.10886357455224814,"[{'sender': 'Aggregator', 'receiver': 22, 'amount': 0.33711597323417664, 'price_per_kWh': 0.12002209094385358, 'type': 'GRID_buy', 'hour': 5}]"
5,29,2.0,0.018557804,0.17564246593871014,10,0.0,0.0,-0.13034429664158492,0.10328244453764836,San_Donato,1.0,1.05,0,6,0.10886357455224814,"[{'sender': 'Aggregator', 'receiver': 29, 'amount': 0.157084658741951, 'price_per_kWh': 0.12002209094385358, 'type': 'GRID_buy', 'hour': 5}]"
5,30,2.5,0.03009908,0.2816545741829287,10,0.0,0.0,-0.20709173751672244,0.11381116307657778,San_Donato,1.0,1.05,0,6,0.10886357455224814,"[{'sender': 'Aggregator', 'receiver': 30, 'amount': 0.251555472612381, 'price_per_kWh': 0.12002209094385358, 'type': 'GRID_buy', 'hour': 5}]"
5,39,3.25,0.063262224,0.45082153913189,15,0.0,0.0,-0.3164790056414389,0.10619274193857035,San_Donato,1.0,1.05,0,6,0.10886357455224814,"[{'sender': 'Aggregator', 'receiver': 39, 'amount': 0.38755932450294495, 'price_per_kWh': 0.12002209094385358, 'type': 'GRID_buy', 'hour': 5}]"
5,45,4.5,0.11873496,0.38087968817953305,15,0.0,0.0,-0.25919462692280204,0.10916256450566476,San_Donato,1.0,1.05,0,6,0.10886357455224814,"[{'sender': 'Aggregator', 'receiver': 45, 'amount': 0.2621447443962097, 'price_per_kWh': 0.12002209094385358, 'type': 'GRID_buy', 'hour': 5}]"
5,53,4.25,0.086838,0.36673049768967697,0,0.0,0.0,-0.27445607966408286,0.10550824503257643,San_Donato,1.0,1.05,0,6,0.10886357455224814,"[{'sender': 'Aggregator', 'receiver': 53, 'amount': 0.2798925042152405, 'price_per_kWh': 0.12002209094385358, 'type': 'GRID_buy', 'hour': 5}]"
5,54,0.75,-0.029866688,0.3231823684474712,10,0.0,0.0,-0.25729385628761503,0.10989527033881309,San_Donato,1.0,1.05,0,6,0.10886357455224814,"[{'sender': 'Aggregator', 'receiver': 54, 'amount': 0.35304906964302063, 'price_per_kWh': 0.12002209094385358, 'type': 'GRID_buy', 'hour': 5}]"
5,57,2.25,0.026571663,0.3053219421882446,10,0.0,0.0,-0.20906392106199878,0.11344376868635335,San_Donato,1.0,1.05,0,6,0.10886357455224814,"[{'sender': 'Aggregator', 'receiver': 57, 'amount': 0.2787502706050873, 'price_per_kWh': 0.12002209094385358, 'type': 'GRID_buy', 'hour': 5}]"
5,58,3.0,0.044027105,0.453728310918847,0,0.0,0.0,-0.3176531601694038,0.10724908640773397,San_Donato,1.0,1.05,0,6,0.10886357455224814,"[{'sender': 'Aggregator', 'receiver': 58, 'amount': 0.40970122814178467, 'price_per_kWh': 0.12002209094385358, 'type': 'GRID_buy', 'hour': 5}]"
5,63,0.75,-0.029331151,0.45431134777457266,10,0.0,0.0,-0.34755448821913226,0.10588288045909043,San_Donato,1.0,1.05,0,6,0.10886357455224814,"[{'sender': 'Aggregator', 'receiver': 63, 'amount': 0.48364248871803284, 'price_per_kWh': 0.12002209094385358, 'type': 'GRID_buy', 'hour': 5}]"
5,66,1.5,-0.0024702742,0.19953007365935915,0,0.0,0.0,-0.1588388550546354,0.11500715702254219,San_Donato,1.0,1.05,0,6,0.10886357455224814,"[{'sender': 'Aggregator', 'receiver': 66, 'amount': 0.20200034976005554, 'price_per_kWh': 0.12002209094385358, 'type': 'GRID_buy', 'hour': 5}]"
5,72,2.5,0.03009908,0.18760405577053332,0,0.0,0.0,-0.12506176340241376,0.10344332253423996,San_Donato,1.0,1.05,0,6,0.10886357455224814,"[{'sender': 'Aggregator', 'receiver': 72, 'amount': 0.15750497579574585, 'price_per_kWh': 0.12002209094385358, 'type': 'GRID_buy', 'hour': 5}]"
5,77,4.0,0.08088459,0.195488261282477,0,0.0,0.0,-0.12667221685558336,0.10677842665910252,San_Donato,1.0,1.05,0,6,0.10886357455224814,"[{'sender': 'Aggregator', 'receiver': 77, 'amount': 0.1146036684513092, 'price_per_kWh': 0.12002209094385358, 'type': 'GRID_buy', 'hour': 5}]"
5,80,2.25,0.022616485,0.17865644127718724,0,0.0,0.0,-0.13955377100828506,0.11355292430467273,San_Donato,1.0,1.05,0,6,0.10886357455224814,"[{'sender': 'Aggregator', 'receiver': 80, 'amount': 0.15603995323181152, 'price_per_kWh': 0.12002209094385358, 'type': 'GRID_buy', 'hour': 5}]"
5,81,0.5,-0.047029182,0.39322364471376287,0,0.0,0.0,-0.31031320935682294,0.10204579723667855,San_Donato,1.0,1.05,0,6,0.10886357455224814,"[{'sender': 'Aggregator', 'receiver': 81, 'amount': 0.4402528405189514, 'price_per_kWh': 0.12002209094385358, 'type': 'GRID_buy', 'hour': 5}]"
5,99,1.25,-0.0045311064,0.4041897290191292,0,0.0,0.0,-0.2997061551015006,0.1112016773108394,San_Donato,1.0,1.05,0,6,0.10886357455224814,"[{'sender': 'Aggregator', 'receiver': 99, 'amount': 0.40872085094451904, 'price_per_kWh': 0.12002209094385358, 'type': 'GRID_buy', 'hour': 5}]"
5,2,0.5,-0.045569565,0.15968899119696253,0,0.0,0.0,-0.14425433646582408,0.1087440803709667,Centro,1.0,1.05,0,6,0.10886357455224814,"[{'sender': 'Aggregator', 'receiver': 2, 'amount': 0.2052585631608963, 'price_per_kWh': 0.12002209094385358, 'type': 'GRID_buy', 'hour': 5}]"
5,6,4.5,0.11276404,0.3847145827295822,0,0.0,0.0,-0.2720859389154622,0.11380738575769118,Centro,1.0,1.05,0,6,0.10886357455224814,"[{'sender': 'Aggregator', 'receiver': 6, 'amount': 0.27195054292678833, 'price_per_kWh': 0.12002209094385358, 'type': 'GRID_buy', 'hour': 5}]"
5,10,1.5,-0.0027998495,0.159864031170572,15,0.0,0.0,-0.13264416179201768,0.09918167652793257,Centro,1.0,1.05,0,6,0.10886357455224814,"[{'sender': 'Aggregator', 'receiver': 10, 'amount': 0.16266389191150665, 'price_per_kWh': 0.12002209094385358, 'type': 'GRID_buy', 'hour': 5}]"
5,15,1.0,-0.01367349,0.46741617823513476,15,0.0,0.0,-0.34593985059855564,0.10367407638366143,Centro,1.0,1.05,0,6,0.10886357455224814,"[{'sender': 'Aggregator', 'receiver': 15, 'amount': 0.48108965158462524, 'price_per_kWh': 0.12002209094385358, 'type': 'GRID_buy', 'hour': 5}]"
5,23,2.75,0.040041603,0.3728783683143656,15,0.0,0.0,-0.24239691123249085,0.10066708505091812,Centro,1.0,1.05,0,6,0.10886357455224814,"[{'sender': 'Aggregator', 'receiver': 23, 'amount': 0.332836776971817, 'price_per_kWh': 0.12002209094385358, 'type': 'GRID_buy', 'hour': 5}]"
5,25,3.25,0.057479393,0.30806922772822326,10,0.0,0.0,-0.2284993469520123,0.10599545865488798,Centro,1.0,1.05,0,6,0.10886357455224814,"[{'sender': 'Aggregator', 'receiver': 25, 'amount': 0.25058984756469727, 'price_per_kWh': 0.12002209094385358, 'type': 'GRID_buy', 'hour': 5}]"
5,37,4.5,0.11422693,0.40676313777175777,10,0.0,0.0,-0.2475985860729984,0.10836228227694723,Centro,1.0,1.05,0,6,0.10886357455224814,"[{'sender': 'Aggregator', 'receiver': 37, 'amount': 0.292536199092865, 'price_per_kWh': 0.12002209094385358, 'type': 'GRID_buy', 'hour': 5}]"
5,60,4.25,0.08227801,0.15505434530387,15,0.0,0.0,-0.1086154186262718,0.11284304670356597,Centro,1.0,1.05,0,6,0.10886357455224814,"[{'sender': 'Aggregator', 'receiver': 60, 'amount': 0.07277633249759674, 'price_per_kWh': 0.12002209094385358, 'type': 'GRID_buy', 'hour': 5}]"
5,62,2.25,0.023395445,0.30715966224965835,15,0.0,0.0,-0.2428130902649159,0.10454684107724607,Centro,1.0,1.05,0,6,0.10886357455224814,"[{'sender': 'Aggregator', 'receiver': 62, 'amount': 0.28376421332359314, 'price_per_kWh': 0.12002209094385358, 'type': 'GRID_buy', 'hour': 5}]"
5,73,2.25,0.024338651,0.3386467182729876,10,0.0,0.0,-0.2329204971362473,0.1116124992333071,Centro,1.0,1.05,0,6,0.10886357455224814,"[{'sender': 'Aggregator', 'receiver': 73, 'amount': 0.3143080472946167, 'price_per_kWh': 0.12002209094385358, 'type': 'GRID_buy', 'hour': 5}]"
5,85,2.0,0.016203063,0.20348003250417257,15,0.0,0.0,-0.15285347894965257,0.10809893497574014,Centro,1.0,1.05,0,6,0.10886357455224814,"[{'sender': 'Aggregator', 'receiver': 85, 'amount': 0.18727697432041168, 'price_per_kWh': 0.12002209094385358, 'type': 'GRID_buy', 'hour': 5}]"
5,87,3.5,0.054548368,0.4264226638452824,0,0.0,0.0,-0.28441360911823255,0.10802139126104982,Centro,1.0,1.05,0,6,0.10886357455224814,"[{'sender': 'Aggregator', 'receiver': 87, 'amount': 0.37187427282333374, 'price_per_kWh': 0.12002209094385358, 'type': 'GRID_buy', 'hour': 5}]"
5,88,2.5,0.030170677,0.3500552468092552,10,0.0,0.0,-0.2707594883258752,0.11614397599284393,Centro,1.0,1.05,0,6,0.10886357455224814,"[{'sender': 'Aggregator', 'receiver': 88, 'amount': 0.3198845684528351, 'price_per_kWh': 0.12002209094385358, 'type': 'GRID_buy', 'hour': 5}]"
5,89,4.75,0.10790681,0.41575887073298373,0,0.0,0.0,-0.3007292337629674,0.11591641425981276,Centro,1.0,1.05,0,6,0.10886357455224814,"[{'sender': 'Aggregator', 'receiver': 89, 'amount': 0.3078520596027374, 'price_per_kWh': 0.12002209094385358, 'type': 'GRID_buy', 'hour': 5}]"
5,97,3.0,0.040413506,0.4010967465688732,15,0.0,0.0,-0.2902133077459093,0.11226317170510286,Centro,1.0,1.05,0,6,0.10886357455224814,"[{'sender': 'Aggregator', 'receiver': 97, 'amount': 0.36068326234817505, 'price_per_kWh': 0.12002209094385358, 'type': 'GRID_buy', 'hour': 5}]"
5,7,4.25,0.08161156,0.23055880072673593,0,0.0,0.0,-0.1415887054157598,0.1175169192721256,Lingotto,1.0,1.05,0,6,0.10886357455224814,"[{'sender': 'Aggregator', 'receiver': 7, 'amount': 0.14894723892211914, 'price_per_kWh': 0.12002209094385358, 'type': 'GRID_buy', 'hour': 5}]"
5,8,3.25,0.06363959,0.2385284379198525,15,0.0,0.0,-0.1553272057833803,0.11825317582019283,Lingotto,1.0,1.05,0,6,0.10886357455224814,"[{'sender': 'Aggregator', 'receiver': 8, 'amount': 0.17488884925842285, 'price_per_kWh': 0.12002209094385358, 'type': 'GRID_buy', 'hour': 5}]"
5,16,0.0,-0.05220215,0.4020940164933875,0,0.0,0.0,-0.32844939147453406,0.09915323550434531,Lingotto,1.0,1.05,0,6,0.10886357455224814,"[{'sender': 'Aggregator', 'receiver': 16, 'amount': 0.45429617166519165, 'price_per_kWh': 0.12002209094385358, 'type': 'GRID_buy', 'hour': 5}]"
5,19,4.25,0.08714742,0.2516905534755742,10,0.0,0.0,-0.17345978933884465,0.10232690257533895,Lingotto,1.0,1.05,0,6,0.10886357455224814,"[{'sender': 'Aggregator', 'receiver': 19, 'amount': 0.16454315185546875, 'price_per_kWh': 0.12002209094385358, 'type': 'GRID_buy', 'hour': 5}]"
5,20,0.5,-0.047767173,0.15865964132968913,0,0.0,0.0,-0.14840093840539717,0.09963156928555758,Lingotto,1.0,1.05,0,6,0.10886357455224814,"[{'sender': 'Aggregator', 'receiver': 20, 'amount': 0.20642681419849396, 'price_per_kWh': 0.12002209094385358, 'type': 'GRID_buy', 'hour': 5}]"
5,27,4.25,0.08110782,0.2810404072135056,0,0.0,0.0,-0.18856134333405739,0.11104526631034987,Lingotto,1.0,1.05,0,6,0.10886357455224814,"[{'sender': 'Aggregator', 'receiver': 27, 'amount': 0.19993257522583008, 'price_per_kWh': 0.12002209094385358, 'type': 'GRID_buy', 'hour': 5}]"
5,32,2.25,0.028155932,0.2166606828605145,0,0.0,0.0,-0.17596390132636544,0.10180817037669876,Lingotto,1.0,1.05,0,6,0.10886357455224814,"[{'sender': 'Aggregator', 'receiver': 32, 'amount': 0.18850474059581757, 'price_per_kWh': 0.12002209094385358, 'type': 'GRID_buy', 'hour': 5}]"
5,41,0.75,-0.029788025,0.1667373272911593,0,0.0,0.0,-0.1370592991297693,0.10411561794261377,Lingotto,1.0,1.05,0,6,0.10886357455224814,"[{'sender': 'Aggregator', 'receiver': 41, 'amount': 0.19652536511421204, 'price_per_kWh': 0.12002209094385358, 'type': 'GRID_buy', 'hour': 5}]"
5,42,4.0,0.08032306,0.4304259778265418,15,0.0,0.0,-0.3024311701352035,0.10528230299139309,Lingotto,1.0,1.05,0,6,0.10886357455224814,"[{'sender': 'Aggregator', 'receiver': 42, 'amount': 0.35010290145874023, 'price_per_kWh': 0.12002209094385358, 'type': 'GRID_buy', 'hour': 5}]"
5,48,4.5,0.118690364,0.2394925262508797,0,0.0,0.0,-0.16547116272777634,0.10228171450662636,Lingotto,1.0,1.05,0,6,0.10886357455224814,"[{'sender': 'Aggregator', 'receiver': 48, 'amount': 0.12080215662717819, 'price_per_kWh': 0.12002209094385358, 'type': 'GRID_buy', 'hour': 5}]"
5,49,0.5,-0.04589449,0.24564287327709852,10,0.0,0.0,-0.20350234260731262,0.11174446198153606,Lingotto,1.0,1.05,0,6,0.10886357455224814,"[{'sender': 'Aggregator', 'receiver': 49, 'amount': 0.291537344455719, 'price_per_kWh': 0.12002209094385358, 'type': 'GRID_buy', 'hour': 5}]"
5,51,0.25,-0.05220215,0.37509940203698844,0,0.0,0.0,-0.325846479952157,0.11599035179793583,Lingotto,1.0,1.05,0,6,0.10886357455224814,"[{'sender': 'Aggregator', 'receiver': 51, 'amount': 0.4273015260696411, 'price_per_kWh': 0.12002209094385358, 'type': 'GRID_buy', 'hour': 5}]"
5,64,0.5,-0.046018384,0.45085834977869155,10,0.0,0.0,-0.33511745345961075,0.11357155669148612,Lingotto,1.0,1.05,0,6,0.10886357455224814,"[{'sender': 'Aggregator', 'receiver': 64, 'amount': 0.4968767464160919, 'price_per_kWh': 0.12002209094385358, 'type': 'GRID_buy', 'hour': 5}]"
5,70,2.0,0.020174535,0.3450084066381208,10,0.0,0.0,-0.2581938130697292,0.10663827680709596,Lingotto,1.0,1.05,0,6,0.10886357455224814,"[{'sender': 'Aggregator', 'receiver': 70, 'amount': 0.32483386993408203, 'price_per_kWh': 0.12002209094385358, 'type': 'GRID_buy', 'hour': 5}]"
5,76,3.5,0.055530712,0.424693884389784,15,0.0,0.0,-0.29484003962498373,0.11772074553004987,Lingotto,1.0,1.05,0,6,0.10886357455224814,"[{'sender': 'Aggregator', 'receiver': 76, 'amount': 0.3691631555557251, 'price_per_kWh': 0.12002209094385358, 'type': 'GRID_buy', 'hour': 5}]"
5,82,0.25,-0.052615605,0.3846108071596962,0,0.0,0.0,-0.29954707908894984,0.1164751599222775,Lingotto,1.0,1.05,0,6,0.10886357455224814,"[{'sender': 'Aggregator', 'receiver': 82, 'amount': 0.43722641468048096, 'price_per_kWh': 0.12002209094385358, 'type': 'GRID_buy', 'hour': 5}]"
5,83,4.5,0.112905264,0.19723910321542554,0,0.0,0.0,-0.13726280870174207,0.09885912294861583,Lingotto,1.0,1.05,0,6,0.10886357455224814,"[{'sender': 'Aggregator', 'receiver': 83, 'amount': 0.08433383703231812, 'price_per_kWh': 0.12002209094385358, 'type': 'GRID_buy', 'hour': 5}]"
5,84,1.25,-0.0046993117,0.24325743875257125,15,0.0,0.0,-0.19974378026506856,0.1009434294329696,Lingotto,1.0,1.05,0,6,0.10886357455224814,"[{'sender': 'Aggregator', 'receiver': 84, 'amount': 0.24795673787593842, 'price_per_kWh': 0.12002209094385358, 'type': 'GRID_buy', 'hour': 5}]"
5,86,3.25,0.06363959,0.3964817264578528,15,0.0,0.0,-0.2714905667565255,0.10870711958753698,Lingotto,1.0,1.05,0,6,0.10886357455224814,"[{'sender': 'Aggregator', 'receiver': 86, 'amount': 0.3328421413898468, 'price_per_kWh': 0.12002209094385358, 'type': 'GRID_buy', 'hour': 5}]"
5,90,1.75,0.007960662,0.30651275312398923,10,0.0,0.0,-0.23060127717158535,0.11735857531444162,Lingotto,1.0,1.05,0,6,0.10886357455224814,"[{'sender': 'Aggregator', 'receiver': 90, 'amount': 0.29855209589004517, 'price_per_kWh': 0.12002209094385358, 'type': 'GRID_buy', 'hour': 5}]"
5,91,1.0,-0.010918241,0.3698766343737685,10,0.0,0.0,-0.28333905742630705,0.1012302255012051,Lingotto,1.0,1.05,0,6,0.10886357455224814,"[{'sender': 'Aggregator', 'receiver': 91, 'amount': 0.38079485297203064, 'price_per_kWh': 0.12002209094385358, 'type': 'GRID_buy', 'hour': 5}]"
5,94,1.25,-0.0045754085,0.30604271070155603,15,0.0,0.0,-0.22496502926405848,0.0997787486109088,Lingotto,1.0,1.05,0,6,0.10886357455224814,"[{'sender': 'Aggregator', 'receiver': 94, 'amount': 0.3106181025505066, 'price_per_kWh': 0.12002209094385358, 'type': 'GRID_buy', 'hour': 5}]"
6,0,4.0,0.31614193,1.4781541435846652,0,0.0,0.0,-0.4249429336238493,0.10118985437175733,Barriera_di_Milano,1.0,1.05,0,7,0.10930822123528927,"[{'sender': 'Aggregator', 'receiver': 0, 'amount': 1.1620122194290161, 'price_per_kWh': 0.12051231391190644, 'type': 'GRID_buy', 'hour': 6}]"
6,1,3.75,0.29958332,0.9935923315013051,10,0.0,0.0,-0.23912138525789325,0.10181250377205366,Barriera_di_Milano,1.0,1.05,0,7,0.10930822123528927,"[{'sender': 'Aggregator', 'receiver': 1, 'amount': 0.694009006023407, 'price_per_kWh': 0.12051231391190644, 'type': 'GRID_buy', 'hour': 6}]"
6,26,4.0,0.31691793,1.6358389887176998,10,0.0,0.0,-0.4495054781661685,0.10990834798460272,Barriera_di_Milano,1.0,1.05,0,7,0.10930822123528927,"[{'sender': 'Aggregator', 'receiver': 26, 'amount': 1.3189210891723633, 'price_per_kWh': 0.12051231391190644, 'type': 'GRID_buy', 'hour': 6}]"
6,31,3.75,0.29043806,1.7901912111709628,10,0.0,0.0,-0.47910439961955753,0.11783326885350921,Barriera_di_Milano,1.0,1.05,0,7,0.10930822123528927,"[{'sender': 'Aggregator', 'receiver': 31, 'amount': 1.4997531175613403, 'price_per_kWh': 0.12051231391190644, 'type': 'GRID_buy', 'hour': 6}]"
6,34,3.75,0.2904527,0.873661740637054,15,0.0,0.0,-0.20754359860016658,0.11392540527851039,Barriera_di_Milano,1.0,1.05,0,7,0.10930822123528927,"[{'sender': 'Aggregator', 'receiver': 34, 'amount': 0.5832090377807617, 'price_per_kWh': 0.12051231391190644, 'type': 'GRID_buy', 'hour': 6}]"
6,35,4.5,0.37542287,1.366906581273616,15,0.0,0.0,-0.35833509189301377,0.12021327318216249,Barriera_di_Milano,1.0,1.05,0,7,0.10930822123528927,"[{'sender': 'Aggregator', 'receiver': 35, 'amount': 0.9914836883544922, 'price_per_kWh': 0.12051231391190644, 'type': 'GRID_buy', 'hour': 6}]"
6,38,3.75,0.29094973,0.707523000730086,15,0.0,0.0,-0.1600143910567829,0.11109740747090653,Barriera_di_Milano,1.0,1.05,0,7,0.10930822123528927,"[{'sender': 'Aggregator', 'receiver': 38, 'amount': 0.41657325625419617, 'price_per_kWh': 0.12051231391190644, 'type': 'GRID_buy', 'hour': 6}]"
6,46,3.75,0.2908123,1.4601288785935964,0,0.0,0.0,-0.4079586890931315,0.10679273787248424,Barriera_di_Milano,1.0,1.05,0,7,0.10930822123528927,"[{'sender': 'Aggregator', 'receiver': 46, 'amount': 1.1693165302276611, 'price_per_kWh': 0.12051231391190644, 'type': 'GRID_buy', 'hour': 6}]"
6,47,1.25,0.09055542,1.6770358839307415,10,0.0,0.0,-0.4936662347183034,0.1113491945917381,Barriera_di_Milano,1.0,1.05,0,7,0.10930822123528927,"[{'sender': 'Aggregator', 'receiver': 47, 'amount': 1.5864804983139038, 'price_per_kWh': 0.12051231391190644, 'type': 'GRID_buy', 'hour': 6}]"
6,55,2.25,0.17766126,0.7841098810316559,10,0.0,0.0,-0.2055136380412041,0.107914594354002,Barriera_di_Milano,1.0,1.05,0,7,0.10930822123528927,"[{'sender': 'Aggregator', 'receiver': 55, 'amount': 0.6064486503601074, 'price_per_kWh': 0.12051231391190644, 'type': 'GRID_buy', 'hour': 6}]"
6,59,0.75,0.045694865,1.3879475310327314,0,0.0,0.0,-0.43335581283851476,0.10967991813922551,Barriera_di_Milano,1.0,1.05,0,7,0.10930822123528927,"[{'sender': 'Aggregator', 'receiver': 59, 'amount': 1.3422527313232422, 'price_per_kWh': 0.12051231391190644, 'type': 'GRID_buy', 'hour': 6}]"
6,61,2.5,0.19617867,0.9775082450090005,0,0.0,0.0,-0.2695646509508252,0.11500460503307341,Barriera_di_Milano,1.0,1.05,0,7,0.10930822123528927,"[{'sender': 'Aggregator', 'receiver': 61, 'amount': 0.7813295722007751, 'price_per_kWh': 0.12051231391190644, 'type': 'GRID_buy', 'hour': 6}]"
6,65,3.25,0.25713146,0.8682411660978508,0,0.0,0.0,-0.20752024885749826,0.10159665571905749,Barriera_di_Milano,1.0,1.05,0,7,0.10930822123528927,"[{'sender': 'Aggregator', 'receiver': 65, 'amount': 0.611109733581543, 'price_per_kWh': 0.12051231391190644, 'type': 'GRID_buy', 'hour': 6}]"
6,67,0.25,0.008186366,1.490638644486715,0,0.0,0.0,-0.4882318747505987,0.1200225178554483,Barriera_di_Milano,1.0,1.05,0,7,0.10930822123528927,"[{'sender': 'Aggregator', 'receiver': 67, 'amount': 1.4824522733688354, 'price_per_kWh': 0.12051231391190644, 'type': 'GRID_buy', 'hour': 6}]"
6,68,2.75,0.22097103,0.7146731817247635,10,0.0,0.0,-0.18993449819755356,0.11794348795694735,Barriera_di_Milano,1.0,1.05,0,7,0.10930822123528927,"[{'sender': 'Aggregator', 'receiver': 68, 'amount': 0.49370211362838745, 'price_per_kWh': 0.12051231391190644, 'type': 'GRID_buy', 'hour': 6}]"
6,69,0.5,0.020830974,0.6018238807847804,0,0.0,0.0,-0.21100376561755216,0.11160433534350656,Barriera_di_Milano,1.0,1.05,0,7,0.10930822123528927,"[{'sender': 'Aggregator', 'receiver': 69, 'amount': 0.5809928774833679, 'price_per_kWh': 0.12051231391190644, 'type': 'GRID_buy', 'hour': 6}]"
6,74,2.0,0.15744385,1.5227408476994204,0,0.0,0.0,-0.46220955029422556,0.11521359506115594,Barriera_di_Milano,1.0,1.05,0,7,0.10930822123528927,"[{'sender': 'Aggregator', 'receiver': 74, 'amount': 1.3652969598770142, 'price_per_kWh': 0.12051231391190644, 'type': 'GRID_buy', 'hour': 6}]"
6,78,4.75,0.39591628,0.9111893359279652,0,0.0,0.0,-0.21810314943255754,0.09981587855667298,Barriera_di_Milano,1.0,1.05,0,7,0.10930822123528927,"[{'sender': 'Aggregator', 'receiver': 78, 'amount': 0.5152730345726013, 'price_per_kWh': 0.12051231391190644, 'type': 'GRID_buy', 'hour': 6}]"
6,79,0.0,0.007785309,0.8109471882527706,0,0.0,0.0,-0.266886572296007,0.10368901383342982,Barriera_di_Milano,1.0,1.05,0,7,0.10930822123528927,"[{'sender': 'Aggregator', 'receiver': 79, 'amount': 0.8031618595123291, 'price_per_kWh': 0.12051231391190644, 'type': 'GRID_buy', 'hour': 6}]"
6,92,2.25,0.17703685,1.6359803485015543,10,0.0,0.0,-0.45041415905828763,0.11637864086160625,Barriera_di_Milano,1.0,1.05,0,7,0.10930822123528927,"[{'sender': 'Aggregator', 'receiver': 92, 'amount': 1.458943486213684, 'price_per_kWh': 0.12051231391190644, 'type': 'GRID_buy', 'hour': 6}]"
6,93,0.75,0.044445585,0.7968363512105155,10,0.0,0.0,-0.2468680096612038,0.09982525804534333,Barriera_di_Milano,1.0,1.05,0,7,0.10930822123528927,"[{'sender': 'Aggregator', 'receiver': 93, 'amount': 0.7523908019065857, 'price_per_kWh': 0.12051231391190644, 'type': 'GRID_buy', 'hour': 6}]"
6,98,3.25,0.2573307,1.0886213547556929,15,0.0,0.0,-0.29419435801947236,0.1180824346080214,Barriera_di_Milano,1.0,1.05,0,7,0.10930822123528927,"[{'sender': 'Aggregator', 'receiver': 98, 'amount': 0.8312907218933105, 'price_per_kWh': 0.12051231391190644, 'type': 'GRID_buy', 'hour': 6}]"
6,3,0.25,0.020783149,1.044218784067005,0,0.0,0.0,-0.35359996450808623,0.118476276898215,San_Salvario,1.0,1.05,0,7,0.10930822123528927,"[{'sender': 'Aggregator', 'receiver': 3, 'amount': 1.0234355926513672, 'price_per_kWh': 0.12051231391190644, 'type': 'GRID_buy', 'hour': 6}]"
6,5,2.75,0.23005602,0.8298264197110049,15,0.0,0.0,-0.22850552665780804,0.09903743722811324,San_Salvario,1.0,1.05,0,7,0.10930822123528927,"[{'sender': 'Aggregator', 'receiver': 5, 'amount': 0.5997704267501831, 'price_per_kWh': 0.12051231391190644, 'type': 'GRID_buy', 'hour': 6}]"
6,9,1.75,0.14178434,1.0625592396109926,0,0.0,0.0,-0.3012213244054931,0.11544927637948436,San_Salvario,1.0,1.05,0,7,0.10930822123528927,"[{'sender': 'Aggregator', 'receiver': 9, 'amount': 0.9207749366760254, 'price_per_kWh': 0.12051231391190644, 'type': 'GRID_buy', 'hour': 6}]"
6,11,2.25,0.15265967,0.9843090180141545,10,0.0,0.0,-0.2991291255861426,0.11251342260949695,San_Salvario,1.0,1.05,0,7,0.10930822123528927,"[{'sender': 'Aggregator', 'receiver': 11, 'amount': 0.8316493630409241, 'price_per_kWh': 0.12051231391190644, 'type': 'GRID_buy', 'hour': 6}]"
6,12,0.75,0.054044645,1.415435687781234,10,0.0,0.0,-0.4527367957515652,0.10641409387289147,San_Salvario,1.0,1.05,0,7,0.10930822123528927,"[{'sender': 'Aggregator', 'receiver': 12, 'amount': 1.3613910675048828, 'price_per_kWh': 0.12051231391190644, 'type': 'GRID_buy', 'hour': 6}]"
6,13,4.5,0.3794616,0.6658660788572898,0,0.0,0.0,-0.14629647153881342,0.11609846078264127,San_Salvario,1.0,1.05,0,7,0.10930822123528927,"[{'sender': 'Aggregator', 'receiver': 13, 'amount': 0.28640449047088623, 'price_per_kWh': 0.12051231391190644, 'type': 'GRID_buy', 'hour': 6}]"
6,21,0.0,0.01977418,1.7506475345049632,15,0.0,0.0,-0.5714671131009551,0.1050589931915844,San_Salvario,1.0,1.05,0,7,0.10930822123528927,"[{'sender': 'Aggregator', 'receiver': 21, 'amount': 1.7308733463287354, 'price_per_kWh': 0.12051231391190644, 'type': 'GRID_buy', 'hour': 6}]"
6,24,2.25,0.17763428,1.533639572159689,15,0.0,0.0,-0.4375040282887188,0.10964001242010907,San_Salvario,1.0,1.05,0,7,0.10930822123528927,"[{'sender': 'Aggregator', 'receiver': 24, 'amount': 1.356005311012268, 'price_per_kWh': 0.12051231391190644, 'type': 'GRID_buy', 'hour': 6}]"
6,28,3.25,0.26517308,0.909303381907849,10,0.0,0.0,-0.24783407814008668,0.11390509151106612,San_Salvario,1.0,1.05,0,7,0.10930822123528927,"[{'sender': 'Aggregator', 'receiver': 28, 'amount': 0.644130289554596, 'price_per_kWh': 0.12051231391190644, 'type': 'GRID_buy', 'hour': 6}]"
6,33,0.5,0.033782367,0.8978831631225378,15,0.0,0.0,-0.27837116081060054,0.11019401935835516,San_Salvario,1.0,1.05,0,7,0.10930822123528927,"[{'sender': 'Aggregator', 'receiver': 33, 'amount': 0.8641008138656616, 'price_per_kWh': 0.12051231391190644, 'type': 'GRID_buy', 'hour': 6}]"
6,36,1.75,0.14194286,1.2856868637063998,10,0.0,0.0,-0.40254039081498777,0.11391904266826432,San_Salvario,1.0,1.05,0,7,0.10930822123528927,"[{'sender': 'Aggregator', 'receiver': 36, 'amount': 1.1437439918518066, 'price_per_kWh': 0.12051231391190644, 'type': 'GRID_buy', 'hour': 6}]"
6,40,2.75,0.23148172,1.2073103263100633,15,0.0,0.0,-0.3176269846850871,0.10462970762352983,San_Salvario,1.0,1.05,0,7,0.10930822123528927,"[{'sender': 'Aggregator', 'receiver': 40, 'amount': 0.9758285880088806, 'price_per_kWh': 0.12051231391190644, 'type': 'GRID_buy', 'hour': 6}]"
6,43,2.25,0.1861289,0.7415606404242409,15,0.0,0.0,-0.1960942175051355,0.10795941677053089,San_Salvario,1.0,1.05,0,7,0.10930822123528927,"[{'sender': 'Aggregator', 'receiver': 43, 'amount': 0.5554317235946655, 'price_per_kWh': 0.12051231391190644, 'type': 'GRID_buy', 'hour': 6}]"
6,44,3.25,0.23227757,1.6264268963916126,10,0.0,0.0,-0.45801071924578496,0.10076512914338186,San_Salvario,1.0,1.05,0,7,0.10930822123528927,"[{'sender': 'Aggregator', 'receiver': 44, 'amount': 1.3941493034362793, 'price_per_kWh': 0.12051231391190644, 'type': 'GRID_buy', 'hour': 6}]"
6,50,1.25,0.09890484,0.8300180158640685,10,0.0,0.0,-0.23181990947828277,0.09883416817110305,San_Salvario,1.0,1.05,0,7,0.10930822123528927,"[{'sender': 'Aggregator', 'receiver': 50, 'amount': 0.7311131954193115, 'price_per_kWh': 0.12051231391190644, 'type': 'GRID_buy', 'hour': 6}]"
6,52,2.75,0.22725336,0.9021766107044467,10,0.0,0.0,-0.22695284255902143,0.11027920535904223,San_Salvario,1.0,1.05,0,7,0.10930822123528927,"[{'sender': 'Aggregator', 'receiver': 52, 'amount': 0.6749232411384583, 'price_per_kWh': 0.12051231391190644, 'type': 'GRID_buy', 'hour': 6}]"
6,56,0.5,0.033757277,1.367623317001795,15,0.0,0.0,-0.43213944018155803,0.10485020061733384,San_Salvario,1.0,1.05,0,7,0.10930822123528927,"[{'sender': 'Aggregator', 'receiver': 56, 'amount': 1.333866000175476, 'price_per_kWh': 0.12051231391190644, 'type': 'GRID_buy', 'hour': 6}]"
6,71,4.25,0.30766475,0.908235709670881,10,0.0,0.0,-0.2218208148135578,0.10165822112731933,San_Salvario,1.0,1.05,0,7,0.10930822123528927,"[{'sender': 'Aggregator', 'receiver': 71, 'amount': 0.6005709767341614, 'price_per_kWh': 0.12051231391190644, 'type': 'GRID_buy', 'hour': 6}]"
6,75,0.75,0.054733865,0.6654213625361082,0,0.0,0.0,-0.2048851804555396,0.10228833621649241,San_Salvario,1.0,1.05,0,7,0.10930822123528927,"[{'sender': 'Aggregator', 'receiver': 75, 'amount': 0.6106874942779541, 'price_per_kWh': 0.12051231391190644, 'type': 'GRID_buy', 'hour': 6}]"
6,95,1.75,0.14026155,1.2534320620448014,0,0.0,0.0,-0.38006984013006995,0.11149791374862901,San_Salvario,1.0,1.05,0,7,0.10930822123528927,"[{'sender': 'Aggregator', 'receiver': 95, 'amount': 1.1131705045700073, 'price_per_kWh': 0.12051231391190644, 'type': 'GRID_buy', 'hour': 6}]"
6,96,1.25,0.09742739,0.7964702387687406,15,0.0,0.0,-0.2346050902504419,0.1159490018143656,San_Salvario,1.0,1.05,0,7,0.10930822123528927,"[{'sender': 'Aggregator', 'receiver': 96, 'amount': 0.6990428566932678, 'price_per_kWh': 0.12051231391190644, 'type': 'GRID_buy', 'hour': 6}]"
6,4,0.0,0.020822993,1.463461100398628,15,0.0,0.0,-0.46328117004609265,0.11184532978905151,San_Donato,1.0,1.05,0,7,0.10930822123528927,"[{'sender': 'Aggregator', 'receiver': 4, 'amount': 1.4426380395889282, 'price_per_kWh': 0.12051231391190644, 'type': 'GRID_buy', 'hour': 6}]"
6,14,2.5,0.20766748,1.457683862665116,0,0.0,0.0,-0.43388586126789064,0.10950962713855175,San_Donato,1.0,1.05,0,7,0.10930822123528927,"[{'sender': 'Aggregator', 'receiver': 14, 'amount': 1.250016450881958, 'price_per_kWh': 0.12051231391190644, 'type': 'GRID_buy', 'hour': 6}]"
6,17,1.25,0.101016104,1.1758845701745884,10,0.0,0.0,-0.33162076442081123,0.11150303578633097,San_Donato,1.0,1.05,0,7,0.10930822123528927,"[{'sender': 'Aggregator', 'receiver': 17, 'amount': 1.0748684406280518, 'price_per_kWh': 0.12051231391190644, 'type': 'GRID_buy', 'hour': 6}]"
6,18,1.25,0.09853642,1.6729793672966466,15,0.0,0.0,-0.49520617501721675,0.1140798075427955,San_Donato,1.0,1.05,0,7,0.10930822123528927,"[{'sender': 'Aggregator', 'receiver': 18, 'amount': 1.574442982673645, 'price_per_kWh': 0.12051231391190644, 'type': 'GRID_buy', 'hour': 6}]"
6,22,2.0,0.16821241,1.640040522931453,10,0.0,0.0,-0.4691853987446683,0.10494217173815167,San_Donato,1.0,1.05,0,7,0.10930822123528927,"[{'sender': 'Aggregator', 'receiver': 22, 'amount': 1.4718281030654907, 'price_per_kWh': 0.12051231391190644, 'type': 'GRID_buy', 'hour': 6}]"
6,29,2.0,0.16862859,0.6409513863410845,10,0.0,0.0,-0.18726501278806545,0.11431933651450989,San_Donato,1.0,1.05,0,7,0.10930822123528927,"[{'sender': 'Aggregator', 'receiver': 29, 'amount': 0.47232282161712646, 'price_per_kWh': 0.12051231391190644, 'type': 'GRID_buy', 'hour': 6}]"
6,30,2.5,0.2041297,1.020310149736016,10,0.0,0.0,-0.305451534237574,0.11052040756370365,San_Donato,1.0,1.05,0,7,0.10930822123528927,"[{'sender': 'Aggregator', 'receiver': 30, 'amount': 0.8161804676055908, 'price_per_kWh': 0.12051231391190644, 'type': 'GRID_buy', 'hour': 6}]"
6,39,3.25,0.27140912,1.8066792104542524,15,0.0,0.0,-0.501497957254158,0.11490476694127187,San_Donato,1.0,1.05,0,7,0.10930822123528927,"[{'sender': 'Aggregator', 'receiver': 39, 'amount': 1.535270094871521, 'price_per_kWh': 0.12051231391190644, 'type': 'GRID_buy', 'hour': 6}]"
6,45,4.5,0.3862044,1.5507091490682463,15,0.0,0.0,-0.399531790890851,0.11757530776021569,San_Donato,1.0,1.05,0,7,0.10930822123528927,"[{'sender': 'Aggregator', 'receiver': 45, 'amount': 1.1645047664642334, 'price_per_kWh': 0.12051231391190644, 'type': 'GRID_buy', 'hour': 6}]"
6,53,4.25,0.35044563,1.7485119475655717,0,0.0,0.0,-0.4429402823429389,0.11702747618682903,San_Donato,1.0,1.05,0,7,0.10930822123528927,"[{'sender': 'Aggregator', 'receiver': 53, 'amount': 1.3980662822723389, 'price_per_kWh': 0.12051231391190644, 'type': 'GRID_buy', 'hour': 6}]"
6,54,0.75,0.058158394,1.2436921962608996,10,0.0,0.0,-0.4001652731642891,0.10024474271437367,San_Donato,1.0,1.05,0,7,0.10930822123528927,"[{'sender': 'Aggregator', 'receiver': 54, 'amount': 1.1855337619781494, 'price_per_kWh': 0.12051231391190644, 'type': 'GRID_buy', 'hour': 6}]"
6,57,2.25,0.18738785,1.0477754599325158,10,0.0,0.0,-0.312751231591357,0.10517107080443236,San_Donato,1.0,1.05,0,7,0.10930822123528927,"[{'sender': 'Aggregator', 'receiver': 57, 'amount': 0.8603876829147339, 'price_per_kWh': 0.12051231391190644, 'type': 'GRID_buy', 'hour': 6}]"
6,58,3.0,0.24678302,1.809044313456415,0,0.0,0.0,-0.5059248895497359,0.10895895151371225,San_Donato,1.0,1.05,0,7,0.10930822123528927,"[{'sender': 'Aggregator', 'receiver': 58, 'amount': 1.5622613430023193, 'price_per_kWh': 0.12051231391190644, 'type': 'GRID_buy', 'hour': 6}]"
6,63,0.75,0.058693945,1.6866091567113128,10,0.0,0.0,-0.5437383090707906,0.1179841243568724,San_Donato,1.0,1.05,0,7,0.10930822123528927,"[{'sender': 'Aggregator', 'receiver': 63, 'amount': 1.6279151439666748, 'price_per_kWh': 0.12051231391190644, 'type': 'GRID_buy', 'hour': 6}]"
6,66,1.5,0.11467937,0.7899651795056434,0,0.0,0.0,-0.24021911131589924,0.104866749008296,San_Donato,1.0,1.05,0,7,0.10930822123528927,"[{'sender': 'Aggregator', 'receiver': 66, 'amount': 0.675285816192627, 'price_per_kWh': 0.12051231391190644, 'type': 'GRID_buy', 'hour': 6}]"
6,72,2.5,0.2041297,0.7138272410548967,0,0.0,0.0,-0.1864865953309512,0.1075224096754073,San_Donato,1.0,1.05,0,7,0.10930822123528927,"[{'sender': 'Aggregator', 'receiver': 72, 'amount': 0.5096975564956665, 'price_per_kWh': 0.12051231391190644, 'type': 'GRID_buy', 'hour': 6}]"
6,77,4.0,0.33144727,0.8369328465457465,0,0.0,0.0,-0.18758944828741747,0.10972869294852555,San_Donato,1.0,1.05,0,7,0.10930822123528927,"[{'sender': 'Aggregator', 'receiver': 77, 'amount': 0.5054855346679688, 'price_per_kWh': 0.12051231391190644, 'type': 'GRID_buy', 'hour': 6}]"
6,80,2.25,0.18343255,0.8335377707208539,0,0.0,0.0,-0.2178994575211935,0.10937443745880933,San_Donato,1.0,1.05,0,7,0.10930822123528927,"[{'sender': 'Aggregator', 'receiver': 80, 'amount': 0.6501052379608154, 'price_per_kWh': 0.12051231391190644, 'type': 'GRID_buy', 'hour': 6}]"
6,81,0.5,0.032750506,1.6058931132739362,0,0.0,0.0,-0.49989626994986214,0.11123354175682784,San_Donato,1.0,1.05,0,7,0.10930822123528927,"[{'sender': 'Aggregator', 'receiver': 81, 'amount': 1.573142647743225, 'price_per_kWh': 0.12051231391190644, 'type': 'GRID_buy', 'hour': 6}]"
6,99,1.25,0.098503835,1.435117047849516,0,0.0,0.0,-0.4607845020179381,0.11577202557099511,San_Donato,1.0,1.05,0,7,0.10930822123528927,"[{'sender': 'Aggregator', 'receiver': 99, 'amount': 1.3366131782531738, 'price_per_kWh': 0.12051231391190644, 'type': 'GRID_buy', 'hour': 6}]"
6,2,0.5,0.034132622,0.6014925090016248,0,0.0,0.0,-0.2126281937660783,0.11336937760217276,Centro,1.0,1.05,0,7,0.10930822123528927,"[{'sender': 'Aggregator', 'receiver': 2, 'amount': 0.5673599243164062, 'price_per_kWh': 0.12051231391190644, 'type': 'GRID_buy', 'hour': 6}]"
6,6,4.5,0.37655106,1.5921611741361135,0,0.0,0.0,-0.4185819304876829,0.10511093688739748,Centro,1.0,1.05,0,7,0.10930822123528927,"[{'sender': 'Aggregator', 'receiver': 6, 'amount': 1.215610146522522, 'price_per_kWh': 0.12051231391190644, 'type': 'GRID_buy', 'hour': 6}]"
6,10,1.5,0.11404843,0.7341933498153956,15,0.0,0.0,-0.20737925909273897,0.11430525501016285,Centro,1.0,1.05,0,7,0.10930822123528927,"[{'sender': 'Aggregator', 'receiver': 10, 'amount': 0.6201449036598206, 'price_per_kWh': 0.12051231391190644, 'type': 'GRID_buy', 'hour': 6}]"
6,15,1.0,0.075003125,1.6865337061058243,15,0.0,0.0,-0.5401491251997147,0.10144245325650598,Centro,1.0,1.05,0,7,0.10930822123528927,"[{'sender': 'Aggregator', 'receiver': 15, 'amount': 1.6115305423736572, 'price_per_kWh': 0.12051231391190644, 'type': 'GRID_buy', 'hour': 6}]"
6,23,2.75,0.22855607,1.2609927615788386,15,0.0,0.0,-0.3668182503489504,0.10529720741095208,Centro,1.0,1.05,0,7,0.10930822123528927,"[{'sender': 'Aggregator', 'receiver': 23, 'amount': 1.032436728477478, 'price_per_kWh': 0.12051231391190644, 'type': 'GRID_buy', 'hour': 6}]"
6,25,3.25,0.26535177,1.4531817084207057,10,0.0,0.0,-0.3716474853289128,0.10299204998316203,Centro,1.0,1.05,0,7,0.10930822123528927,"[{'sender': 'Aggregator', 'receiver': 25, 'amount': 1.1878299713134766, 'price_per_kWh': 0.12051231391190644, 'type': 'GRID_buy', 'hour': 6}]"
6,37,4.5,0.3769887,1.5205701014900892,10,0.0,0.0,-0.385414225574391,0.10690098612271148,Centro,1.0,1.05,0,7,0.10930822123528927,"[{'sender': 'Aggregator', 'receiver': 37, 'amount': 1.1435813903808594, 'price_per_kWh': 0.12051231391190644, 'type': 'GRID_buy', 'hour': 6}]"
6,60,4.25,0.3435885,0.6985367249639884,15,0.0,0.0,-0.1513910538467433,0.1117396576104159,Centro,1.0,1.05,0,7,0.10930822123528927,"[{'sender': 'Aggregator', 'receiver': 60, 'amount': 0.3549482524394989, 'price_per_kWh': 0.12051231391190644, 'type': 'GRID_buy', 'hour': 6}]"
6,62,2.25,0.18393698,1.4139368140923052,15,0.0,0.0,-0.39104322430896343,0.11406163986392673,Centro,1.0,1.05,0,7,0.10930822123528927,"[{'sender': 'Aggregator', 'receiver': 62, 'amount': 1.2299998998641968, 'price_per_kWh': 0.12051231391190644, 'type': 'GRID_buy', 'hour': 6}]"
6,73,2.25,0.18385495,1.2855914455382942,10,0.0,0.0,-0.3656933175633241,0.10454452895279713,Centro,1.0,1.05,0,7,0.10930822123528927,"[{'sender': 'Aggregator', 'receiver': 73, 'amount': 1.1017365455627441, 'price_per_kWh': 0.12051231391190644, 'type': 'GRID_buy', 'hour': 6}]"
6,85,2.0,0.16619627,0.8657842808878503,15,0.0,0.0,-0.23716244770797812,0.10613417415952105,Centro,1.0,1.05,0,7,0.10930822123528927,"[{'sender': 'Aggregator', 'receiver': 85, 'amount': 0.6995880007743835, 'price_per_kWh': 0.12051231391190644, 'type': 'GRID_buy', 'hour': 6}]"
6,87,3.5,0.28694153,1.684073055000224,0,0.0,0.0,-0.4527851665222846,0.10987178677094663,Centro,1.0,1.05,0,7,0.10930822123528927,"[{'sender': 'Aggregator', 'receiver': 87, 'amount': 1.3971315622329712, 'price_per_kWh': 0.12051231391190644, 'type': 'GRID_buy', 'hour': 6}]"
6,88,2.5,0.20392677,1.601438538186488,10,0.0,0.0,-0.43917685950130214,0.10864930560228347,Centro,1.0,1.05,0,7,0.10930822123528927,"[{'sender': 'Aggregator', 'receiver': 88, 'amount': 1.3975117206573486, 'price_per_kWh': 0.12051231391190644, 'type': 'GRID_buy', 'hour': 6}]"
6,89,4.75,0.39935997,1.6149331230434003,0,0.0,0.0,-0.44722077181711783,0.11323474804048744,Centro,1.0,1.05,0,7,0.10930822123528927,"[{'sender': 'Aggregator', 'receiver': 89, 'amount': 1.2155731916427612, 'price_per_kWh': 0.12051231391190644, 'type': 'GRID_buy', 'hour': 6}]"
6,97,3.0,0.24309185,1.6917081442731665,15,0.0,0.0,-0.4647894059621967,0.10364152735422177,Centro,1.0,1.05,0,7,0.10930822123528927,"[{'sender': 'Aggregator', 'receiver': 97, 'amount': 1.4486162662506104, 'price_per_kWh': 0.12051231391190644, 'type': 'GRID_buy', 'hour': 6}]"
6,7,4.25,0.34137774,0.9154771398351248,0,0.0,0.0,-0.21077475511635144,0.11587870352597814,Lingotto,1.0,1.05,0,7,0.10930822123528927,"[{'sender': 'Aggregator', 'receiver': 7, 'amount': 0.5740994215011597, 'price_per_kWh': 0.12051231391190644, 'type': 'GRID_buy', 'hour': 6}]"
6,8,3.25,0.27148518,0.9502091200642826,15,0.0,0.0,-0.2371217972532429,0.10313479612197526,Lingotto,1.0,1.05,0,7,0.10930822123528927,"[{'sender': 'Aggregator', 'receiver': 8, 'amount': 0.678723931312561, 'price_per_kWh': 0.12051231391190644, 'type': 'GRID_buy', 'hour': 6}]"
6,16,0.0,0.019840203,1.5555091060883208,0,0.0,0.0,-0.5135163979838505,0.11545185421552785,Lingotto,1.0,1.05,0,7,0.10930822123528927,"[{'sender': 'Aggregator', 'receiver': 16, 'amount': 1.5356688499450684, 'price_per_kWh': 0.12051231391190644, 'type': 'GRID_buy', 'hour': 6}]"
6,19,4.25,0.34890944,1.0062296875658345,10,0.0,0.0,-0.2526749677902305,0.11455503205009591,Lingotto,1.0,1.05,0,7,0.10930822123528927,"[{'sender': 'Aggregator', 'receiver': 19, 'amount': 0.6573202013969421, 'price_per_kWh': 0.12051231391190644, 'type': 'GRID_buy', 'hour': 6}]"
6,20,0.5,0.031711236,0.7217452187853285,0,0.0,0.0,-0.2315585290806761,0.10495785066354461,Lingotto,1.0,1.05,0,7,0.10930822123528927,"[{'sender': 'Aggregator', 'receiver': 20, 'amount': 0.6900339722633362, 'price_per_kWh': 0.12051231391190644, 'type': 'GRID_buy', 'hour': 6}]"
6,27,4.25,0.340874,1.1119394776719032,0,0.0,0.0,-0.2814842277299333,0.11502407645264999,Lingotto,1.0,1.05,0,7,0.10930822123528927,"[{'sender': 'Aggregator', 'receiver': 27, 'amount': 0.7710654735565186, 'price_per_kWh': 0.12051231391190644, 'type': 'GRID_buy', 'hour': 6}]"
6,32,2.25,0.18867092,1.0439833587937333,0,0.0,0.0,-0.2790395786135168,0.10105074194590055,Lingotto,1.0,1.05,0,7,0.10930822123528927,"[{'sender': 'Aggregator', 'receiver': 32, 'amount': 0.8553124070167542, 'price_per_kWh': 0.12051231391190644, 'type': 'GRID_buy', 'hour': 6}]"
6,41,0.75,0.057935815,0.5854289492973747,0,0.0,0.0,-0.20062871550196765,0.10335922191423912,Lingotto,1.0,1.05,0,7,0.10930822123528927,"[{'sender': 'Aggregator', 'receiver': 41, 'amount': 0.5274931192398071, 'price_per_kWh': 0.12051231391190644, 'type': 'GRID_buy', 'hour': 6}]"
6,42,4.0,0.3305845,1.6119900882452225,15,0.0,0.0,-0.45685632020929084,0.11927181096597461,Lingotto,1.0,1.05,0,7,0.10930822123528927,"[{'sender': 'Aggregator', 'receiver': 42, 'amount': 1.2814055681228638, 'price_per_kWh': 0.12051231391190644, 'type': 'GRID_buy', 'hour': 6}]"
6,48,4.5,0.38290206,0.9456936233396941,0,0.0,0.0,-0.23329447899741712,0.10856012620282854,Lingotto,1.0,1.05,0,7,0.10930822123528927,"[{'sender': 'Aggregator', 'receiver': 48, 'amount': 0.5627915859222412, 'price_per_kWh': 0.12051231391190644, 'type': 'GRID_buy', 'hour': 6}]"
6,49,0.5,0.033583935,0.9489731096815778,10,0.0,0.0,-0.3138180108411385,0.11702155349764974,Lingotto,1.0,1.05,0,7,0.10930822123528927,"[{'sender': 'Aggregator', 'receiver': 49, 'amount': 0.9153891801834106, 'price_per_kWh': 0.12051231391190644, 'type': 'GRID_buy', 'hour': 6}]"
6,51,0.25,0.019840203,1.4802763033549362,0,0.0,0.0,-0.50184701437395,0.11587862950128192,Lingotto,1.0,1.05,0,7,0.10930822123528927,"[{'sender': 'Aggregator', 'receiver': 51, 'amount': 1.4604361057281494, 'price_per_kWh': 0.12051231391190644, 'type': 'GRID_buy', 'hour': 6}]"
6,64,0.5,0.033460032,1.7389363280564092,10,0.0,0.0,-0.5406483467695963,0.11952385719042996,Lingotto,1.0,1.05,0,7,0.10930822123528927,"[{'sender': 'Aggregator', 'receiver': 64, 'amount': 1.7054762840270996, 'price_per_kWh': 0.12051231391190644, 'type': 'GRID_buy', 'hour': 6}]"
6,70,2.0,0.1699441,1.6227879437480053,10,0.0,0.0,-0.4332793937532593,0.11946604510008364,Lingotto,1.0,1.05,0,7,0.10930822123528927,"[{'sender': 'Aggregator', 'receiver': 70, 'amount': 1.4528439044952393, 'price_per_kWh': 0.12051231391190644, 'type': 'GRID_buy', 'hour': 6}]"
6,76,3.5,0.28789714,1.6624612217600447,15,0.0,0.0,-0.4604919484730001,0.11690758022037283,Lingotto,1.0,1.05,0,7,0.10930822123528927,"[{'sender': 'Aggregator', 'receiver': 76, 'amount': 1.3745641708374023, 'price_per_kWh': 0.12051231391190644, 'type': 'GRID_buy', 'hour': 6}]"
6,82,0.25,0.019426726,1.4380969405705586,0,0.0,0.0,-0.4705143192186225,0.118786089295474,Lingotto,1.0,1.05,0,7,0.10930822123528927,"[{'sender': 'Aggregator', 'receiver': 82, 'amount': 1.4186702966690063, 'price_per_kWh': 0.12051231391190644, 'type': 'GRID_buy', 'hour': 6}]"
6,83,4.5,0.3751213,0.7642361819361694,0,0.0,0.0,-0.18415594046256567,0.10636762587711464,Lingotto,1.0,1.05,0,7,0.10930822123528927,"[{'sender': 'Aggregator', 'receiver': 83, 'amount': 0.3891148567199707, 'price_per_kWh': 0.12051231391190644, 'type': 'GRID_buy', 'hour': 6}]"
6,84,1.25,0.09803434,0.9711956578657488,15,0.0,0.0,-0.30497047086470813,0.10096305821639485,Lingotto,1.0,1.05,0,7,0.10930822123528927,"[{'sender': 'Aggregator', 'receiver': 84, 'amount': 0.8731613159179688, 'price_per_kWh': 0.12051231391190644, 'type': 'GRID_buy', 'hour': 6}]"
6,86,3.25,0.27148518,1.6119245015094723,15,0.0,0.0,-0.4330300108212999,0.11304884553855334,Lingotto,1.0,1.05,0,7,0.10930822123528927,"[{'sender': 'Aggregator', 'receiver': 86, 'amount': 1.3404393196105957, 'price_per_kWh': 0.12051231391190644, 'type': 'GRID_buy', 'hour': 6}]"
6,90,1.75,0.14091389,1.1498984520898292,10,0.0,0.0,-0.3521963418896938,0.1125968887825745,Lingotto,1.0,1.05,0,7,0.10930822123528927,"[{'sender': 'Aggregator', 'receiver': 90, 'amount': 1.0089845657348633, 'price_per_kWh': 0.12051231391190644, 'type': 'GRID_buy', 'hour': 6}]"
6,91,1.0,0.078559816,1.4795503415638496,10,0.0,0.0,-0.45217566268021003,0.11649824228790567,Lingotto,1.0,1.05,0,7,0.10930822123528927,"[{'sender': 'Aggregator', 'receiver': 91, 'amount': 1.4009904861450195, 'price_per_kWh': 0.12051231391190644, 'type': 'GRID_buy', 'hour': 6}]"
6,94,1.25,0.09815824,1.1070136774155335,15,0.0,0.0,-0.3465445354012955,0.11252691338672462,Lingotto,1.0,1.05,0,7,0.10930822123528927,"[{'sender': 'Aggregator', 'receiver': 94, 'amount': 1.0088554620742798, 'price_per_kWh': 0.12051231391190644, 'type': 'GRID_buy', 'hour': 6}]"
7,0,4.0,0.87981975,1.6918326510395691,0,0.0,0.0,-0.5258805861791,0.10790736721106321,Barriera_di_Milano,1.0,1.05,0,8,0.11274873235566357,"[{'sender': 'Aggregator', 'receiver': 0, 'amount': 0.8120129108428955, 'price_per_kWh': 0.1243054774221191, 'type': 'GRID_buy', 'hour': 7}]"
7,1,3.75,0.8568767,0.8667736553372805,10,0.0,0.0,-0.24035163577699478,0.10903833336402736,Barriera_di_Milano,1.0,1.05,0,8,0.11274873235566357,"[{'sender': 'Aggregator', 'receiver': 1, 'amount': 0.009896993637084961, 'price_per_kWh': 0.1243054774221191, 'type': 'GRID_buy', 'hour': 7}]"
7,26,4.0,0.8801177,1.6672973422995427,10,0.0,0.0,-0.5473562202366994,0.12221351689930376,Barriera_di_Milano,1.0,1.05,0,8,0.11274873235566357,"[{'sender': 'Aggregator', 'receiver': 26, 'amount': 0.7871796488761902, 'price_per_kWh': 0.1243054774221191, 'type': 'GRID_buy', 'hour': 7}]"
7,31,3.75,0.848597,1.7931196179187887,10,0.0,0.0,-0.5965137421502844,0.10823461009681129,Barriera_di_Milano,1.0,1.05,0,8,0.11274873235566357,"[{'sender': 'Aggregator', 'receiver': 31, 'amount': 0.9445226788520813, 'price_per_kWh': 0.1243054774221191, 'type': 'GRID_buy', 'hour': 7}]"
7,34,3.75,0.84892404,0.8662340338328156,15,0.0,0.0,-0.20969532190244689,0.11198519380227735,Barriera_di_Milano,1.0,1.05,0,8,0.11274873235566357,"[{'sender': 'Aggregator', 'receiver': 34, 'amount': 0.017309963703155518, 'price_per_kWh': 0.1243054774221191, 'type': 'GRID_buy', 'hour': 7}]"
7,35,4.5,1.0045654,1.4077907319890404,15,0.0,0.0,-0.40845822047171454,0.11543157871434571,Barriera_di_Milano,1.0,1.05,0,8,0.11274873235566357,"[{'sender': 'Aggregator', 'receiver': 35, 'amount': 0.4032254219055176, 'price_per_kWh': 0.1243054774221191, 'type': 'GRID_buy', 'hour': 7}]"
7,38,3.75,0.8489431,0.6804489701821126,15,0.16849416494369507,0.0,-0.1600143910567829,0.0,Barriera_di_Milano,1.0,1.05,0,7,0.11274873235566357,[]
7,46,3.75,0.84880567,1.639218763717579,0,0.0,0.0,-0.5062113719770055,0.11368383050833535,Barriera_di_Milano,1.0,1.05,0,8,0.11274873235566357,"[{'sender': 'Aggregator', 'receiver': 46, 'amount': 0.7904131412506104, 'price_per_kWh': 0.1243054774221191, 'type': 'GRID_buy', 'hour': 7}]"
7,47,1.25,0.29479414,1.6036787528469805,10,0.0,0.0,-0.6563677623807225,0.10349669382785114,Barriera_di_Milano,1.0,1.05,0,8,0.11274873235566357,"[{'sender': 'Aggregator', 'receiver': 47, 'amount': 1.308884620666504, 'price_per_kWh': 0.1243054774221191, 'type': 'GRID_buy', 'hour': 7}]"
7,55,2.25,0.5174433,0.7498316853198815,10,0.0,0.0,-0.23440078621511332,0.11632976597831943,Barriera_di_Milano,1.0,1.05,0,8,0.11274873235566357,"[{'sender': 'Aggregator', 'receiver': 55, 'amount': 0.23238837718963623, 'price_per_kWh': 0.1243054774221191, 'type': 'GRID_buy', 'hour': 7}]"
7,59,0.75,0.19629817,1.2513744225981023,0,0.0,0.0,-0.5645075687540652,0.10544356187674078,Barriera_di_Milano,1.0,1.05,0,8,0.11274873235566357,"[{'sender': 'Aggregator', 'receiver': 59, 'amount': 1.055076241493225, 'price_per_kWh': 0.1243054774221191, 'type': 'GRID_buy', 'hour': 7}]"
7,61,2.5,0.5643535,1.0366138313163593,0,0.0,0.0,-0.3282691925554717,0.11413824351944404,Barriera_di_Milano,1.0,1.05,0,8,0.11274873235566357,"[{'sender': 'Aggregator', 'receiver': 61, 'amount': 0.4722602963447571, 'price_per_kWh': 0.1243054774221191, 'type': 'GRID_buy', 'hour': 7}]"
7,65,3.25,0.72308296,0.8627202878248806,0,0.0,0.0,-0.2248779364439972,0.1122028090366889,Barriera_di_Milano,1.0,1.05,0,8,0.11274873235566357,"[{'sender': 'Aggregator', 'receiver': 65, 'amount': 0.13963735103607178, 'price_per_kWh': 0.1243054774221191, 'type': 'GRID_buy', 'hour': 7}]"
7,67,0.25,0.09443372,1.6949771773474296,0,0.0,0.0,-0.6871881985277826,0.10361757165208964,Barriera_di_Milano,1.0,1.05,0,8,0.11274873235566357,"[{'sender': 'Aggregator', 'receiver': 67, 'amount': 1.60054349899292, 'price_per_kWh': 0.1243054774221191, 'type': 'GRID_buy', 'hour': 7}]"
7,68,2.75,0.64521986,0.6763519370795424,10,0.0,0.0,-0.1938043890013882,0.10588516692494028,Barriera_di_Milano,1.0,1.05,0,8,0.11274873235566357,"[{'sender': 'Aggregator', 'receiver': 68, 'amount': 0.031132102012634277, 'price_per_kWh': 0.1243054774221191, 'type': 'GRID_buy', 'hour': 7}]"
7,69,0.5,0.14092676,0.6213986573877257,0,0.0,0.0,-0.2707290482502699,0.10460484296700359,Barriera_di_Milano,1.0,1.05,0,8,0.11274873235566357,"[{'sender': 'Aggregator', 'receiver': 69, 'amount': 0.4804718494415283, 'price_per_kWh': 0.1243054774221191, 'type': 'GRID_buy', 'hour': 7}]"
7,74,2.0,0.4575366,1.5799778218295493,0,0.0,0.0,-0.6017351509508536,0.11834868607479965,Barriera_di_Milano,1.0,1.05,0,8,0.11274873235566357,"[{'sender': 'Aggregator', 'receiver': 74, 'amount': 1.122441291809082, 'price_per_kWh': 0.1243054774221191, 'type': 'GRID_buy', 'hour': 7}]"
7,78,4.75,1.0640781,1.0358170207993094,0,0.0,0.0,-0.21520257990959732,0.08593167503605957,Barriera_di_Milano,1.02,1.05,1,7,0.11274873235566357,"[{'sender': 78, 'receiver': 75, 'amount': 0.02826106548309326, 'price_per_kWh': 0.10472941372708666, 'type': 'P2P', 'hour': 7}]"
7,79,0.0,0.09421271,0.738578409776691,0,0.0,0.0,-0.3469847617372491,0.11565933768850276,Barriera_di_Milano,1.0,1.05,0,8,0.11274873235566357,"[{'sender': 'Aggregator', 'receiver': 79, 'amount': 0.6443657279014587, 'price_per_kWh': 0.1243054774221191, 'type': 'GRID_buy', 'hour': 7}]"
7,92,2.25,0.51473147,1.415877596082539,10,0.0,0.0,-0.5624315569702996,0.1111205143233042,Barriera_di_Milano,1.0,1.05,0,8,0.11274873235566357,"[{'sender': 'Aggregator', 'receiver': 92, 'amount': 0.9011461138725281, 'price_per_kWh': 0.1243054774221191, 'type': 'GRID_buy', 'hour': 7}]"
7,93,0.75,0.19473091,0.6689221130660797,10,0.0,0.0,-0.3058125754804654,0.11758776096442786,Barriera_di_Milano,1.0,1.05,0,8,0.11274873235566357,"[{'sender': 'Aggregator', 'receiver': 93, 'amount': 0.47419121861457825, 'price_per_kWh': 0.1243054774221191, 'type': 'GRID_buy', 'hour': 7}]"
7,98,3.25,0.72294223,1.0319410162163305,15,0.0,0.0,-0.3326046042559817,0.10245676061841043,Barriera_di_Milano,1.0,1.05,0,8,0.11274873235566357,"[{'sender': 'Aggregator', 'receiver': 98, 'amount': 0.30899882316589355, 'price_per_kWh': 0.1243054774221191, 'type': 'GRID_buy', 'hour': 7}]"
7,3,0.25,0.105327114,1.1583479756292197,0,0.0,0.0,-0.48449622212860216,0.11269440666671716,San_Salvario,1.0,1.05,0,8,0.11274873235566357,"[{'sender': 'Aggregator', 'receiver': 3, 'amount': 1.0530208349227905, 'price_per_kWh': 0.1243054774221191, 'type': 'GRID_buy', 'hour': 7}]"
7,5,2.75,0.6489915,0.9016966868118829,15,0.0,0.0,-0.2599181618212527,0.11908937143243128,San_Salvario,1.0,1.05,0,8,0.11274873235566357,"[{'sender': 'Aggregator', 'receiver': 5, 'amount': 0.2527051568031311, 'price_per_kWh': 0.1243054774221191, 'type': 'GRID_buy', 'hour': 7}]"
7,9,1.75,0.40926942,0.9415579815036554,0,0.0,0.0,-0.3673877069049673,0.10444444844100066,San_Salvario,1.0,1.05,0,8,0.11274873235566357,"[{'sender': 'Aggregator', 'receiver': 9, 'amount': 0.5322885513305664, 'price_per_kWh': 0.1243054774221191, 'type': 'GRID_buy', 'hour': 7}]"
7,11,2.25,0.4713434,1.104226725360854,10,0.0,0.0,-0.3777999876277119,0.1126612446986657,San_Salvario,1.0,1.05,0,8,0.11274873235566357,"[{'sender': 'Aggregator', 'receiver': 11, 'amount': 0.6328833103179932, 'price_per_kWh': 0.1243054774221191, 'type': 'GRID_buy', 'hour': 7}]"
7,12,0.75,0.19334106,1.567194999556872,10,0.0,0.0,-0.6235143782387522,0.11745479353583817,San_Salvario,1.0,1.05,0,8,0.11274873235566357,"[{'sender': 'Aggregator', 'receiver': 12, 'amount': 1.3738540410995483, 'price_per_kWh': 0.1243054774221191, 'type': 'GRID_buy', 'hour': 7}]"
7,13,4.5,0.99906456,0.7529398035033095,0,0.0,0.0,-0.12096969645199293,0.08227722655230732,San_Salvario,1.02,1.05,1,7,0.11274873235566357,"[{'sender': 13, 'receiver': 75, 'amount': 0.2461247444152832, 'price_per_kWh': 0.10290218948521054, 'type': 'P2P', 'hour': 7}]"
7,21,0.0,0.09948244,1.6130427771817564,15,0.0,0.0,-0.7596109630095108,0.11734127133646587,San_Salvario,1.0,1.05,0,8,0.11274873235566357,"[{'sender': 'Aggregator', 'receiver': 21, 'amount': 1.51356041431427, 'price_per_kWh': 0.1243054774221191, 'type': 'GRID_buy', 'hour': 7}]"
7,24,2.25,0.50343335,1.4992748737598043,15,0.0,0.0,-0.5612925817737088,0.1220365772898268,San_Salvario,1.0,1.05,0,8,0.11274873235566357,"[{'sender': 'Aggregator', 'receiver': 24, 'amount': 0.9958415031433105, 'price_per_kWh': 0.1243054774221191, 'type': 'GRID_buy', 'hour': 7}]"
7,28,3.25,0.72641516,1.0016135215739421,10,0.0,0.0,-0.28204273923126677,0.11500100255076087,San_Salvario,1.0,1.05,0,8,0.11274873235566357,"[{'sender': 'Aggregator', 'receiver': 28, 'amount': 0.2751983404159546, 'price_per_kWh': 0.1243054774221191, 'type': 'GRID_buy', 'hour': 7}]"
7,33,0.5,0.15149713,0.9013889525740175,15,0.0,0.0,-0.3715868212085468,0.10689115402447039,San_Salvario,1.0,1.05,0,8,0.11274873235566357,"[{'sender': 'Aggregator', 'receiver': 33, 'amount': 0.7498918175697327, 'price_per_kWh': 0.1243054774221191, 'type': 'GRID_buy', 'hour': 7}]"
7,36,1.75,0.4083246,1.3249282593800236,10,0.0,0.0,-0.5164792494143547,0.10868443063754653,San_Salvario,1.0,1.05,0,8,0.11274873235566357,"[{'sender': 'Aggregator', 'receiver': 36, 'amount': 0.916603684425354, 'price_per_kWh': 0.1243054774221191, 'type': 'GRID_buy', 'hour': 7}]"
7,40,2.75,0.6431746,1.2745069902982142,15,0.0,0.0,-0.39610506717270383,0.11672279148738991,San_Salvario,1.0,1.05,0,8,0.11274873235566357,"[{'sender': 'Aggregator', 'receiver': 40, 'amount': 0.6313324570655823, 'price_per_kWh': 0.1243054774221191, 'type': 'GRID_buy', 'hour': 7}]"
7,43,2.25,0.52059746,0.691719528929064,15,0.0,0.0,-0.21736562862698,0.12162131211940748,San_Salvario,1.0,1.05,0,8,0.11274873235566357,"[{'sender': 'Aggregator', 'receiver': 43, 'amount': 0.17112207412719727, 'price_per_kWh': 0.1243054774221191, 'type': 'GRID_buy', 'hour': 7}]"
7,44,3.25,0.6771305,1.4719053836643086,10,0.0,0.0,-0.5568055839744488,0.11603316417005387,San_Salvario,1.0,1.05,0,8,0.11274873235566357,"[{'sender': 'Aggregator', 'receiver': 44, 'amount': 0.7947748303413391, 'price_per_kWh': 0.1243054774221191, 'type': 'GRID_buy', 'hour': 7}]"
7,50,1.25,0.29728702,0.8043443534446243,10,0.0,0.0,-0.294849910372635,0.1116890888449954,San_Salvario,1.0,1.05,0,8,0.11274873235566357,"[{'sender': 'Aggregator', 'receiver': 50, 'amount': 0.5070573091506958, 'price_per_kWh': 0.1243054774221191, 'type': 'GRID_buy', 'hour': 7}]"
7,52,2.75,0.6377806,0.7821398009723379,10,0.0,0.0,-0.2448974782789832,0.10222081781669848,San_Salvario,1.0,1.05,0,8,0.11274873235566357,"[{'sender': 'Aggregator', 'receiver': 52, 'amount': 0.14435917139053345, 'price_per_kWh': 0.1243054774221191, 'type': 'GRID_buy', 'hour': 7}]"
7,56,0.5,0.15275264,1.4470937630994771,15,0.0,0.0,-0.5930331269905842,0.11157804346440107,San_Salvario,1.0,1.05,0,8,0.11274873235566357,"[{'sender': 'Aggregator', 'receiver': 56, 'amount': 1.2943410873413086, 'price_per_kWh': 0.1243054774221191, 'type': 'GRID_buy', 'hour': 7}]"
7,71,4.25,0.89608085,0.8177256860899056,10,0.07835519313812256,0.0,-0.2218208148135578,0.0,San_Salvario,1.0,1.05,0,7,0.11274873235566357,[]
7,75,0.75,0.19437073,0.6140829117963731,0,0.0,0.0,-0.24891220880054718,0.12352715241811375,San_Salvario,1.02,1.05,1,7,0.11274873235566357,"[{'sender': 13, 'receiver': 75, 'amount': 0.2461247444152832, 'price_per_kWh': 0.10290218948521054, 'type': 'P2P', 'hour': 7}, {'sender': 78, 'receiver': 75, 'amount': 0.02826106548309326, 'price_per_kWh': 0.10472941372708666, 'type': 'P2P', 'hour': 7}, {'sender': 7, 'receiver': 75, 'amount': 0.025142550468444824, 'price_per_kWh': 0.10552886742100559, 'type': 'P2P', 'hour': 7}, {'sender': 83, 'receiver': 75, 'amount': 0.12018382549285889, 'price_per_kWh': 0.10584246157210098, 'type': 'P2P', 'hour': 7}]"
7,95,1.75,0.40947276,1.38348846564061,0,0.0,0.0,-0.5011453209094334,0.11478624646119978,San_Salvario,1.0,1.05,0,8,0.11274873235566357,"[{'sender': 'Aggregator', 'receiver': 95, 'amount': 0.9740156531333923, 'price_per_kWh': 0.1243054774221191, 'type': 'GRID_buy', 'hour': 7}]"
7,96,1.25,0.2899276,0.7369199258630095,15,0.0,0.0,-0.29016868619273,0.11671856423052583,San_Salvario,1.0,1.05,0,8,0.11274873235566357,"[{'sender': 'Aggregator', 'receiver': 96, 'amount': 0.44699233770370483, 'price_per_kWh': 0.1243054774221191, 'type': 'GRID_buy', 'hour': 7}]"
7,4,0.0,0.10610892,1.3252840289596453,15,0.0,0.0,-0.6148313129533429,0.11114260918146299,San_Donato,1.0,1.05,0,8,0.11274873235566357,"[{'sender': 'Aggregator', 'receiver': 4, 'amount': 1.219175100326538, 'price_per_kWh': 0.1243054774221191, 'type': 'GRID_buy', 'hour': 7}]"
7,14,2.5,0.5781276,1.577956176382813,0,0.0,0.0,-0.558170029877328,0.10170215032896579,San_Donato,1.0,1.05,0,8,0.11274873235566357,"[{'sender': 'Aggregator', 'receiver': 14, 'amount': 0.999828577041626, 'price_per_kWh': 0.1243054774221191, 'type': 'GRID_buy', 'hour': 7}]"
7,17,1.25,0.30443126,1.0752624989503574,10,0.0,0.0,-0.4274393155517167,0.106023703643663,San_Donato,1.0,1.05,0,8,0.11274873235566357,"[{'sender': 'Aggregator', 'receiver': 17, 'amount': 0.770831286907196, 'price_per_kWh': 0.1243054774221191, 'type': 'GRID_buy', 'hour': 7}]"
7,18,1.25,0.29880098,1.534058727874846,15,0.0,0.0,-0.6487554787225989,0.1120801747614715,San_Donato,1.0,1.05,0,8,0.11274873235566357,"[{'sender': 'Aggregator', 'receiver': 18, 'amount': 1.2352577447891235, 'price_per_kWh': 0.1243054774221191, 'type': 'GRID_buy', 'hour': 7}]"
7,22,2.0,0.47093028,1.5116334450516957,10,0.0,0.0,-0.5985504892541987,0.11954809847521454,San_Donato,1.0,1.05,0,8,0.11274873235566357,"[{'sender': 'Aggregator', 'receiver': 22, 'amount': 1.0407030582427979, 'price_per_kWh': 0.1243054774221191, 'type': 'GRID_buy', 'hour': 7}]"
7,29,2.0,0.47134647,0.6794315784278897,10,0.0,0.0,-0.2131311292352382,0.10619551698157541,San_Donato,1.0,1.05,0,8,0.11274873235566357,"[{'sender': 'Aggregator', 'receiver': 29, 'amount': 0.2080850899219513, 'price_per_kWh': 0.1243054774221191, 'type': 'GRID_buy', 'hour': 7}]"
7,30,2.5,0.57143897,1.222012382033553,10,0.0,0.0,-0.38632137535586186,0.1060339717275479,San_Donato,1.0,1.05,0,8,0.11274873235566357,"[{'sender': 'Aggregator', 'receiver': 30, 'amount': 0.6505734324455261, 'price_per_kWh': 0.1243054774221191, 'type': 'GRID_buy', 'hour': 7}]"
7,39,3.25,0.7396461,1.888445063658775,15,0.0,0.0,-0.6442999582718401,0.1029471727219974,San_Donato,1.0,1.05,0,8,0.11274873235566357,"[{'sender': 'Aggregator', 'receiver': 39, 'amount': 1.148798942565918, 'price_per_kWh': 0.1243054774221191, 'type': 'GRID_buy', 'hour': 7}]"
7,45,4.5,1.0169142,1.4355649358536213,15,0.0,0.0,-0.4515723717884573,0.11030368086805242,San_Donato,1.0,1.05,0,8,0.11274873235566357,"[{'sender': 'Aggregator', 'receiver': 45, 'amount': 0.41865074634552, 'price_per_kWh': 0.1243054774221191, 'type': 'GRID_buy', 'hour': 7}]"
7,53,4.25,0.96247685,1.712907858540153,0,0.0,0.0,-0.5362229736269534,0.12107670019357974,San_Donato,1.0,1.05,0,8,0.11274873235566357,"[{'sender': 'Aggregator', 'receiver': 53, 'amount': 0.7504310607910156, 'price_per_kWh': 0.1243054774221191, 'type': 'GRID_buy', 'hour': 7}]"
7,54,0.75,0.20762026,1.3629365625382914,10,0.0,0.0,-0.5437774239781736,0.12042927461859518,San_Donato,1.0,1.05,0,8,0.11274873235566357,"[{'sender': 'Aggregator', 'receiver': 54, 'amount': 1.1553163528442383, 'price_per_kWh': 0.1243054774221191, 'type': 'GRID_buy', 'hour': 7}]"
7,57,2.25,0.5294552,1.1625596775334426,10,0.0,0.0,-0.39144958170491845,0.11516996690136616,San_Donato,1.0,1.05,0,8,0.11274873235566357,"[{'sender': 'Aggregator', 'receiver': 57, 'amount': 0.6331044435501099, 'price_per_kWh': 0.1243054774221191, 'type': 'GRID_buy', 'hour': 7}]"
7,58,3.0,0.69203156,1.5301159497274905,0,0.0,0.0,-0.610103370974495,0.11543836678867554,San_Donato,1.0,1.05,0,8,0.11274873235566357,"[{'sender': 'Aggregator', 'receiver': 58, 'amount': 0.8380843997001648, 'price_per_kWh': 0.1243054774221191, 'type': 'GRID_buy', 'hour': 7}]"
7,63,0.75,0.20500508,1.8499818403058925,10,0.0,0.0,-0.7482179274775458,0.10681569332108153,San_Donato,1.0,1.05,0,8,0.11274873235566357,"[{'sender': 'Aggregator', 'receiver': 63, 'amount': 1.6449767351150513, 'price_per_kWh': 0.1243054774221191, 'type': 'GRID_buy', 'hour': 7}]"
7,66,1.5,0.35027698,0.8505776308160603,0,0.0,0.0,-0.302409221950174,0.11672988068936964,San_Donato,1.0,1.05,0,8,0.11274873235566357,"[{'sender': 'Aggregator', 'receiver': 66, 'amount': 0.5003006458282471, 'price_per_kWh': 0.1243054774221191, 'type': 'GRID_buy', 'hour': 7}]"
7,72,2.5,0.57143897,0.731545793497829,0,0.0,0.0,-0.20638875223594622,0.10653527742942902,San_Donato,1.0,1.05,0,8,0.11274873235566357,"[{'sender': 'Aggregator', 'receiver': 72, 'amount': 0.1601068377494812, 'price_per_kWh': 0.1243054774221191, 'type': 'GRID_buy', 'hour': 7}]"
7,77,4.0,0.8970982,0.8110059847726127,0,0.0,0.0,-0.17816721273591885,0.09996422305725239,San_Donato,1.02,1.05,1,7,0.11274873235566357,"[{'sender': 77, 'receiver': 42, 'amount': 0.08609217405319214, 'price_per_kWh': 0.11167712023415083, 'type': 'P2P', 'hour': 7}]"
7,80,2.25,0.5215811,0.6928902173444113,0,0.0,0.0,-0.23919411866188206,0.10959968246958,San_Donato,1.0,1.05,0,8,0.11274873235566357,"[{'sender': 'Aggregator', 'receiver': 80, 'amount': 0.17130911350250244, 'price_per_kWh': 0.1243054774221191, 'type': 'GRID_buy', 'hour': 7}]"
7,81,0.5,0.15345216,1.661813455619643,0,0.0,0.0,-0.6873938463900652,0.10828951205600691,San_Donato,1.0,1.05,0,8,0.11274873235566357,"[{'sender': 'Aggregator', 'receiver': 81, 'amount': 1.5083613395690918, 'price_per_kWh': 0.1243054774221191, 'type': 'GRID_buy', 'hour': 7}]"
7,99,1.25,0.2987684,1.5010851310388467,0,0.0,0.0,-0.6102390610087529,0.1042434352943921,San_Donato,1.0,1.05,0,8,0.11274873235566357,"[{'sender': 'Aggregator', 'receiver': 99, 'amount': 1.2023167610168457, 'price_per_kWh': 0.1243054774221191, 'type': 'GRID_buy', 'hour': 7}]"
7,2,0.5,0.15151595,0.654204578712216,0,0.0,0.0,-0.2751151459411331,0.1063774029511541,Centro,1.0,1.05,0,8,0.11274873235566357,"[{'sender': 'Aggregator', 'receiver': 2, 'amount': 0.5026886463165283, 'price_per_kWh': 0.1243054774221191, 'type': 'GRID_buy', 'hour': 7}]"
7,6,4.5,1.0058345,1.5014470642183861,0,0.0,0.0,-0.4801892939957238,0.10524851416862682,Centro,1.0,1.05,0,8,0.11274873235566357,"[{'sender': 'Aggregator', 'receiver': 6, 'amount': 0.49561262130737305, 'price_per_kWh': 0.1243054774221191, 'type': 'GRID_buy', 'hour': 7}]"
7,10,1.5,0.34959823,0.6958511278858762,15,0.0,0.0,-0.2504203934037878,0.10397992916649844,Centro,1.0,1.05,0,8,0.11274873235566357,"[{'sender': 'Aggregator', 'receiver': 10, 'amount': 0.3462529182434082, 'price_per_kWh': 0.1243054774221191, 'type': 'GRID_buy', 'hour': 7}]"
7,15,1.0,0.23423626,1.8218328780513502,15,0.0,0.0,-0.73749608533982,0.11880099118150414,Centro,1.0,1.05,0,8,0.11274873235566357,"[{'sender': 'Aggregator', 'receiver': 15, 'amount': 1.5875966548919678, 'price_per_kWh': 0.1243054774221191, 'type': 'GRID_buy', 'hour': 7}]"
7,23,2.75,0.65207726,1.25580933062803,15,0.0,0.0,-0.4418654509927539,0.10811932000638531,Centro,1.0,1.05,0,8,0.11274873235566357,"[{'sender': 'Aggregator', 'receiver': 23, 'amount': 0.6037320494651794, 'price_per_kWh': 0.1243054774221191, 'type': 'GRID_buy', 'hour': 7}]"
7,25,3.25,0.72961205,1.2712308243270467,10,0.0,0.0,-0.43897366441849295,0.12236500957072109,Centro,1.0,1.05,0,8,0.11274873235566357,"[{'sender': 'Aggregator', 'receiver': 25, 'amount': 0.5416187644004822, 'price_per_kWh': 0.1243054774221191, 'type': 'GRID_buy', 'hour': 7}]"
7,37,4.5,1.0040468,1.4725761813286595,10,0.0,0.0,-0.44365498931748776,0.10422974975992459,Centro,1.0,1.05,0,8,0.11274873235566357,"[{'sender': 'Aggregator', 'receiver': 37, 'amount': 0.4685293436050415, 'price_per_kWh': 0.1243054774221191, 'type': 'GRID_buy', 'hour': 7}]"
7,60,4.25,0.95094365,0.7314785968295524,15,0.21946507692337036,0.0,-0.1513910538467433,0.0,Centro,1.0,1.05,0,7,0.11274873235566357,[]
7,62,2.25,0.5225134,1.3675299640945406,15,0.0,0.0,-0.49608341604016576,0.10211380790494073,Centro,1.0,1.05,0,8,0.11274873235566357,"[{'sender': 'Aggregator', 'receiver': 62, 'amount': 0.845016598701477, 'price_per_kWh': 0.1243054774221191, 'type': 'GRID_buy', 'hour': 7}]"
7,73,2.25,0.52068406,1.309909180748684,10,0.0,0.0,-0.4637983280043744,0.12217437178241249,Centro,1.0,1.05,0,8,0.11274873235566357,"[{'sender': 'Aggregator', 'receiver': 73, 'amount': 0.789225161075592, 'price_per_kWh': 0.1243054774221191, 'type': 'GRID_buy', 'hour': 7}]"
7,85,2.0,0.46493804,0.7850151728099563,15,0.0,0.0,-0.2769497870778242,0.10200527983447381,Centro,1.0,1.05,0,8,0.11274873235566357,"[{'sender': 'Aggregator', 'receiver': 85, 'amount': 0.320077121257782, 'price_per_kWh': 0.1243054774221191, 'type': 'GRID_buy', 'hour': 7}]"
7,87,3.5,0.804532,1.705095591879923,0,0.0,0.0,-0.564730161889955,0.10929484218767968,Centro,1.0,1.05,0,8,0.11274873235566357,"[{'sender': 'Aggregator', 'receiver': 87, 'amount': 0.900563657283783, 'price_per_kWh': 0.1243054774221191, 'type': 'GRID_buy', 'hour': 7}]"
7,88,2.5,0.57089597,1.6211484837128272,10,0.0,0.0,-0.5697289901698644,0.11717559853750695,Centro,1.0,1.05,0,8,0.11274873235566357,"[{'sender': 'Aggregator', 'receiver': 88, 'amount': 1.0502524375915527, 'price_per_kWh': 0.1243054774221191, 'type': 'GRID_buy', 'hour': 7}]"
7,89,4.75,1.0665632,1.7034531868213483,0,0.0,0.0,-0.5263896791954292,0.11227479907302815,Centro,1.0,1.05,0,8,0.11274873235566357,"[{'sender': 'Aggregator', 'receiver': 89, 'amount': 0.6368899345397949, 'price_per_kWh': 0.1243054774221191, 'type': 'GRID_buy', 'hour': 7}]"
7,97,3.0,0.6848418,1.5007632186755238,15,0.0,0.0,-0.5662129009284291,0.11306109525845019,Centro,1.0,1.05,0,8,0.11274873235566357,"[{'sender': 'Aggregator', 'receiver': 97, 'amount': 0.8159213662147522, 'price_per_kWh': 0.1243054774221191, 'type': 'GRID_buy', 'hour': 7}]"
7,7,4.25,0.94846743,0.9233248735123339,0,0.0,0.0,-0.20817455553884118,0.08753058242389741,Lingotto,1.02,1.05,1,7,0.11274873235566357,"[{'sender': 7, 'receiver': 75, 'amount': 0.025142550468444824, 'price_per_kWh': 0.10552886742100559, 'type': 'P2P', 'hour': 7}]"
7,8,3.25,0.7389591,0.8155780136980079,15,0.0,0.0,-0.24664595482913004,0.11470344109438016,Lingotto,1.0,1.05,0,8,0.11274873235566357,"[{'sender': 'Aggregator', 'receiver': 8, 'amount': 0.0766189694404602, 'price_per_kWh': 0.1243054774221191, 'type': 'GRID_buy', 'hour': 7}]"
7,16,0.0,0.107124984,1.487737040075988,0,0.0,0.0,-0.6851340485515268,0.11467241797821456,Lingotto,1.0,1.05,0,8,0.11274873235566357,"[{'sender': 'Aggregator', 'receiver': 16, 'amount': 1.3806121349334717, 'price_per_kWh': 0.1243054774221191, 'type': 'GRID_buy', 'hour': 7}]"
7,19,4.25,0.9597721,1.1267016211074463,10,0.0,0.0,-0.2734252169217978,0.10891945455640996,Lingotto,1.0,1.05,0,8,0.11274873235566357,"[{'sender': 'Aggregator', 'receiver': 19, 'amount': 0.1669294834136963, 'price_per_kWh': 0.1243054774221191, 'type': 'GRID_buy', 'hour': 7}]"
7,20,0.5,0.15625209,0.6837558014422797,0,0.0,0.0,-0.29713013193938403,0.10679858276643314,Lingotto,1.0,1.05,0,8,0.11274873235566357,"[{'sender': 'Aggregator', 'receiver': 20, 'amount': 0.5275037288665771, 'price_per_kWh': 0.1243054774221191, 'type': 'GRID_buy', 'hour': 7}]"
7,27,4.25,0.94924253,1.0474757244784936,0,0.0,0.0,-0.293695147999683,0.10846577985624084,Lingotto,1.0,1.05,0,8,0.11274873235566357,"[{'sender': 'Aggregator', 'receiver': 27, 'amount': 0.098233163356781, 'price_per_kWh': 0.1243054774221191, 'type': 'GRID_buy', 'hour': 7}]"
7,32,2.25,0.52997506,1.0323633810931039,0,0.0,0.0,-0.34148920332045934,0.10885727561685102,Lingotto,1.0,1.05,0,8,0.11274873235566357,"[{'sender': 'Aggregator', 'receiver': 32, 'amount': 0.5023883581161499, 'price_per_kWh': 0.1243054774221191, 'type': 'GRID_buy', 'hour': 7}]"
7,41,0.75,0.20539144,0.6378366645029373,0,0.0,0.0,-0.25438402233524143,0.10268368872835702,Lingotto,1.0,1.05,0,8,0.11274873235566357,"[{'sender': 'Aggregator', 'receiver': 41, 'amount': 0.4324451982975006, 'price_per_kWh': 0.1243054774221191, 'type': 'GRID_buy', 'hour': 7}]"
7,42,4.0,0.893788,1.7540090295259696,15,0.0,0.0,-0.5603580495974811,0.12339001741104928,Lingotto,1.02,1.05,1,8,0.11274873235566357,"[{'sender': 83, 'receiver': 42, 'amount': 0.1067095398902893, 'price_per_kWh': 0.10577389406856874, 'type': 'P2P', 'hour': 7}, {'sender': 48, 'receiver': 42, 'amount': 0.03137701749801636, 'price_per_kWh': 0.10658399417321834, 'type': 'P2P', 'hour': 7}, {'sender': 77, 'receiver': 42, 'amount': 0.08609217405319214, 'price_per_kWh': 0.11167712023415083, 'type': 'P2P', 'hour': 7}, {'sender': 'Aggregator', 'receiver': 42, 'amount': 0.6360422968864441, 'price_per_kWh': 0.1243054774221191, 'type': 'GRID_buy', 'hour': 7}]"
7,48,4.5,1.0142621,0.9828850873507613,0,0.0,0.0,-0.22995019114723558,0.0897779709353874,Lingotto,1.02,1.05,1,7,0.11274873235566357,"[{'sender': 48, 'receiver': 42, 'amount': 0.03137701749801636, 'price_per_kWh': 0.10658399417321834, 'type': 'P2P', 'hour': 7}]"
7,49,0.5,0.15563098,0.8691743838020248,10,0.0,0.0,-0.4025153657127719,0.11088645662704125,Lingotto,1.0,1.05,0,8,0.11274873235566357,"[{'sender': 'Aggregator', 'receiver': 49, 'amount': 0.7135434150695801, 'price_per_kWh': 0.1243054774221191, 'type': 'GRID_buy', 'hour': 7}]"
7,51,0.25,0.107124984,1.492198585593981,0,0.0,0.0,-0.6740192571693236,0.10614656294118878,Lingotto,1.0,1.05,0,8,0.11274873235566357,"[{'sender': 'Aggregator', 'receiver': 51, 'amount': 1.3850736618041992, 'price_per_kWh': 0.1243054774221191, 'type': 'GRID_buy', 'hour': 7}]"
7,64,0.5,0.15550707,1.5859070413960423,10,0.0,0.0,-0.7184548885866131,0.1043249104357685,Lingotto,1.0,1.05,0,8,0.11274873235566357,"[{'sender': 'Aggregator', 'receiver': 64, 'amount': 1.4303998947143555, 'price_per_kWh': 0.1243054774221191, 'type': 'GRID_buy', 'hour': 7}]"
7,70,2.0,0.47062021,1.4565833214366115,10,0.0,0.0,-0.555840015793685,0.10254539094283847,Lingotto,1.0,1.05,0,8,0.11274873235566357,"[{'sender': 'Aggregator', 'receiver': 70, 'amount': 0.9859631657600403, 'price_per_kWh': 0.1243054774221191, 'type': 'GRID_buy', 'hour': 7}]"
7,76,3.5,0.80412215,1.621749138408934,15,0.0,0.0,-0.5621274646435797,0.10841223415750864,Lingotto,1.0,1.05,0,8,0.11274873235566357,"[{'sender': 'Aggregator', 'receiver': 76, 'amount': 0.8176270127296448, 'price_per_kWh': 0.1243054774221191, 'type': 'GRID_buy', 'hour': 7}]"
7,82,0.25,0.10920532,1.5644649498315732,0,0.0,0.0,-0.6514110537887938,0.11303018676049131,Lingotto,1.0,1.05,0,8,0.11274873235566357,"[{'sender': 'Aggregator', 'receiver': 82, 'amount': 1.4552595615386963, 'price_per_kWh': 0.1243054774221191, 'type': 'GRID_buy', 'hour': 7}]"
7,83,4.5,1.0027074,0.7758140148532124,0,0.0,0.0,-0.1604027160014148,0.0881577707260882,Lingotto,1.02,1.05,1,7,0.11274873235566357,"[{'sender': 83, 'receiver': 75, 'amount': 0.12018382549285889, 'price_per_kWh': 0.10584246157210098, 'type': 'P2P', 'hour': 7}, {'sender': 83, 'receiver': 42, 'amount': 0.1067095398902893, 'price_per_kWh': 0.10577389406856874, 'type': 'P2P', 'hour': 7}]"
7,84,1.25,0.299655,1.130113984295965,15,0.0,0.0,-0.40820107317513477,0.11159831324836361,Lingotto,1.0,1.05,0,8,0.11274873235566357,"[{'sender': 'Aggregator', 'receiver': 84, 'amount': 0.8304589986801147, 'price_per_kWh': 0.1243054774221191, 'type': 'GRID_buy', 'hour': 7}]"
7,86,3.25,0.7389591,1.7328919086743713,15,0.0,0.0,-0.5565813074218335,0.10541281649969805,Lingotto,1.0,1.05,0,8,0.11274873235566357,"[{'sender': 'Aggregator', 'receiver': 86, 'amount': 0.993932843208313, 'price_per_kWh': 0.1243054774221191, 'type': 'GRID_buy', 'hour': 7}]"
7,90,1.75,0.4116374,1.1597174206721312,10,0.0,0.0,-0.4451867853268999,0.10601854325622617,Lingotto,1.0,1.05,0,8,0.11274873235566357,"[{'sender': 'Aggregator', 'receiver': 90, 'amount': 0.7480800151824951, 'price_per_kWh': 0.1243054774221191, 'type': 'GRID_buy', 'hour': 7}]"
7,91,1.0,0.24442528,1.4976660963788462,10,0.0,0.0,-0.6079603616008125,0.10179479624079914,Lingotto,1.0,1.05,0,8,0.11274873235566357,"[{'sender': 'Aggregator', 'receiver': 91, 'amount': 1.2532408237457275, 'price_per_kWh': 0.1243054774221191, 'type': 'GRID_buy', 'hour': 7}]"
7,94,1.25,0.29977885,1.091860750260381,15,0.0,0.0,-0.4450046606139125,0.12065896933691674,Lingotto,1.0,1.05,0,8,0.11274873235566357,"[{'sender': 'Aggregator', 'receiver': 94, 'amount': 0.7920819520950317, 'price_per_kWh': 0.1243054774221191, 'type': 'GRID_buy', 'hour': 7}]"
8,0,4.0,1.5585936,1.6334622852016047,0,0.0,0.0,-0.5351162136947354,0.10428221857956267,Barriera_di_Milano,1.0,1.05,0,9,0.11188906383031036,"[{'sender': 'Aggregator', 'receiver': 0, 'amount': 0.07486867904663086, 'price_per_kWh': 0.12335769287291719, 'type': 'GRID_buy', 'hour': 8}]"
8,1,3.75,1.4607807,0.8427198014396104,10,0.6180609464645386,0.0,-0.24035163577699478,0.0,Barriera_di_Milano,1.0,1.05,0,8,0.11188906383031036,[]
8,26,4.0,1.5588918,1.858963955069522,10,0.0,0.0,-0.5843724336784757,0.10612771138442027,Barriera_di_Milano,1.0,1.05,0,9,0.11188906383031036,"[{'sender': 'Aggregator', 'receiver': 26, 'amount': 0.30007219314575195, 'price_per_kWh': 0.12335769287291719, 'type': 'GRID_buy', 'hour': 8}]"
8,31,3.75,1.4610875,1.6988608453867189,10,0.0,0.0,-0.6258449224738859,0.11025141920298652,Barriera_di_Milano,1.0,1.05,0,9,0.11188906383031036,"[{'sender': 'Aggregator', 'receiver': 31, 'amount': 0.23777341842651367, 'price_per_kWh': 0.12335769287291719, 'type': 'GRID_buy', 'hour': 8}]"
8,34,3.75,1.4614146,0.7602055687173711,15,0.7012090086936951,0.0,-0.20969532190244689,0.0,Barriera_di_Milano,1.0,1.05,0,8,0.11188906383031036,[]
8,35,4.5,1.765577,1.4040493263594438,15,0.361527681350708,0.0,-0.40845822047171454,0.0,Barriera_di_Milano,1.0,1.05,0,8,0.11188906383031036,[]
8,38,3.75,1.4614338,0.6711001148340775,15,0.958827793598175,0.0,-0.1600143910567829,0.0,Barriera_di_Milano,1.0,1.05,0,7,0.11188906383031036,[]
8,46,3.75,1.4612963,1.3964969806682137,0,0.0,0.0,-0.49912474580690624,0.10030724754246866,Barriera_di_Milano,1.02,1.05,1,8,0.11188906383031036,"[{'sender': 46, 'receiver': 59, 'amount': 0.06479930877685547, 'price_per_kWh': 0.1093626815449982, 'type': 'P2P', 'hour': 8}]"
8,47,1.25,0.49055257,1.7429322360865394,10,0.0,0.0,-0.8108584273258778,0.10465802310695299,Barriera_di_Milano,1.0,1.05,0,9,0.11188906383031036,"[{'sender': 'Aggregator', 'receiver': 47, 'amount': 1.2523796558380127, 'price_per_kWh': 0.12335769287291719, 'type': 'GRID_buy', 'hour': 8}]"
8,55,2.25,0.8698226,0.7378985320856519,10,0.1319240927696228,0.0,-0.23440078621511332,0.0,Barriera_di_Milano,1.0,1.05,0,8,0.11188906383031036,[]
8,59,0.75,0.29900786,1.3430506459269056,0,0.0,0.0,-0.6894047173548752,0.11841811554752775,Barriera_di_Milano,1.02,1.05,1,9,0.11188906383031036,"[{'sender': 65, 'receiver': 59, 'amount': 0.18948113918304443, 'price_per_kWh': 0.10759525928695418, 'type': 'P2P', 'hour': 8}, {'sender': 46, 'receiver': 59, 'amount': 0.06479930877685547, 'price_per_kWh': 0.1093626815449982, 'type': 'P2P', 'hour': 8}, {'sender': 'Aggregator', 'receiver': 59, 'amount': 0.7897622585296631, 'price_per_kWh': 0.12335769287291719, 'type': 'GRID_buy', 'hour': 8}]"
8,61,2.5,0.94898623,0.9280658125079072,0,0.0,0.0,-0.32610526858845573,0.0906906585641033,Barriera_di_Milano,1.02,1.05,1,8,0.11188906383031036,"[{'sender': 61, 'receiver': 51, 'amount': 0.020920395851135254, 'price_per_kWh': 0.10554703153519587, 'type': 'P2P', 'hour': 8}]"
8,65,3.25,1.2449033,0.7964135074889672,0,0.0,0.0,-0.17709292188362846,0.09677240302638063,Barriera_di_Milano,1.02,1.05,1,8,0.11188906383031036,"[{'sender': 65, 'receiver': 12, 'amount': 0.15653568506240845, 'price_per_kWh': 0.1080062676511597, 'type': 'P2P', 'hour': 8}, {'sender': 65, 'receiver': 76, 'amount': 0.10247302055358887, 'price_per_kWh': 0.10783369807604426, 'type': 'P2P', 'hour': 8}, {'sender': 65, 'receiver': 59, 'amount': 0.18948113918304443, 'price_per_kWh': 0.10759525928695418, 'type': 'P2P', 'hour': 8}]"
8,67,0.25,0.14606507,1.5447104671687917,0,0.0,0.0,-0.8597218683425791,0.10836978846883581,Barriera_di_Milano,1.0,1.05,0,9,0.11188906383031036,"[{'sender': 'Aggregator', 'receiver': 67, 'amount': 1.3986454010009766, 'price_per_kWh': 0.12335769287291719, 'type': 'GRID_buy', 'hour': 8}]"
8,68,2.75,1.0756779,0.7542825056910909,10,0.3213953375816345,0.0,-0.1938043890013882,0.0,Barriera_di_Milano,1.0,1.05,0,8,0.11188906383031036,[]
8,69,0.5,0.21982135,0.5860868368068374,0,0.0,0.0,-0.3159107123177875,0.10343349267871008,Barriera_di_Milano,1.0,1.05,0,9,0.11188906383031036,"[{'sender': 'Aggregator', 'receiver': 69, 'amount': 0.3662654757499695, 'price_per_kWh': 0.12335769287291719, 'type': 'GRID_buy', 'hour': 8}]"
8,74,2.0,0.77126306,1.6510966287945967,0,0.0,0.0,-0.6983981163555674,0.12013271695680314,Barriera_di_Milano,1.02,1.05,1,8,0.11188906383031036,"[{'sender': 48, 'receiver': 74, 'amount': 0.11094880104064941, 'price_per_kWh': 0.10676350936040532, 'type': 'P2P', 'hour': 8}, {'sender': 7, 'receiver': 74, 'amount': 0.7688847184181213, 'price_per_kWh': 0.1078475456685482, 'type': 'P2P', 'hour': 8}]"
8,78,4.75,1.8759192,0.9598772164107752,0,0.0,0.0,-0.1166700889779167,0.09597252497490762,Barriera_di_Milano,1.02,1.05,2,7,0.11188906383031036,"[{'sender': 78, 'receiver': 12, 'amount': 0.9160420298576355, 'price_per_kWh': 0.10760632862542319, 'type': 'P2P', 'hour': 8}]"
8,79,0.0,0.14584406,0.8317154685977554,0,0.0,0.0,-0.4197489059205889,0.12108508294152216,Barriera_di_Milano,1.02,1.05,1,8,0.11188906383031036,"[{'sender': 83, 'receiver': 79, 'amount': 0.16431665420532227, 'price_per_kWh': 0.10133743701092868, 'type': 'P2P', 'hour': 8}, {'sender': 27, 'receiver': 79, 'amount': 0.4797006845474243, 'price_per_kWh': 0.10482297820200669, 'type': 'P2P', 'hour': 8}, {'sender': 72, 'receiver': 79, 'amount': 0.04185408353805542, 'price_per_kWh': 0.10518240732693944, 'type': 'P2P', 'hour': 8}]"
8,92,2.25,0.8671108,1.4929839425458715,10,0.0,0.0,-0.639637824593129,0.1026377431271557,Barriera_di_Milano,1.0,1.05,0,9,0.11188906383031036,"[{'sender': 'Aggregator', 'receiver': 92, 'amount': 0.6258731484413147, 'price_per_kWh': 0.12335769287291719, 'type': 'GRID_buy', 'hour': 8}]"
8,93,0.75,0.29744062,0.7256807862056536,10,0.0,0.0,-0.3586392924063224,0.10571541313869563,Barriera_di_Milano,1.0,1.05,0,9,0.11188906383031036,"[{'sender': 'Aggregator', 'receiver': 93, 'amount': 0.4282401502132416, 'price_per_kWh': 0.12335769287291719, 'type': 'GRID_buy', 'hour': 8}]"
8,98,3.25,1.2447625,1.0363717201895355,15,0.20839083194732666,0.0,-0.3326046042559817,0.0,Barriera_di_Milano,1.0,1.05,0,8,0.11188906383031036,[]
8,3,0.25,0.15094419,0.9954261998192206,0,0.0,0.0,-0.5886695738939954,0.10600372375104146,San_Salvario,1.0,1.05,0,9,0.11188906383031036,"[{'sender': 'Aggregator', 'receiver': 3, 'amount': 0.8444820046424866, 'price_per_kWh': 0.12335769287291719, 'type': 'GRID_buy', 'hour': 8}]"
8,5,2.75,1.0729696,0.8453975819919338,15,0.22757196426391602,0.0,-0.2599181618212527,0.0,San_Salvario,1.0,1.05,0,8,0.11188906383031036,[]
8,9,1.75,0.6926102,0.9563139372002546,0,0.0,0.0,-0.39469133364050674,0.1214279224484851,San_Salvario,1.02,1.05,1,8,0.11188906383031036,"[{'sender': 83, 'receiver': 9, 'amount': 0.26370370388031006, 'price_per_kWh': 0.10150885676441015, 'type': 'P2P', 'hour': 8}]"
8,11,2.25,0.8128254,0.961688991538315,10,0.0,0.0,-0.3961634595548117,0.1165932589141344,San_Salvario,1.0,1.05,0,9,0.11188906383031036,"[{'sender': 'Aggregator', 'receiver': 11, 'amount': 0.14886361360549927, 'price_per_kWh': 0.12335769287291719, 'type': 'GRID_buy', 'hour': 8}]"
8,12,0.75,0.29025814,1.3683672006880148,10,0.0,0.0,-0.741908659264546,0.11924013227593876,San_Salvario,1.02,1.05,1,8,0.11188906383031036,"[{'sender': 7, 'receiver': 12, 'amount': 0.00553131103515625, 'price_per_kWh': 0.10740125332811602, 'type': 'P2P', 'hour': 8}, {'sender': 78, 'receiver': 12, 'amount': 0.9160420298576355, 'price_per_kWh': 0.10760632862542319, 'type': 'P2P', 'hour': 8}, {'sender': 65, 'receiver': 12, 'amount': 0.15653568506240845, 'price_per_kWh': 0.1080062676511597, 'type': 'P2P', 'hour': 8}]"
8,13,4.5,1.7500945,0.7840340485279633,0,0.0,0.0,-0.022729705155662354,0.08065966223072339,San_Salvario,1.02,1.05,2,7,0.11188906383031036,"[{'sender': 13, 'receiver': 17, 'amount': 0.6004006266593933, 'price_per_kWh': 0.10181203344373028, 'type': 'P2P', 'hour': 8}, {'sender': 13, 'receiver': 32, 'amount': 0.09992212057113647, 'price_per_kWh': 0.10174485598600266, 'type': 'P2P', 'hour': 8}, {'sender': 13, 'receiver': 85, 'amount': 0.1376996636390686, 'price_per_kWh': 0.10158187480756475, 'type': 'P2P', 'hour': 8}, {'sender': 13, 'receiver': 49, 'amount': 0.12803804874420166, 'price_per_kWh': 0.10150843990341174, 'type': 'P2P', 'hour': 8}]"
8,21,0.0,0.14509949,1.692904878487188,15,0.0,0.0,-0.9505446549806748,0.11021429402194974,San_Salvario,1.0,1.05,0,9,0.11188906383031036,"[{'sender': 'Aggregator', 'receiver': 21, 'amount': 1.5478053092956543, 'price_per_kWh': 0.12335769287291719, 'type': 'GRID_buy', 'hour': 8}]"
8,24,2.25,0.85019845,1.357324972120153,15,0.0,0.0,-0.6238505380596778,0.11049591993226812,San_Salvario,1.0,1.05,0,9,0.11188906383031036,"[{'sender': 'Aggregator', 'receiver': 24, 'amount': 0.50712651014328, 'price_per_kWh': 0.12335769287291719, 'type': 'GRID_buy', 'hour': 8}]"
8,28,3.25,1.2382554,0.9563033723286004,10,0.28195202350616455,0.0,-0.28204273923126677,0.0,San_Salvario,1.0,1.05,0,8,0.11188906383031036,[]
8,33,0.5,0.22548844,0.8364228985259883,15,0.0,0.0,-0.43816249801501456,0.12027924855653682,San_Salvario,1.02,1.05,1,8,0.11188906383031036,"[{'sender': 48, 'receiver': 33, 'amount': 0.6109344959259033, 'price_per_kWh': 0.10683677516027217, 'type': 'P2P', 'hour': 8}]"
8,36,1.75,0.6927765,1.3443520880567854,10,0.0,0.0,-0.5968561152395252,0.10721667716375473,San_Salvario,1.0,1.05,0,9,0.11188906383031036,"[{'sender': 'Aggregator', 'receiver': 36, 'amount': 0.6515756249427795, 'price_per_kWh': 0.12335769287291719, 'type': 'GRID_buy', 'hour': 8}]"
8,40,2.75,1.0662633,1.1247132593779265,15,0.0,0.0,-0.40331532229766515,0.11268352214150708,San_Salvario,1.0,1.05,0,9,0.11188906383031036,"[{'sender': 'Aggregator', 'receiver': 40, 'amount': 0.05844998359680176, 'price_per_kWh': 0.12335769287291719, 'type': 'GRID_buy', 'hour': 8}]"
8,43,2.25,0.86736256,0.6173685019972054,15,0.24999403953552246,0.0,-0.21736562862698,0.0,San_Salvario,1.0,1.05,0,8,0.11188906383031036,[]
8,44,3.25,1.1847991,1.6799196365050624,10,0.0,0.0,-0.6178825096768983,0.11662251248237462,San_Salvario,1.0,1.05,0,9,0.11188906383031036,"[{'sender': 'Aggregator', 'receiver': 44, 'amount': 0.4951205253601074, 'price_per_kWh': 0.12335769287291719, 'type': 'GRID_buy', 'hour': 8}]"
8,50,1.25,0.4870307,0.7562427829770602,10,0.0,0.0,-0.3280592935433445,0.10316619613187465,San_Salvario,1.0,1.05,0,9,0.11188906383031036,"[{'sender': 'Aggregator', 'receiver': 50, 'amount': 0.26921209692955017, 'price_per_kWh': 0.12335769287291719, 'type': 'GRID_buy', 'hour': 8}]"
8,52,2.75,1.0608695,0.809804243009136,10,0.251065194606781,0.0,-0.2448974782789832,0.0,San_Salvario,1.0,1.05,0,8,0.11188906383031036,[]
8,56,0.5,0.22563295,1.292320870538264,15,0.0,0.0,-0.7246172904757024,0.11538804947496771,San_Salvario,1.0,1.05,0,9,0.11188906383031036,"[{'sender': 'Aggregator', 'receiver': 56, 'amount': 1.0666879415512085, 'price_per_kWh': 0.12335769287291719, 'type': 'GRID_buy', 'hour': 8}]"
8,71,4.25,1.5880358,0.7544835339934853,10,0.9119074940681458,0.0,-0.2218208148135578,0.0,San_Salvario,1.0,1.05,0,7,0.11188906383031036,[]
8,75,0.75,0.29106605,0.5886989080725553,0,0.0,0.0,-0.28562751334415926,0.11798117676838858,San_Salvario,1.02,1.05,1,8,0.11188906383031036,"[{'sender': 'Aggregator', 'receiver': 75, 'amount': 0.2976328730583191, 'price_per_kWh': 0.12335769287291719, 'type': 'GRID_buy', 'hour': 8}]"
8,95,1.75,0.6928136,1.4420572525622415,0,0.0,0.0,-0.5935702922621346,0.11825511473633198,San_Salvario,1.0,1.05,0,9,0.11188906383031036,"[{'sender': 'Aggregator', 'receiver': 95, 'amount': 0.7492436766624451, 'price_per_kWh': 0.12335769287291719, 'type': 'GRID_buy', 'hour': 8}]"
8,96,1.25,0.4798931,0.7502684867894805,15,0.0,0.0,-0.32352156816639666,0.1051066780837878,San_Salvario,1.0,1.05,0,9,0.11188906383031036,"[{'sender': 'Aggregator', 'receiver': 96, 'amount': 0.2703753709793091, 'price_per_kWh': 0.12335769287291719, 'type': 'GRID_buy', 'hour': 8}]"
8,4,0.0,0.14949808,1.45921489124624,15,0.0,0.0,-0.7763949582738267,0.11814036231949313,San_Donato,1.0,1.05,0,9,0.11188906383031036,"[{'sender': 'Aggregator', 'receiver': 4, 'amount': 1.309716820716858, 'price_per_kWh': 0.12335769287291719, 'type': 'GRID_buy', 'hour': 8}]"
8,14,2.5,0.9529416,1.6123020060788953,0,0.0,0.0,-0.6395072160292289,0.10767292055872528,San_Donato,1.0,1.05,0,9,0.11188906383031036,"[{'sender': 'Aggregator', 'receiver': 14, 'amount': 0.6593604683876038, 'price_per_kWh': 0.12335769287291719, 'type': 'GRID_buy', 'hour': 8}]"
8,17,1.25,0.491948,1.0962984468377455,10,0.0,0.0,-0.4901894736942998,0.12296440465673718,San_Donato,1.02,1.05,1,8,0.11188906383031036,"[{'sender': 80, 'receiver': 17, 'amount': 0.0039498209953308105, 'price_per_kWh': 0.10116642965619028, 'type': 'P2P', 'hour': 8}, {'sender': 13, 'receiver': 17, 'amount': 0.6004006266593933, 'price_per_kWh': 0.10181203344373028, 'type': 'P2P', 'hour': 8}]"
8,18,1.25,0.4885448,1.5786849517116182,15,0.0,0.0,-0.7832326468965263,0.11585800359329333,San_Donato,1.0,1.05,0,9,0.11188906383031036,"[{'sender': 'Aggregator', 'receiver': 18, 'amount': 1.0901401042938232, 'price_per_kWh': 0.12335769287291719, 'type': 'GRID_buy', 'hour': 8}]"
8,22,2.0,0.77570385,1.6005817484048697,10,0.0,0.0,-0.7003055260916988,0.10566788907466174,San_Donato,1.0,1.05,0,9,0.11188906383031036,"[{'sender': 'Aggregator', 'receiver': 22, 'amount': 0.824877917766571, 'price_per_kWh': 0.12335769287291719, 'type': 'GRID_buy', 'hour': 8}]"
8,29,2.0,0.77612,0.6503430500013,10,0.12577694654464722,0.0,-0.2131311292352382,0.0,San_Donato,1.0,1.05,0,8,0.11188906383031036,[]
8,30,2.5,0.9484807,1.0788220252818885,10,0.0,0.0,-0.4023999763524487,0.11673618575337377,San_Donato,1.0,1.05,0,9,0.11188906383031036,"[{'sender': 'Aggregator', 'receiver': 30, 'amount': 0.1303412914276123, 'price_per_kWh': 0.12335769287291719, 'type': 'GRID_buy', 'hour': 8}]"
8,39,3.25,1.2492578,1.8356053332537048,15,0.0,0.0,-0.7166304429568373,0.11126350183293579,San_Donato,1.0,1.05,0,9,0.11188906383031036,"[{'sender': 'Aggregator', 'receiver': 39, 'amount': 0.5863475799560547, 'price_per_kWh': 0.12335769287291719, 'type': 'GRID_buy', 'hour': 8}]"
8,45,4.5,1.7659105,1.6171345061593354,15,0.14877605438232422,0.0,-0.4515723717884573,0.0,San_Donato,1.0,1.05,0,8,0.11188906383031036,[]
8,53,4.25,1.656568,1.5299417811402924,0,0.0,0.0,-0.5234530057708217,0.0787302421252293,San_Donato,1.02,1.05,1,8,0.11188906383031036,"[{'sender': 53, 'receiver': 57, 'amount': 0.12662625312805176, 'price_per_kWh': 0.10084771159751477, 'type': 'P2P', 'hour': 8}]"
8,54,0.75,0.30208766,1.4121988400892087,10,0.0,0.0,-0.6807181702486466,0.11517744243136906,San_Donato,1.0,1.05,0,9,0.11188906383031036,"[{'sender': 'Aggregator', 'receiver': 54, 'amount': 1.110111117362976, 'price_per_kWh': 0.12335769287291719, 'type': 'GRID_buy', 'hour': 8}]"
8,57,2.25,0.8728814,1.1576933488984649,10,0.0,0.0,-0.4202226955296639,0.12296518106980024,San_Donato,1.02,1.05,1,8,0.11188906383031036,"[{'sender': 53, 'receiver': 57, 'amount': 0.12662625312805176, 'price_per_kWh': 0.10084771159751477, 'type': 'P2P', 'hour': 8}, {'sender': 80, 'receiver': 57, 'amount': 0.15818572044372559, 'price_per_kWh': 0.10116681786272182, 'type': 'P2P', 'hour': 8}]"
8,58,3.0,1.1654241,1.5994899368555364,0,0.0,0.0,-0.6636487289350063,0.1174631352927668,San_Donato,1.0,1.05,0,9,0.11188906383031036,"[{'sender': 'Aggregator', 'receiver': 58, 'amount': 0.4340658187866211, 'price_per_kWh': 0.12335769287291719, 'type': 'GRID_buy', 'hour': 8}]"
8,63,0.75,0.30170038,1.6675684696175734,10,0.0,0.0,-0.9167082640239901,0.11057591434292087,San_Donato,1.0,1.05,0,9,0.11188906383031036,"[{'sender': 'Aggregator', 'receiver': 63, 'amount': 1.365868091583252, 'price_per_kWh': 0.12335769287291719, 'type': 'GRID_buy', 'hour': 8}]"
8,66,1.5,0.5862874,0.7583088071257308,0,0.0,0.0,-0.3236293909756337,0.11128234455511382,San_Donato,1.0,1.05,0,9,0.11188906383031036,"[{'sender': 'Aggregator', 'receiver': 66, 'amount': 0.17202144861221313, 'price_per_kWh': 0.12335769287291719, 'type': 'GRID_buy', 'hour': 8}]"
8,72,2.5,0.9484807,0.7164500322926696,0,0.0,0.0,-0.1825348399009591,0.08927973171235672,San_Donato,1.02,1.05,1,8,0.11188906383031036,"[{'sender': 72, 'receiver': 79, 'amount': 0.04185408353805542, 'price_per_kWh': 0.10518240732693944, 'type': 'P2P', 'hour': 8}, {'sender': 72, 'receiver': 51, 'amount': 0.1901766061782837, 'price_per_kWh': 0.10484156810932257, 'type': 'P2P', 'hour': 8}]"
8,77,4.0,1.5636449,0.7460674111107917,0,0.0,0.0,-0.09150838244996691,0.09167070388128075,San_Donato,1.02,1.05,2,7,0.11188906383031036,"[{'sender': 77, 'receiver': 51, 'amount': 0.8175774812698364, 'price_per_kWh': 0.10603705419378459, 'type': 'P2P', 'hour': 8}]"
8,80,2.25,0.8672351,0.7050995735752934,0,0.0,0.0,-0.22279138340538956,0.07936845465564339,San_Donato,1.02,1.05,1,8,0.11188906383031036,"[{'sender': 80, 'receiver': 57, 'amount': 0.15818572044372559, 'price_per_kWh': 0.10116681786272182, 'type': 'P2P', 'hour': 8}, {'sender': 80, 'receiver': 17, 'amount': 0.0039498209953308105, 'price_per_kWh': 0.10116642965619028, 'type': 'P2P', 'hour': 8}]"
8,81,0.5,0.22410461,1.604543601865405,0,0.0,0.0,-0.8576816071864165,0.10851758665536305,San_Donato,1.0,1.05,0,9,0.11188906383031036,"[{'sender': 'Aggregator', 'receiver': 81, 'amount': 1.3804389238357544, 'price_per_kWh': 0.12335769287291719, 'type': 'GRID_buy', 'hour': 8}]"
8,99,1.25,0.48851222,1.6386575432623665,0,0.0,0.0,-0.7521183307333204,0.11630183246886122,San_Donato,1.0,1.05,0,9,0.11188906383031036,"[{'sender': 'Aggregator', 'receiver': 99, 'amount': 1.1501452922821045, 'price_per_kWh': 0.12335769287291719, 'type': 'GRID_buy', 'hour': 8}]"
8,2,0.5,0.22439627,0.5952152147842172,0,0.0,0.0,-0.3208585115203517,0.10756758330284057,Centro,1.0,1.05,0,9,0.11188906383031036,"[{'sender': 'Aggregator', 'receiver': 2, 'amount': 0.3708189129829407, 'price_per_kWh': 0.12335769287291719, 'type': 'GRID_buy', 'hour': 8}]"
8,6,4.5,1.7568659,1.656102734809517,0,0.0,0.0,-0.4698044222538331,0.08992775322579297,Centro,1.02,1.05,1,8,0.11188906383031036,"[{'sender': 6, 'receiver': 51, 'amount': 0.10076308250427246, 'price_per_kWh': 0.10516557886604071, 'type': 'P2P', 'hour': 8}]"
8,10,1.5,0.5858201,0.7025082909736807,15,0.0,0.0,-0.26481477954093885,0.10332764333737993,Centro,1.0,1.05,0,9,0.11188906383031036,"[{'sender': 'Aggregator', 'receiver': 10, 'amount': 0.11668819189071655, 'price_per_kWh': 0.12335769287291719, 'type': 'GRID_buy', 'hour': 8}]"
8,15,1.0,0.39759058,1.6842961433414367,15,0.0,0.0,-0.8962211064775624,0.10893930217681472,Centro,1.0,1.05,0,9,0.11188906383031036,"[{'sender': 'Aggregator', 'receiver': 15, 'amount': 1.286705493927002, 'price_per_kWh': 0.12335769287291719, 'type': 'GRID_buy', 'hour': 8}]"
8,23,2.75,1.0749441,1.4964800674245393,15,0.0,0.0,-0.49386515556446864,0.1142482456158786,Centro,1.0,1.05,0,9,0.11188906383031036,"[{'sender': 'Aggregator', 'receiver': 23, 'amount': 0.4215359687805176, 'price_per_kWh': 0.12335769287291719, 'type': 'GRID_buy', 'hour': 8}]"
8,25,3.25,1.2414521,1.3609315579274062,10,0.0,0.0,-0.45371236974421175,0.10139640620816545,Centro,1.0,1.05,0,9,0.11188906383031036,"[{'sender': 'Aggregator', 'receiver': 25, 'amount': 0.11947941780090332, 'price_per_kWh': 0.12335769287291719, 'type': 'GRID_buy', 'hour': 8}]"
8,37,4.5,1.7550781,1.5895223597585868,10,0.16555571556091309,0.0,-0.44365498931748776,0.0,Centro,1.0,1.05,0,8,0.11188906383031036,[]
8,60,4.25,1.6470702,0.6352036622285445,15,1.2313315868377686,0.0,-0.1513910538467433,0.0,Centro,1.0,1.05,0,7,0.11188906383031036,[]
8,62,2.25,0.8681674,1.232156879640804,15,0.0,0.0,-0.5409843175841305,0.11178700827979453,Centro,1.0,1.05,0,9,0.11188906383031036,"[{'sender': 'Aggregator', 'receiver': 62, 'amount': 0.3639894723892212, 'price_per_kWh': 0.12335769287291719, 'type': 'GRID_buy', 'hour': 8}]"
8,73,2.25,0.8663381,1.3056170099401745,10,0.0,0.0,-0.5179867597130189,0.11042928813633515,Centro,1.0,1.05,0,9,0.11188906383031036,"[{'sender': 'Aggregator', 'receiver': 73, 'amount': 0.43927890062332153, 'price_per_kWh': 0.12335769287291719, 'type': 'GRID_buy', 'hour': 8}]"
8,85,2.0,0.77193904,0.9096387146377543,15,0.0,0.0,-0.2912173328705084,0.12250408738440613,Centro,1.02,1.05,1,8,0.11188906383031036,"[{'sender': 13, 'receiver': 85, 'amount': 0.1376996636390686, 'price_per_kWh': 0.10158187480756475, 'type': 'P2P', 'hour': 8}]"
8,87,3.5,1.386093,1.462479096626704,0,0.0,0.0,-0.5741529742248808,0.10445790352499568,Centro,1.0,1.05,0,9,0.11188906383031036,"[{'sender': 'Aggregator', 'receiver': 87, 'amount': 0.07638609409332275, 'price_per_kWh': 0.12335769287291719, 'type': 'GRID_buy', 'hour': 8}]"
8,88,2.5,0.9479377,1.4728067128229922,10,0.0,0.0,-0.6344756147712315,0.11776799631141806,Centro,1.0,1.05,0,9,0.11188906383031036,"[{'sender': 'Aggregator', 'receiver': 88, 'amount': 0.5248689651489258, 'price_per_kWh': 0.12335769287291719, 'type': 'GRID_buy', 'hour': 8}]"
8,89,4.75,1.8631649,1.6459744594034382,0,0.0,0.0,-0.5038061611185747,0.09180125837707363,Centro,1.02,1.05,1,8,0.11188906383031036,"[{'sender': 89, 'receiver': 51, 'amount': 0.21719038486480713, 'price_per_kWh': 0.10610233144168105, 'type': 'P2P', 'hour': 8}]"
8,97,3.0,1.1604627,1.5975433637751681,15,0.0,0.0,-0.6201301580231897,0.11400907212251578,Centro,1.0,1.05,0,9,0.11188906383031036,"[{'sender': 'Aggregator', 'receiver': 97, 'amount': 0.43708062171936035, 'price_per_kWh': 0.12335769287291719, 'type': 'GRID_buy', 'hour': 8}]"
8,7,4.25,1.6457047,0.8712887376885992,0,0.0,0.0,-0.12469156257747904,0.09556237438029329,Lingotto,1.02,1.05,2,7,0.11188906383031036,"[{'sender': 7, 'receiver': 74, 'amount': 0.7688847184181213, 'price_per_kWh': 0.1078475456685482, 'type': 'P2P', 'hour': 8}, {'sender': 7, 'receiver': 12, 'amount': 0.00553131103515625, 'price_per_kWh': 0.10740125332811602, 'type': 'P2P', 'hour': 8}]"
8,8,3.25,1.2496822,0.9125773842525579,15,0.33710479736328125,0.0,-0.24664595482913004,0.0,Lingotto,1.0,1.05,0,8,0.11188906383031036,[]
8,16,0.0,0.1538531,1.7073863608976338,0,0.0,0.0,-0.8767743341723813,0.11693759286017738,Lingotto,1.0,1.05,0,9,0.11188906383031036,"[{'sender': 'Aggregator', 'receiver': 16, 'amount': 1.5535333156585693, 'price_per_kWh': 0.12335769287291719, 'type': 'GRID_buy', 'hour': 8}]"
8,19,4.25,1.6549746,1.033723873141229,10,0.6212507486343384,0.0,-0.2734252169217978,0.0,Lingotto,1.0,1.05,0,8,0.11188906383031036,[]
8,20,0.5,0.2280156,0.6251127015237627,0,0.0,0.0,-0.3461151153677945,0.11833917908797036,Lingotto,1.0,1.05,0,9,0.11188906383031036,"[{'sender': 'Aggregator', 'receiver': 20, 'amount': 0.397097110748291, 'price_per_kWh': 0.12335769287291719, 'type': 'GRID_buy', 'hour': 8}]"
8,27,4.25,1.64648,1.1667793250442722,0,0.0,0.0,-0.2444171666878767,0.08856087346249121,Lingotto,1.02,1.05,1,8,0.11188906383031036,"[{'sender': 27, 'receiver': 79, 'amount': 0.4797006845474243, 'price_per_kWh': 0.10482297820200669, 'type': 'P2P', 'hour': 8}]"
8,32,2.25,0.8745124,0.9744345012815775,0,0.0,0.0,-0.35185909632313217,0.12283004974128194,Lingotto,1.02,1.05,1,8,0.11188906383031036,"[{'sender': 13, 'receiver': 32, 'amount': 0.09992212057113647, 'price_per_kWh': 0.10174485598600266, 'type': 'P2P', 'hour': 8}]"
8,41,0.75,0.30319774,0.6473589472131809,0,0.0,0.0,-0.29683895547871686,0.1038361005601363,Lingotto,1.0,1.05,0,9,0.11188906383031036,"[{'sender': 'Aggregator', 'receiver': 41, 'amount': 0.3441612124443054, 'price_per_kWh': 0.12335769287291719, 'type': 'GRID_buy', 'hour': 8}]"
8,42,4.0,1.5616574,1.835094927155731,15,0.0,0.0,-0.5940886687424194,0.11667793887187883,Lingotto,1.02,1.05,1,9,0.11188906383031036,"[{'sender': 'Aggregator', 'receiver': 42, 'amount': 0.2734375, 'price_per_kWh': 0.12335769287291719, 'type': 'GRID_buy', 'hour': 8}]"
8,48,4.5,1.7643685,1.000093640861424,0,0.0,0.0,-0.1482432436334774,0.09339430176400751,Lingotto,1.02,1.05,2,7,0.11188906383031036,"[{'sender': 48, 'receiver': 51, 'amount': 0.04239153861999512, 'price_per_kWh': 0.10689885313514798, 'type': 'P2P', 'hour': 8}, {'sender': 48, 'receiver': 33, 'amount': 0.6109344959259033, 'price_per_kWh': 0.10683677516027217, 'type': 'P2P', 'hour': 8}, {'sender': 48, 'receiver': 74, 'amount': 0.11094880104064941, 'price_per_kWh': 0.10676350936040532, 'type': 'P2P', 'hour': 8}]"
8,49,0.5,0.22962229,0.8755314429378634,10,0.0,0.0,-0.4685813761449544,0.12235721757610007,Lingotto,1.02,1.05,1,8,0.11188906383031036,"[{'sender': 13, 'receiver': 49, 'amount': 0.12803804874420166, 'price_per_kWh': 0.10150843990341174, 'type': 'P2P', 'hour': 8}, {'sender': 83, 'receiver': 49, 'amount': 0.517871081829071, 'price_per_kWh': 0.10197350432821764, 'type': 'P2P', 'hour': 8}]"
8,51,0.25,0.1538531,1.542872558682357,0,0.0,0.0,-0.8238817095318894,0.12040340450628845,Lingotto,1.02,1.05,1,8,0.11188906383031036,"[{'sender': 72, 'receiver': 51, 'amount': 0.1901766061782837, 'price_per_kWh': 0.10484156810932257, 'type': 'P2P', 'hour': 8}, {'sender': 6, 'receiver': 51, 'amount': 0.10076308250427246, 'price_per_kWh': 0.10516557886604071, 'type': 'P2P', 'hour': 8}, {'sender': 61, 'receiver': 51, 'amount': 0.020920395851135254, 'price_per_kWh': 0.10554703153519587, 'type': 'P2P', 'hour': 8}, {'sender': 77, 'receiver': 51, 'amount': 0.8175774812698364, 'price_per_kWh': 0.10603705419378459, 'type': 'P2P', 'hour': 8}, {'sender': 89, 'receiver': 51, 'amount': 0.21719038486480713, 'price_per_kWh': 0.10610233144168105, 'type': 'P2P', 'hour': 8}, {'sender': 48, 'receiver': 51, 'amount': 0.04239153861999512, 'price_per_kWh': 0.10689885313514798, 'type': 'P2P', 'hour': 8}]"
8,64,0.5,0.22949837,1.582885083333512,10,0.0,0.0,-0.8854055421297296,0.11833706209071151,Lingotto,1.0,1.05,0,9,0.11188906383031036,"[{'sender': 'Aggregator', 'receiver': 64, 'amount': 1.353386640548706, 'price_per_kWh': 0.12335769287291719, 'type': 'GRID_buy', 'hour': 8}]"
8,70,2.0,0.77650464,1.390011152495557,10,0.0,0.0,-0.6315207690496377,0.10533475749919864,Lingotto,1.0,1.05,0,9,0.11188906383031036,"[{'sender': 'Aggregator', 'receiver': 70, 'amount': 0.613506555557251, 'price_per_kWh': 0.12335769287291719, 'type': 'GRID_buy', 'hour': 8}]"
8,76,3.5,1.3867943,1.4892673034155932,15,0.0,0.0,-0.573398510298082,0.11889499312570788,Lingotto,1.02,1.05,1,8,0.11188906383031036,"[{'sender': 65, 'receiver': 76, 'amount': 0.10247302055358887, 'price_per_kWh': 0.10783369807604426, 'type': 'P2P', 'hour': 8}]"
8,82,0.25,0.15370558,1.608193728332099,0,0.0,0.0,-0.8308333572985334,0.1108470414944276,Lingotto,1.0,1.05,0,9,0.11188906383031036,"[{'sender': 'Aggregator', 'receiver': 82, 'amount': 1.4544881582260132, 'price_per_kWh': 0.12335769287291719, 'type': 'GRID_buy', 'hour': 8}]"
8,83,4.5,1.7548497,0.8089582039313681,0,0.0,0.0,-0.06313508219220329,0.0815897910803352,Lingotto,1.02,1.05,2,7,0.11188906383031036,"[{'sender': 83, 'receiver': 49, 'amount': 0.517871081829071, 'price_per_kWh': 0.10197350432821764, 'type': 'P2P', 'hour': 8}, {'sender': 83, 'receiver': 9, 'amount': 0.26370370388031006, 'price_per_kWh': 0.10150885676441015, 'type': 'P2P', 'hour': 8}, {'sender': 83, 'receiver': 79, 'amount': 0.16431665420532227, 'price_per_kWh': 0.10133743701092868, 'type': 'P2P', 'hour': 8}]"
8,84,1.25,0.49050984,1.127775798603361,15,0.0,0.0,-0.4868127268917021,0.10794005807790379,Lingotto,1.0,1.05,0,9,0.11188906383031036,"[{'sender': 'Aggregator', 'receiver': 84, 'amount': 0.6372659206390381, 'price_per_kWh': 0.12335769287291719, 'type': 'GRID_buy', 'hour': 8}]"
8,86,3.25,1.2496822,1.6241782204681188,15,0.0,0.0,-0.6027782678901579,0.10147272888017722,Lingotto,1.0,1.05,0,9,0.11188906383031036,"[{'sender': 'Aggregator', 'receiver': 86, 'amount': 0.3744959831237793, 'price_per_kWh': 0.12335769287291719, 'type': 'GRID_buy', 'hour': 8}]"
8,90,1.75,0.6960892,1.3739468513038788,10,0.0,0.0,-0.5288057469262074,0.11575832210449641,Lingotto,1.0,1.05,0,9,0.11188906383031036,"[{'sender': 'Aggregator', 'receiver': 90, 'amount': 0.6778576970100403, 'price_per_kWh': 0.12335769287291719, 'type': 'GRID_buy', 'hour': 8}]"
8,91,1.0,0.40644112,1.3849142279658417,10,0.0,0.0,-0.7286625564245907,0.10978753962994435,Lingotto,1.0,1.05,0,9,0.11188906383031036,"[{'sender': 'Aggregator', 'receiver': 91, 'amount': 0.9784731864929199, 'price_per_kWh': 0.12335769287291719, 'type': 'GRID_buy', 'hour': 8}]"
8,94,1.25,0.4906337,1.1086015478857736,15,0.0,0.0,-0.5212357481205627,0.10260638062189219,Lingotto,1.0,1.05,0,9,0.11188906383031036,"[{'sender': 'Aggregator', 'receiver': 94, 'amount': 0.6179678440093994, 'price_per_kWh': 0.12335769287291719, 'type': 'GRID_buy', 'hour': 8}]"
9,0,4.0,2.0680757,1.015881768031717,0,0.0,0.0,-0.4242773912753638,0.09057633255070853,Barriera_di_Milano,1.0,1.05,0,9,0.11088492991706893,"[{'sender': 0, 'receiver': 'Aggregator', 'amount': 1.0521938800811768, 'price_per_kWh': 0.10534068342121547, 'type': 'GRID_sell', 'hour': 9}]"
9,1,3.75,1.9129853,0.5031837695643492,10,2.027862548828125,0.0,-0.24035163577699478,0.0,Barriera_di_Milano,1.0,1.05,0,8,0.11088492991706893,[]
9,26,4.0,2.0649674,0.9608528188763475,10,1.1041145324707031,0.0,-0.5843724336784757,0.0,Barriera_di_Milano,1.0,1.05,0,9,0.11088492991706893,[]
9,31,3.75,1.9187894,1.0723007988872093,10,0.8464885950088501,0.0,-0.6258449224738859,0.0,Barriera_di_Milano,1.0,1.05,0,9,0.11088492991706893,[]
9,34,3.75,1.9191165,0.47607874706888437,15,2.144246816635132,0.0,-0.20969532190244689,0.0,Barriera_di_Milano,1.0,1.05,0,8,0.11088492991706893,[]
9,35,4.5,2.3248928,0.8252028801109146,15,1.8612174987792969,0.0,-0.40845822047171454,0.0,Barriera_di_Milano,1.0,1.05,0,8,0.11088492991706893,[]
9,38,3.75,1.9191682,0.37640794942200234,15,2.5015881061553955,0.0,-0.1600143910567829,0.0,Barriera_di_Milano,1.0,1.05,0,7,0.11088492991706893,[]
9,46,3.75,1.9191782,0.9008955597668132,0,0.0,0.0,-0.3918581553396614,0.0921334330234182,Barriera_di_Milano,1.02,1.05,1,8,0.11088492991706893,"[{'sender': 46, 'receiver': 'Aggregator', 'amount': 1.0182826519012451, 'price_per_kWh': 0.10534068342121547, 'type': 'GRID_sell', 'hour': 9}]"
9,47,1.25,0.65210915,0.9451158501559835,10,0.0,0.0,-0.8395253202064207,0.10984762482432253,Barriera_di_Milano,1.02,1.05,1,9,0.11088492991706893,"[{'sender': 89, 'receiver': 47, 'amount': 0.0587390661239624, 'price_per_kWh': 0.09557797083079678, 'type': 'P2P', 'hour': 9}, {'sender': 80, 'receiver': 47, 'amount': 0.23426765203475952, 'price_per_kWh': 0.09600401932464597, 'type': 'P2P', 'hour': 9}]"
9,55,2.25,1.1258123,0.4139861632398915,10,0.8437501788139343,0.0,-0.23440078621511332,0.0,Barriera_di_Milano,1.0,1.05,0,8,0.11088492991706893,[]
9,59,0.75,0.37740818,0.8369652667165901,0,0.0,0.0,-0.7324369859695834,0.10602492983002888,Barriera_di_Milano,1.02,1.05,2,9,0.11088492991706893,"[{'sender': 27, 'receiver': 59, 'amount': 0.0720619261264801, 'price_per_kWh': 0.09502558434031053, 'type': 'P2P', 'hour': 9}, {'sender': 61, 'receiver': 59, 'amount': 0.38749516010284424, 'price_per_kWh': 0.09524824208274635, 'type': 'P2P', 'hour': 9}]"
9,61,2.5,1.2737677,0.5642961008487855,0,0.0,0.0,-0.2579510183246853,0.0844715543354638,Barriera_di_Milano,1.02,1.05,2,8,0.11088492991706893,"[{'sender': 61, 'receiver': 59, 'amount': 0.38749516010284424, 'price_per_kWh': 0.09524824208274635, 'type': 'P2P', 'hour': 9}, {'sender': 61, 'receiver': 81, 'amount': 0.3219764232635498, 'price_per_kWh': 0.09478973804066254, 'type': 'P2P', 'hour': 9}]"
9,65,3.25,1.6480953,0.48460896579057505,0,0.0,0.0,-0.054530485969163794,0.09080938612968426,Barriera_di_Milano,1.02,1.05,1,8,0.11088492991706893,"[{'sender': 65, 'receiver': 'Aggregator', 'amount': 1.1634862422943115, 'price_per_kWh': 0.10534068342121547, 'type': 'GRID_sell', 'hour': 9}]"
9,67,0.25,0.14453699,0.9731478527471089,0,0.0,0.0,-0.9407373846877211,0.10889535909196334,Barriera_di_Milano,1.02,1.05,1,9,0.11088492991706893,"[{'sender': 80, 'receiver': 67, 'amount': 0.4001496732234955, 'price_per_kWh': 0.09552788645846638, 'type': 'P2P', 'hour': 9}, {'sender': 9, 'receiver': 67, 'amount': 0.2945973873138428, 'price_per_kWh': 0.09602567046528752, 'type': 'P2P', 'hour': 9}, {'sender': 27, 'receiver': 67, 'amount': 0.13386383652687073, 'price_per_kWh': 0.09646079897127774, 'type': 'P2P', 'hour': 9}]"
9,68,2.75,1.4092022,0.3893366413129564,10,1.3412609100341797,0.0,-0.1938043890013882,0.0,Barriera_di_Milano,1.0,1.05,0,8,0.11088492991706893,[]
9,69,0.5,0.26056984,0.32857148505446115,0,0.0,0.0,-0.3227650572263338,0.11916294169426914,Barriera_di_Milano,1.02,1.05,1,9,0.11088492991706893,"[{'sender': 58, 'receiver': 69, 'amount': 0.0680016577243805, 'price_per_kWh': 0.09882032605745744, 'type': 'P2P', 'hour': 9}]"
9,74,2.0,1.009471,0.8900279802310196,0,0.0,0.0,-0.6858159028940009,0.09690212176812672,Barriera_di_Milano,1.02,1.05,1,8,0.11088492991706893,"[{'sender': 74, 'receiver': 'Aggregator', 'amount': 0.11944305896759033, 'price_per_kWh': 0.10534068342121547, 'type': 'GRID_sell', 'hour': 9}]"
9,78,4.75,2.4781,0.5645899279556094,0,0.0,0.0,0.08490037102006587,0.09068366722804679,Barriera_di_Milano,1.02,1.05,2,7,0.11088492991706893,"[{'sender': 78, 'receiver': 'Aggregator', 'amount': 1.9135100841522217, 'price_per_kWh': 0.10534068342121547, 'type': 'GRID_sell', 'hour': 9}]"
9,79,0.0,0.14395788,0.4829146452792412,0,0.0,0.0,-0.45203563290475846,0.10648021819190598,Barriera_di_Milano,1.02,1.05,2,8,0.11088492991706893,"[{'sender': 27, 'receiver': 79, 'amount': 0.3389567732810974, 'price_per_kWh': 0.09525322852124907, 'type': 'P2P', 'hour': 9}]"
9,92,2.25,1.1225948,0.8301777153663572,10,0.29241710901260376,0.0,-0.639637824593129,0.0,Barriera_di_Milano,1.0,1.05,0,9,0.11088492991706893,[]
9,93,0.75,0.37579414,0.464597728859553,10,0.0,0.0,-0.3671754478364665,0.09981326287873196,Barriera_di_Milano,1.02,1.05,1,9,0.11088492991706893,"[{'sender': 6, 'receiver': 93, 'amount': 0.08880358934402466, 'price_per_kWh': 0.09423920694302061, 'type': 'P2P', 'hour': 9}]"
9,98,3.25,1.6489501,0.7203125564644325,15,1.137028455734253,0.0,-0.3326046042559817,0.0,Barriera_di_Milano,1.0,1.05,0,8,0.11088492991706893,[]
9,3,0.25,0.15060708,0.6867994520558853,0,0.0,0.0,-0.6424855852290227,0.11781823707718334,San_Salvario,1.02,1.05,1,9,0.11088492991706893,"[{'sender': 7, 'receiver': 3, 'amount': 0.5361924171447754, 'price_per_kWh': 0.09839899584453006, 'type': 'P2P', 'hour': 9}]"
9,5,2.75,1.4041362,0.5016221840619048,15,1.1300859451293945,0.0,-0.2599181618212527,0.0,San_Salvario,1.0,1.05,0,8,0.11088492991706893,[]
9,9,1.75,0.8831915,0.588594140198135,0,0.0,0.0,-0.36641373757102663,0.08315598183861171,San_Salvario,1.02,1.05,2,8,0.11088492991706893,"[{'sender': 9, 'receiver': 67, 'amount': 0.2945973873138428, 'price_per_kWh': 0.09602567046528752, 'type': 'P2P', 'hour': 9}]"
9,11,2.25,1.1002113,0.6394464565148587,10,0.4607648253440857,0.0,-0.3961634595548117,0.0,San_Salvario,1.0,1.05,0,9,0.11088492991706893,[]
9,12,0.75,0.37348303,0.877872784782012,10,0.0,0.0,-0.7916843766621405,0.11870174994515915,San_Salvario,1.02,1.05,2,8,0.11088492991706893,"[{'sender': 58, 'receiver': 12, 'amount': 0.31290555000305176, 'price_per_kWh': 0.09858973018290246, 'type': 'P2P', 'hour': 9}, {'sender': 7, 'receiver': 12, 'amount': 0.1914842128753662, 'price_per_kWh': 0.09884075227851796, 'type': 'P2P', 'hour': 9}]"
9,13,4.5,2.301354,0.4675902752690026,0,0.0,0.0,0.17044020563763412,0.0985296595011471,San_Salvario,1.02,1.05,2,7,0.11088492991706893,"[{'sender': 13, 'receiver': 'Aggregator', 'amount': 1.833763599395752, 'price_per_kWh': 0.10534068342121547, 'type': 'GRID_sell', 'hour': 9}]"
9,21,0.0,0.14597154,0.9700649600089807,15,0.0,0.0,-1.0327210821181838,0.11652943307716805,San_Salvario,1.02,1.05,1,9,0.11088492991706893,"[{'sender': 83, 'receiver': 21, 'amount': 0.8240934014320374, 'price_per_kWh': 0.09776212806050585, 'type': 'P2P', 'hour': 9}]"
9,24,2.25,1.1105975,0.8275438582164786,15,0.2830536365509033,0.0,-0.6238505380596778,0.0,San_Salvario,1.0,1.05,0,9,0.11088492991706893,[]
9,28,3.25,1.6399502,0.5702227428626186,10,1.3516794443130493,0.0,-0.28204273923126677,0.0,San_Salvario,1.0,1.05,0,8,0.11088492991706893,[]
9,33,0.5,0.26674768,0.5452392039077951,15,0.0,0.0,-0.46497141292777755,0.10850324466192812,San_Salvario,1.02,1.05,2,8,0.11088492991706893,"[{'sender': 27, 'receiver': 33, 'amount': 0.2784915268421173, 'price_per_kWh': 0.09626474175626014, 'type': 'P2P', 'hour': 9}]"
9,36,1.75,0.88314193,0.7785447270992859,10,0.10459721088409424,0.0,-0.5968561152395252,0.0,San_Salvario,1.0,1.05,0,9,0.11088492991706893,[]
9,40,2.75,1.400059,0.7470777735027845,15,0.6529812216758728,0.0,-0.40331532229766515,0.0,San_Salvario,1.0,1.05,0,9,0.11088492991706893,[]
9,43,2.25,1.1230884,0.42223230508680604,15,0.9508501291275024,0.0,-0.21736562862698,0.0,San_Salvario,1.0,1.05,0,8,0.11088492991706893,[]
9,44,3.25,1.6187925,0.9915449382633695,10,0.6272475719451904,0.0,-0.6178825096768983,0.0,San_Salvario,1.0,1.05,0,9,0.11088492991706893,[]
9,50,1.25,0.6508978,0.4166952788559378,10,0.2342025339603424,0.0,-0.3280592935433445,0.0,San_Salvario,1.0,1.05,0,9,0.11088492991706893,[]
9,52,2.75,1.3968103,0.5148265422084654,10,1.1330490112304688,0.0,-0.2448974782789832,0.0,San_Salvario,1.0,1.05,0,8,0.11088492991706893,[]
9,56,0.5,0.26576188,0.8425387047092727,15,0.0,0.0,-0.7802189325791115,0.1011653885853474,San_Salvario,1.02,1.05,1,9,0.11088492991706893,"[{'sender': 53, 'receiver': 56, 'amount': 0.5767768621444702, 'price_per_kWh': 0.09451040325056882, 'type': 'P2P', 'hour': 9}]"
9,71,4.25,2.1524684,0.49583379157210494,10,2.568542242050171,0.0,-0.2218208148135578,0.0,San_Salvario,1.0,1.05,0,7,0.11088492991706893,[]
9,75,0.75,0.37181982,0.33742132104422035,0,0.0,0.0,-0.282003952250954,0.09636837879958975,San_Salvario,1.02,1.05,1,8,0.11088492991706893,"[{'sender': 75, 'receiver': 'Aggregator', 'amount': 0.03439849615097046, 'price_per_kWh': 0.10534068342121547, 'type': 'GRID_sell', 'hour': 9}]"
9,95,1.75,0.88234574,0.742816252679123,0,0.0,0.0,-0.5804820573556033,0.08632607515841616,San_Salvario,1.02,1.05,1,9,0.11088492991706893,"[{'sender': 95, 'receiver': 81, 'amount': 0.13952946662902832, 'price_per_kWh': 0.09571699845213871, 'type': 'P2P', 'hour': 9}]"
9,96,1.25,0.6461733,0.4613919211069072,15,0.18478137254714966,0.0,-0.32352156816639666,0.0,San_Salvario,1.0,1.05,0,9,0.11088492991706893,[]
9,4,0.0,0.14834641,0.8365115899196653,15,0.0,0.0,-0.8428890252934527,0.11213288689670287,San_Donato,1.02,1.05,1,9,0.11088492991706893,"[{'sender': 77, 'receiver': 4, 'amount': 0.6881651878356934, 'price_per_kWh': 0.09662515366223685, 'type': 'P2P', 'hour': 9}]"
9,14,2.5,1.2775621,0.9769130863680141,0,0.0,0.0,-0.6078366399590682,0.09180617205493238,San_Donato,1.0,1.05,0,9,0.11088492991706893,"[{'sender': 14, 'receiver': 'Aggregator', 'amount': 0.3006490468978882, 'price_per_kWh': 0.10534068342121547, 'type': 'GRID_sell', 'hour': 9}]"
9,17,1.25,0.6554287,0.6815812880923947,10,0.0,0.0,-0.492750654744593,0.11686989648098615,San_Donato,1.02,1.05,2,8,0.11088492991706893,"[{'sender': 83, 'receiver': 17, 'amount': 0.02615255117416382, 'price_per_kWh': 0.0979323597624149, 'type': 'P2P', 'hour': 9}]"
9,18,1.25,0.65061575,0.9164817397083749,15,0.0,0.0,-0.8090285273469742,0.11293433675651324,San_Donato,1.02,1.05,1,9,0.11088492991706893,"[{'sender': 77, 'receiver': 18, 'amount': 0.2658659815788269, 'price_per_kWh': 0.09702587859214204, 'type': 'P2P', 'hour': 9}]"
9,22,2.0,1.0135864,0.9348242205992376,10,0.07876217365264893,0.0,-0.7003055260916988,0.0,San_Donato,1.0,1.05,0,9,0.11088492991706893,[]
9,29,2.0,1.0142512,0.4149466576912961,10,0.7250815033912659,0.0,-0.2131311292352382,0.0,San_Donato,1.0,1.05,0,8,0.11088492991706893,[]
9,30,2.5,1.2719405,0.7137200215463773,10,0.5582204461097717,0.0,-0.4023999763524487,0.0,San_Donato,1.0,1.05,0,9,0.11088492991706893,[]
9,39,3.25,1.6515145,1.1182949115720944,15,0.533219575881958,0.0,-0.7166304429568373,0.0,San_Donato,1.0,1.05,0,9,0.11088492991706893,[]
9,45,4.5,2.3219051,0.8419249126773068,15,1.6287562847137451,0.0,-0.4515723717884573,0.0,San_Donato,1.0,1.05,0,8,0.11088492991706893,[]
9,53,4.25,2.1924481,0.8515352617698013,0,0.0,0.0,-0.39644751735365247,0.08785541791579024,San_Donato,1.02,1.05,2,8,0.11088492991706893,"[{'sender': 53, 'receiver': 81, 'amount': 0.0029012560844421387, 'price_per_kWh': 0.09648166983082576, 'type': 'P2P', 'hour': 9}, {'sender': 53, 'receiver': 49, 'amount': 0.3321925699710846, 'price_per_kWh': 0.09559545751384826, 'type': 'P2P', 'hour': 9}, {'sender': 53, 'receiver': 56, 'amount': 0.5767768621444702, 'price_per_kWh': 0.09451040325056882, 'type': 'P2P', 'hour': 9}, {'sender': 53, 'receiver': 15, 'amount': 0.42904210090637207, 'price_per_kWh': 0.0944037092758452, 'type': 'P2P', 'hour': 9}]"
9,54,0.75,0.38081768,0.7583090991064658,10,0.0,0.0,-0.7175670884592351,0.11411306101589662,San_Donato,1.02,1.05,1,9,0.11088492991706893,"[{'sender': 77, 'receiver': 54, 'amount': 0.37749144434928894, 'price_per_kWh': 0.09761524072183372, 'type': 'P2P', 'hour': 9}]"
9,57,2.25,1.1281875,0.6036012649228241,10,0.5245862603187561,0.0,-0.4202226955296639,0.0,San_Donato,1.02,1.05,1,8,0.11088492991706893,[]
9,58,3.0,1.5366495,0.9239978494369858,0,0.0,0.0,-0.6041911424106552,0.07847771042064576,San_Donato,1.02,1.05,1,9,0.11088492991706893,"[{'sender': 58, 'receiver': 20, 'amount': 0.15169423818588257, 'price_per_kWh': 0.0999464347490886, 'type': 'P2P', 'hour': 9}, {'sender': 58, 'receiver': 2, 'amount': 0.08005014061927795, 'price_per_kWh': 0.09919393746356953, 'type': 'P2P', 'hour': 9}, {'sender': 58, 'receiver': 69, 'amount': 0.0680016577243805, 'price_per_kWh': 0.09882032605745744, 'type': 'P2P', 'hour': 9}, {'sender': 58, 'receiver': 12, 'amount': 0.31290555000305176, 'price_per_kWh': 0.09858973018290246, 'type': 'P2P', 'hour': 9}]"
9,63,0.75,0.37926885,1.0380049493476387,10,0.0,0.0,-0.981401863325055,0.10853978695794218,San_Donato,1.02,1.05,1,9,0.11088492991706893,"[{'sender': 27, 'receiver': 63, 'amount': 0.6587361097335815, 'price_per_kWh': 0.09628301290426716, 'type': 'P2P', 'hour': 9}]"
9,66,1.5,0.7712048,0.5000239063573001,0,0.0,0.0,-0.29779837464473186,0.08539969650660541,San_Donato,1.02,1.05,1,9,0.11088492991706893,"[{'sender': 66, 'receiver': 81, 'amount': 0.2711809277534485, 'price_per_kWh': 0.09525380912623334, 'type': 'P2P', 'hour': 9}]"
9,72,2.5,1.2719405,0.4379929532032314,0,0.0,0.0,-0.09468623617054556,0.09910519268186647,San_Donato,1.02,1.05,1,8,0.11088492991706893,"[{'sender': 72, 'receiver': 'Aggregator', 'amount': 0.8339475393295288, 'price_per_kWh': 0.10534068342121547, 'type': 'GRID_sell', 'hour': 9}]"
9,77,4.0,2.0696976,0.4063718089442231,0,0.0,0.0,0.07256492085528399,0.08111742042777084,San_Donato,1.02,1.05,3,7,0.11088492991706893,"[{'sender': 77, 'receiver': 51, 'amount': 0.29546529054641724, 'price_per_kWh': 0.09771955430272736, 'type': 'P2P', 'hour': 9}, {'sender': 77, 'receiver': 54, 'amount': 0.37749144434928894, 'price_per_kWh': 0.09761524072183372, 'type': 'P2P', 'hour': 9}, {'sender': 77, 'receiver': 18, 'amount': 0.2658659815788269, 'price_per_kWh': 0.09702587859214204, 'type': 'P2P', 'hour': 9}, {'sender': 77, 'receiver': 4, 'amount': 0.6881651878356934, 'price_per_kWh': 0.09662515366223685, 'type': 'P2P', 'hour': 9}, {'sender': 77, 'receiver': 82, 'amount': 0.03633791208267212, 'price_per_kWh': 0.09609439423405852, 'type': 'P2P', 'hour': 9}]"
9,80,2.25,1.1216956,0.48121468575391024,0,0.0,0.0,-0.16151990353934717,0.08216041382496941,San_Donato,1.02,1.05,2,8,0.11088492991706893,"[{'sender': 80, 'receiver': 47, 'amount': 0.23426765203475952, 'price_per_kWh': 0.09600401932464597, 'type': 'P2P', 'hour': 9}, {'sender': 80, 'receiver': 41, 'amount': 0.006063669919967651, 'price_per_kWh': 0.09563672327675989, 'type': 'P2P', 'hour': 9}, {'sender': 80, 'receiver': 67, 'amount': 0.4001496732234955, 'price_per_kWh': 0.09552788645846638, 'type': 'P2P', 'hour': 9}]"
9,81,0.5,0.26508465,1.0006727515454565,0,0.0,0.0,-0.9285454521578878,0.10510792174586127,San_Donato,1.02,1.05,1,9,0.11088492991706893,"[{'sender': 61, 'receiver': 81, 'amount': 0.3219764232635498, 'price_per_kWh': 0.09478973804066254, 'type': 'P2P', 'hour': 9}, {'sender': 66, 'receiver': 81, 'amount': 0.2711809277534485, 'price_per_kWh': 0.09525380912623334, 'type': 'P2P', 'hour': 9}, {'sender': 95, 'receiver': 81, 'amount': 0.13952946662902832, 'price_per_kWh': 0.09571699845213871, 'type': 'P2P', 'hour': 9}, {'sender': 53, 'receiver': 81, 'amount': 0.0029012560844421387, 'price_per_kWh': 0.09648166983082576, 'type': 'P2P', 'hour': 9}]"
9,99,1.25,0.65058315,0.9469956702290238,0,0.0,0.0,-0.7818452599174721,0.11766543079608831,San_Donato,1.02,1.05,1,9,0.11088492991706893,"[{'sender': 7, 'receiver': 99, 'amount': 0.29641252756118774, 'price_per_kWh': 0.09832259270398255, 'type': 'P2P', 'hour': 9}]"
9,2,0.5,0.26452518,0.3445753287072142,0,0.0,0.0,-0.3289578099357411,0.11991016450649329,Centro,1.02,1.05,1,9,0.11088492991706893,"[{'sender': 58, 'receiver': 2, 'amount': 0.08005014061927795, 'price_per_kWh': 0.09919393746356953, 'type': 'P2P', 'hour': 9}]"
9,6,4.5,2.3077104,0.9350869865758281,0,0.0,0.0,-0.32765644599265403,0.08866515100730926,Centro,1.02,1.05,2,8,0.11088492991706893,"[{'sender': 6, 'receiver': 15, 'amount': 0.16858965158462524, 'price_per_kWh': 0.09480857582160471, 'type': 'P2P', 'hour': 9}, {'sender': 6, 'receiver': 93, 'amount': 0.08880358934402466, 'price_per_kWh': 0.09423920694302061, 'type': 'P2P', 'hour': 9}, {'sender': 6, 'receiver': 'Aggregator', 'amount': 1.1152303218841553, 'price_per_kWh': 0.10534068342121547, 'type': 'GRID_sell', 'hour': 9}]"
9,10,1.5,0.77219003,0.3740992302586049,15,0.39809080958366394,0.0,-0.26481477954093885,0.0,Centro,1.0,1.05,0,9,0.11088492991706893,[]
9,15,1.0,0.5007203,1.0983520798652524,15,0.0,0.0,-0.9535180803188454,0.10095200063590015,Centro,1.02,1.05,1,9,0.11088492991706893,"[{'sender': 53, 'receiver': 15, 'amount': 0.42904210090637207, 'price_per_kWh': 0.0944037092758452, 'type': 'P2P', 'hour': 9}, {'sender': 6, 'receiver': 15, 'amount': 0.16858965158462524, 'price_per_kWh': 0.09480857582160471, 'type': 'P2P', 'hour': 9}]"
9,23,2.75,1.4045305,0.7663002052584156,15,0.6382303237915039,0.0,-0.49386515556446864,0.0,Centro,1.0,1.05,0,9,0.11088492991706893,[]
9,25,3.25,1.6424645,0.8040900867413923,10,0.8383744359016418,0.0,-0.45371236974421175,0.0,Centro,1.0,1.05,0,9,0.11088492991706893,[]
9,37,4.5,2.3051848,0.9503894545504193,10,1.5203511714935303,0.0,-0.44365498931748776,0.0,Centro,1.0,1.05,0,8,0.11088492991706893,[]
9,60,4.25,2.1787689,0.4139950887446102,15,2.996105432510376,0.0,-0.1513910538467433,0.0,Centro,1.0,1.05,0,7,0.11088492991706893,[]
9,62,2.25,1.1224928,0.7075725175735887,15,0.41492027044296265,0.0,-0.5409843175841305,0.0,Centro,1.0,1.05,0,9,0.11088492991706893,[]
9,73,2.25,1.1202635,0.7617132678437052,10,0.35855019092559814,0.0,-0.5179867597130189,0.0,Centro,1.0,1.05,0,9,0.11088492991706893,[]
9,85,2.0,1.0096024,0.5104448946948683,15,0.49915754795074463,0.0,-0.2912173328705084,0.0,Centro,1.02,1.05,1,8,0.11088492991706893,[]
9,87,3.5,1.7888943,0.8497041049077458,0,0.0,0.0,-0.4752180357555875,0.095989107705112,Centro,1.0,1.05,0,9,0.11088492991706893,"[{'sender': 87, 'receiver': 'Aggregator', 'amount': 0.9391902089118958, 'price_per_kWh': 0.10534068342121547, 'type': 'GRID_sell', 'hour': 9}]"
9,88,2.5,1.2715776,0.8459961386824059,10,0.4255814552307129,0.0,-0.6344756147712315,0.0,Centro,1.0,1.05,0,9,0.11088492991706893,[]
9,89,4.75,2.4585555,0.9782567821292614,0,0.0,0.0,-0.3617691464037905,0.08130831683727101,Centro,1.02,1.05,2,8,0.11088492991706893,"[{'sender': 89, 'receiver': 82, 'amount': 0.6939764022827148, 'price_per_kWh': 0.0961898424388086, 'type': 'P2P', 'hour': 9}, {'sender': 89, 'receiver': 64, 'amount': 0.7275832891464233, 'price_per_kWh': 0.09583261704242418, 'type': 'P2P', 'hour': 9}, {'sender': 89, 'receiver': 47, 'amount': 0.0587390661239624, 'price_per_kWh': 0.09557797083079678, 'type': 'P2P', 'hour': 9}]"
9,97,3.0,1.5315485,0.9992186268063392,15,0.5323298573493958,0.0,-0.6201301580231897,0.0,Centro,1.0,1.05,0,9,0.11088492991706893,[]
9,7,4.25,2.1768856,0.5344716880084516,0,0.0,0.0,0.03818480428105625,0.07897975461187678,Lingotto,1.02,1.05,3,7,0.11088492991706893,"[{'sender': 7, 'receiver': 12, 'amount': 0.1914842128753662, 'price_per_kWh': 0.09884075227851796, 'type': 'P2P', 'hour': 9}, {'sender': 7, 'receiver': 91, 'amount': 0.3430113196372986, 'price_per_kWh': 0.0987960381641888, 'type': 'P2P', 'hour': 9}, {'sender': 7, 'receiver': 3, 'amount': 0.5361924171447754, 'price_per_kWh': 0.09839899584453006, 'type': 'P2P', 'hour': 9}, {'sender': 7, 'receiver': 99, 'amount': 0.29641252756118774, 'price_per_kWh': 0.09832259270398255, 'type': 'P2P', 'hour': 9}, {'sender': 7, 'receiver': 16, 'amount': 0.2753133177757263, 'price_per_kWh': 0.09799704514244124, 'type': 'P2P', 'hour': 9}]"
9,8,3.25,1.6512963,0.5350365032941483,15,1.453364610671997,0.0,-0.24664595482913004,0.0,Lingotto,1.0,1.05,0,8,0.11088492991706893,[]
9,16,0.0,0.15013209,0.9115977748838451,0,0.0,0.0,-0.9513993824570788,0.1170143356730057,Lingotto,1.02,1.05,1,9,0.11088492991706893,"[{'sender': 7, 'receiver': 16, 'amount': 0.2753133177757263, 'price_per_kWh': 0.09799704514244124, 'type': 'P2P', 'hour': 9}, {'sender': 83, 'receiver': 16, 'amount': 0.4861523509025574, 'price_per_kWh': 0.09800457935842467, 'type': 'P2P', 'hour': 9}]"
9,19,4.25,2.1875975,0.6031204643778955,10,2.2057278156280518,0.0,-0.2734252169217978,0.0,Lingotto,1.0,1.05,0,8,0.11088492991706893,[]
9,20,0.5,0.2677362,0.4194304495377136,0,0.0,0.0,-0.36157963961202566,0.12141515907753145,Lingotto,1.02,1.05,1,9,0.11088492991706893,"[{'sender': 58, 'receiver': 20, 'amount': 0.15169423818588257, 'price_per_kWh': 0.0999464347490886, 'type': 'P2P', 'hour': 9}]"
9,27,4.25,2.1765213,0.6944111656989612,0,0.0,0.0,-0.10219300060476523,0.08402623885059216,Lingotto,1.02,1.05,2,8,0.11088492991706893,"[{'sender': 27, 'receiver': 67, 'amount': 0.13386383652687073, 'price_per_kWh': 0.09646079897127774, 'type': 'P2P', 'hour': 9}, {'sender': 27, 'receiver': 63, 'amount': 0.6587361097335815, 'price_per_kWh': 0.09628301290426716, 'type': 'P2P', 'hour': 9}, {'sender': 27, 'receiver': 33, 'amount': 0.2784915268421173, 'price_per_kWh': 0.09626474175626014, 'type': 'P2P', 'hour': 9}, {'sender': 27, 'receiver': 79, 'amount': 0.3389567732810974, 'price_per_kWh': 0.09525322852124907, 'type': 'P2P', 'hour': 9}, {'sender': 27, 'receiver': 59, 'amount': 0.0720619261264801, 'price_per_kWh': 0.09502558434031053, 'type': 'P2P', 'hour': 9}]"
9,32,2.25,1.1291763,0.6007540157725408,0,0.0,0.0,-0.29619473680130515,0.09198020624401819,Lingotto,1.02,1.05,1,8,0.11088492991706893,"[{'sender': 32, 'receiver': 'Aggregator', 'amount': 0.5284222364425659, 'price_per_kWh': 0.10534068342121547, 'type': 'GRID_sell', 'hour': 9}]"
9,41,0.75,0.38049796,0.3865616298315406,0,0.0,0.0,-0.297430463191338,0.10911303272855036,Lingotto,1.02,1.05,1,9,0.11088492991706893,"[{'sender': 80, 'receiver': 41, 'amount': 0.006063669919967651, 'price_per_kWh': 0.09563672327675989, 'type': 'P2P', 'hour': 9}]"
9,42,4.0,2.0688176,1.0677969310460842,15,1.0010206699371338,0.0,-0.5940886687424194,0.0,Lingotto,1.02,1.05,1,9,0.11088492991706893,[]
9,48,4.5,2.3163505,0.5461603216934575,0,0.0,0.0,0.03822979336577004,0.08927367866396625,Lingotto,1.02,1.05,2,7,0.11088492991706893,"[{'sender': 48, 'receiver': 'Aggregator', 'amount': 1.7701901197433472, 'price_per_kWh': 0.10534068342121547, 'type': 'GRID_sell', 'hour': 9}]"
9,49,0.5,0.26855585,0.6007484201099494,10,0.0,0.0,-0.5003374768540413,0.1033354971119063,Lingotto,1.02,1.05,2,8,0.11088492991706893,"[{'sender': 53, 'receiver': 49, 'amount': 0.3321925699710846, 'price_per_kWh': 0.09559545751384826, 'type': 'P2P', 'hour': 9}]"
9,51,0.25,0.15013209,0.8766631837980392,0,0.0,0.0,-0.8936035380268449,0.11432168817768387,Lingotto,1.02,1.05,2,8,0.11088492991706893,"[{'sender': 83, 'receiver': 51, 'amount': 0.4310658574104309, 'price_per_kWh': 0.09665825561076376, 'type': 'P2P', 'hour': 9}, {'sender': 77, 'receiver': 51, 'amount': 0.29546529054641724, 'price_per_kWh': 0.09771955430272736, 'type': 'P2P', 'hour': 9}]"
9,64,0.5,0.2672924,0.9948756981285812,10,0.0,0.0,-0.9565262770592708,0.11035691724757737,Lingotto,1.02,1.05,1,9,0.11088492991706893,"[{'sender': 89, 'receiver': 64, 'amount': 0.7275832891464233, 'price_per_kWh': 0.09583261704242418, 'type': 'P2P', 'hour': 9}]"
9,70,2.0,1.0148842,0.8345129025038035,10,0.18037134408950806,0.0,-0.6315207690496377,0.0,Lingotto,1.0,1.05,0,9,0.11088492991706893,[]
9,76,3.5,1.7887794,0.9912267744309516,15,0.7975525856018066,0.0,-0.573398510298082,0.0,Lingotto,1.02,1.05,1,8,0.11088492991706893,[]
9,82,0.25,0.15191124,0.8822255570980454,0,0.0,0.0,-0.9024836147484967,0.1110713680403462,Lingotto,1.02,1.05,1,9,0.11088492991706893,"[{'sender': 77, 'receiver': 82, 'amount': 0.03633791208267212, 'price_per_kWh': 0.09609439423405852, 'type': 'P2P', 'hour': 9}, {'sender': 89, 'receiver': 82, 'amount': 0.6939764022827148, 'price_per_kWh': 0.0961898424388086, 'type': 'P2P', 'hour': 9}]"
9,83,4.5,2.3053894,0.4561064678302317,0,0.0,0.0,0.1191593611373293,0.07899482304384364,Lingotto,1.02,1.05,3,7,0.11088492991706893,"[{'sender': 83, 'receiver': 16, 'amount': 0.4861523509025574, 'price_per_kWh': 0.09800457935842467, 'type': 'P2P', 'hour': 9}, {'sender': 83, 'receiver': 17, 'amount': 0.02615255117416382, 'price_per_kWh': 0.0979323597624149, 'type': 'P2P', 'hour': 9}, {'sender': 83, 'receiver': 21, 'amount': 0.8240934014320374, 'price_per_kWh': 0.09776212806050585, 'type': 'P2P', 'hour': 9}, {'sender': 83, 'receiver': 94, 'amount': 0.08181869983673096, 'price_per_kWh': 0.0971053369194532, 'type': 'P2P', 'hour': 9}, {'sender': 83, 'receiver': 51, 'amount': 0.4310658574104309, 'price_per_kWh': 0.09665825561076376, 'type': 'P2P', 'hour': 9}]"
9,84,1.25,0.6511728,0.6222184400829944,15,0.028954386711120605,0.0,-0.4868127268917021,0.0,Lingotto,1.0,1.05,0,9,0.11088492991706893,[]
9,86,3.25,1.6512963,0.916314343166455,15,0.734981894493103,0.0,-0.6027782678901579,0.0,Lingotto,1.0,1.05,0,9,0.11088492991706893,[]
9,90,1.75,0.88346654,0.7469533199683136,10,0.13651323318481445,0.0,-0.5288057469262074,0.0,Lingotto,1.0,1.05,0,9,0.11088492991706893,[]
9,91,1.0,0.5072388,0.8502501370903298,10,0.0,0.0,-0.7625507158502259,0.11861232171650082,Lingotto,1.02,1.05,1,9,0.11088492991706893,"[{'sender': 7, 'receiver': 91, 'amount': 0.3430113196372986, 'price_per_kWh': 0.0987960381641888, 'type': 'P2P', 'hour': 9}]"
9,94,1.25,0.65243626,0.7342549644606107,15,0.0,0.0,-0.5291807805345201,0.11521585079506275,Lingotto,1.02,1.05,1,9,0.11088492991706893,"[{'sender': 83, 'receiver': 94, 'amount': 0.08181869983673096, 'price_per_kWh': 0.0971053369194532, 'type': 'P2P', 'hour': 9}]"
10,0,4.0,2.3149266,0.9697326909446161,0,0.0,0.0,-0.31102819166361867,0.0770877258282601,Barriera_di_Milano,1.02,1.05,1,9,0.1015416944220591,"[{'sender': 0, 'receiver': 99, 'amount': 0.006734311580657959, 'price_per_kWh': 0.08716704658379085, 'type': 'P2P', 'hour': 10}, {'sender': 0, 'receiver': 69, 'amount': 0.0884462296962738, 'price_per_kWh': 0.08644276274252433, 'type': 'P2P', 'hour': 10}, {'sender': 0, 'receiver': 47, 'amount': 0.2475820779800415, 'price_per_kWh': 0.08555052908012922, 'type': 'P2P', 'hour': 10}, {'sender': 0, 'receiver': 51, 'amount': 0.7798544764518738, 'price_per_kWh': 0.08535643192697584, 'type': 'P2P', 'hour': 10}, {'sender': 0, 'receiver': 56, 'amount': 0.22257667779922485, 'price_per_kWh': 0.08533327046481701, 'type': 'P2P', 'hour': 10}]"
10,1,3.75,2.1468973,0.48792187748620636,10,3.686838150024414,0.0,-0.24035163577699478,0.0,Barriera_di_Milano,1.0,1.05,0,8,0.1015416944220591,[]
10,26,4.0,2.3119583,1.0539350636669191,10,2.362137794494629,0.0,-0.5843724336784757,0.0,Barriera_di_Milano,1.0,1.05,0,9,0.1015416944220591,[]
10,31,3.75,2.1661098,1.0219836555430826,10,1.9906147718429565,0.0,-0.6258449224738859,0.0,Barriera_di_Milano,1.0,1.05,0,9,0.1015416944220591,[]
10,34,3.75,2.1663454,0.4456868638807291,15,3.86490535736084,0.0,-0.20969532190244689,0.0,Barriera_di_Milano,1.0,1.05,0,8,0.1015416944220591,[]
10,35,4.5,2.6467533,0.9001963488121295,15,3.607774496078491,0.0,-0.40845822047171454,0.0,Barriera_di_Milano,1.0,1.05,0,8,0.1015416944220591,[]
10,38,3.75,2.166605,0.42440194322889224,15,4.243791103363037,0.0,-0.1600143910567829,0.0,Barriera_di_Milano,1.0,1.05,0,7,0.1015416944220591,[]
10,46,3.75,2.166615,0.9137284761345492,0,0.0,0.0,-0.27099894486312026,0.08131108031167633,Barriera_di_Milano,1.02,1.05,1,8,0.1015416944220591,"[{'sender': 46, 'receiver': 'Aggregator', 'amount': 1.2528865337371826, 'price_per_kWh': 0.09646460970095613, 'type': 'GRID_sell', 'hour': 10}]"
10,47,1.25,0.71448,0.9620620544643932,10,0.0,0.0,-0.8602907886004897,0.09401333233199836,Barriera_di_Milano,1.02,1.05,2,9,0.1015416944220591,"[{'sender': 0, 'receiver': 47, 'amount': 0.2475820779800415, 'price_per_kWh': 0.08555052908012922, 'type': 'P2P', 'hour': 10}]"
10,55,2.25,1.2886245,0.42270904821997024,10,1.7096656560897827,0.0,-0.23440078621511332,0.0,Barriera_di_Milano,1.0,1.05,0,8,0.1015416944220591,[]
10,59,0.75,0.43040377,0.8611546736092249,0,0.0,0.0,-0.7713108723382686,0.10346529291811819,Barriera_di_Milano,1.02,1.05,3,9,0.1015416944220591,"[{'sender': 13, 'receiver': 59, 'amount': 0.43075090646743774, 'price_per_kWh': 0.09024678946699755, 'type': 'P2P', 'hour': 10}]"
10,61,2.5,1.4589297,0.5338324501721862,0,0.0,0.0,-0.16871187537737908,0.08673708057620966,Barriera_di_Milano,1.02,1.05,2,8,0.1015416944220591,"[{'sender': 61, 'receiver': 'Aggregator', 'amount': 0.9250972270965576, 'price_per_kWh': 0.09646460970095613, 'type': 'GRID_sell', 'hour': 10}]"
10,65,3.25,1.8851894,0.46184016244095455,0,0.0,0.0,0.07665547962763644,0.07529908774225125,Barriera_di_Milano,1.02,1.05,2,8,0.1015416944220591,"[{'sender': 65, 'receiver': 21, 'amount': 0.09273457527160645, 'price_per_kWh': 0.09208266903453871, 'type': 'P2P', 'hour': 10}, {'sender': 65, 'receiver': 91, 'amount': 0.27832311391830444, 'price_per_kWh': 0.09151374530938548, 'type': 'P2P', 'hour': 10}, {'sender': 65, 'receiver': 67, 'amount': 0.8360601663589478, 'price_per_kWh': 0.09103370868457568, 'type': 'P2P', 'hour': 10}, {'sender': 65, 'receiver': 18, 'amount': 0.21623146533966064, 'price_per_kWh': 0.09048593941131947, 'type': 'P2P', 'hour': 10}]"
10,67,0.25,0.15258645,0.9886466070326904,0,0.0,0.0,-1.0153546960868371,0.10676832962690011,Barriera_di_Milano,1.02,1.05,2,9,0.1015416944220591,"[{'sender': 65, 'receiver': 67, 'amount': 0.8360601663589478, 'price_per_kWh': 0.09103370868457568, 'type': 'P2P', 'hour': 10}]"
10,68,2.75,1.6133755,0.4395232085891396,10,2.515113353729248,0.0,-0.1938043890013882,0.0,Barriera_di_Milano,1.0,1.05,0,8,0.1015416944220591,[]
10,69,0.5,0.2890531,0.377499352748999,0,0.0,0.0,-0.3302606811960454,0.09579779965678857,Barriera_di_Milano,1.02,1.05,2,9,0.1015416944220591,"[{'sender': 0, 'receiver': 69, 'amount': 0.0884462296962738, 'price_per_kWh': 0.08644276274252433, 'type': 'P2P', 'hour': 10}]"
10,74,2.0,1.150186,0.9582000983987669,0,0.0,0.0,-0.6672960632333883,0.08903275735235566,Barriera_di_Milano,1.02,1.05,1,8,0.1015416944220591,"[{'sender': 74, 'receiver': 'Aggregator', 'amount': 0.1919858455657959, 'price_per_kWh': 0.09646460970095613, 'type': 'GRID_sell', 'hour': 10}]"
10,78,4.75,2.807003,0.5087606402446848,0,0.0,0.0,0.30659942043489813,0.08163841319139953,Barriera_di_Milano,1.02,1.05,2,7,0.1015416944220591,"[{'sender': 78, 'receiver': 'Aggregator', 'amount': 2.2982423305511475, 'price_per_kWh': 0.09646460970095613, 'type': 'GRID_sell', 'hour': 10}]"
10,79,0.0,0.15285607,0.5110320146885778,0,0.0,0.0,-0.48435485422081304,0.10489707137008962,Barriera_di_Milano,1.02,1.05,3,8,0.1015416944220591,"[{'sender': 14, 'receiver': 79, 'amount': 0.35817593336105347, 'price_per_kWh': 0.09023281104561467, 'type': 'P2P', 'hour': 10}]"
10,92,2.25,1.2861677,0.9900280296364335,10,0.5885568261146545,0.0,-0.639637824593129,0.0,Barriera_di_Milano,1.0,1.05,0,9,0.1015416944220591,[]
10,93,0.75,0.43041605,0.4099639344249927,10,0.020452111959457397,0.0,-0.3671754478364665,0.0,Barriera_di_Milano,1.02,1.05,1,9,0.1015416944220591,[]
10,98,3.25,1.8861605,0.6970726285448032,15,2.3261163234710693,0.0,-0.3326046042559817,0.0,Barriera_di_Milano,1.0,1.05,0,8,0.1015416944220591,[]
10,3,0.25,0.154609,0.6002887872736458,0,0.0,0.0,-0.6802137720565312,0.09181275154095327,San_Salvario,1.02,1.05,2,9,0.1015416944220591,"[{'sender': 83, 'receiver': 3, 'amount': 0.44567981362342834, 'price_per_kWh': 0.08465312018683101, 'type': 'P2P', 'hour': 10}]"
10,5,2.75,1.5976055,0.5361924620777483,15,2.1914989948272705,0.0,-0.2599181618212527,0.0,San_Salvario,1.0,1.05,0,8,0.1015416944220591,[]
10,9,1.75,0.9918421,0.6274185674226799,0,0.0,0.0,-0.331259765583841,0.08524169673440847,San_Salvario,1.02,1.05,2,8,0.1015416944220591,"[{'sender': 9, 'receiver': 'Aggregator', 'amount': 0.3644235134124756, 'price_per_kWh': 0.09646460970095613, 'type': 'GRID_sell', 'hour': 10}]"
10,11,2.25,1.2714125,0.6273402150107341,10,1.10483717918396,0.0,-0.3961634595548117,0.0,San_Salvario,1.0,1.05,0,9,0.1015416944220591,[]
10,12,0.75,0.43082,0.7720919352804257,10,0.0,0.0,-0.8210211886316452,0.09833654756102579,San_Salvario,1.02,1.05,3,8,0.1015416944220591,"[{'sender': 13, 'receiver': 12, 'amount': 0.34127193689346313, 'price_per_kWh': 0.08768241678845135, 'type': 'P2P', 'hour': 10}]"
10,13,4.5,2.6145554,0.4289494958483672,0,0.0,0.0,0.36582184787485844,0.07702828601587691,San_Salvario,1.02,1.05,3,7,0.1015416944220591,"[{'sender': 13, 'receiver': 54, 'amount': 0.15862789750099182, 'price_per_kWh': 0.09041088929567906, 'type': 'P2P', 'hour': 10}, {'sender': 13, 'receiver': 59, 'amount': 0.43075090646743774, 'price_per_kWh': 0.09024678946699755, 'type': 'P2P', 'hour': 10}, {'sender': 13, 'receiver': 82, 'amount': 0.7481064796447754, 'price_per_kWh': 0.08947232262427299, 'type': 'P2P', 'hour': 10}, {'sender': 13, 'receiver': 33, 'amount': 0.2063329815864563, 'price_per_kWh': 0.08811951163395049, 'type': 'P2P', 'hour': 10}, {'sender': 13, 'receiver': 12, 'amount': 0.34127193689346313, 'price_per_kWh': 0.08768241678845135, 'type': 'P2P', 'hour': 10}, {'sender': 13, 'receiver': 2, 'amount': 0.07512599229812622, 'price_per_kWh': 0.08761720333859321, 'type': 'P2P', 'hour': 10}, {'sender': 13, 'receiver': 99, 'amount': 0.2253895401954651, 'price_per_kWh': 0.08713732667759926, 'type': 'P2P', 'hour': 10}]"
10,21,0.0,0.15353763,1.02430882930676,15,0.0,0.0,-1.1120516315641487,0.10886625032682616,San_Salvario,1.02,1.05,2,9,0.1015416944220591,"[{'sender': 27, 'receiver': 21, 'amount': 0.6011512279510498, 'price_per_kWh': 0.09127419876155782, 'type': 'P2P', 'hour': 10}, {'sender': 95, 'receiver': 21, 'amount': 0.17688536643981934, 'price_per_kWh': 0.0918116632021442, 'type': 'P2P', 'hour': 10}, {'sender': 65, 'receiver': 21, 'amount': 0.09273457527160645, 'price_per_kWh': 0.09208266903453871, 'type': 'P2P', 'hour': 10}]"
10,24,2.25,1.2698065,0.9136902963187353,15,0.6391698718070984,0.0,-0.6238505380596778,0.0,San_Salvario,1.0,1.05,0,9,0.1015416944220591,[]
10,28,3.25,1.8633211,0.6076599143334076,10,2.6073405742645264,0.0,-0.28204273923126677,0.0,San_Salvario,1.0,1.05,0,8,0.1015416944220591,[]
10,33,0.5,0.29228678,0.4986197799145561,15,0.0,0.0,-0.48279686544873385,0.09921073725202408,San_Salvario,1.02,1.05,3,8,0.1015416944220591,"[{'sender': 13, 'receiver': 33, 'amount': 0.2063329815864563, 'price_per_kWh': 0.08811951163395049, 'type': 'P2P', 'hour': 10}]"
10,36,1.75,0.99155027,0.8859604271388178,10,0.21018707752227783,0.0,-0.5968561152395252,0.0,San_Salvario,1.0,1.05,0,9,0.1015416944220591,[]
10,40,2.75,1.5983939,0.6167862514125962,15,1.6345889568328857,0.0,-0.40331532229766515,0.0,San_Salvario,1.0,1.05,0,9,0.1015416944220591,[]
10,43,2.25,1.2793106,0.3879796581118022,15,1.8421810865402222,0.0,-0.21736562862698,0.0,San_Salvario,1.0,1.05,0,8,0.1015416944220591,[]
10,44,3.25,1.856941,0.9713416412976791,10,1.5128469467163086,0.0,-0.6178825096768983,0.0,San_Salvario,1.0,1.05,0,9,0.1015416944220591,[]
10,50,1.25,0.7033938,0.4473948073879507,10,0.49020153284072876,0.0,-0.3280592935433445,0.0,San_Salvario,1.0,1.05,0,9,0.1015416944220591,[]
10,52,2.75,1.5986285,0.4960329818382718,10,2.235644578933716,0.0,-0.2448974782789832,0.0,San_Salvario,1.0,1.05,0,8,0.1015416944220591,[]
10,56,0.5,0.29012057,0.8498622557274556,15,0.0,0.0,-0.8280368260733515,0.09357881510137392,San_Salvario,1.02,1.05,2,9,0.1015416944220591,"[{'sender': 0, 'receiver': 56, 'amount': 0.22257667779922485, 'price_per_kWh': 0.08533327046481701, 'type': 'P2P', 'hour': 10}, {'sender': 53, 'receiver': 56, 'amount': 0.33716505765914917, 'price_per_kWh': 0.08549135503115532, 'type': 'P2P', 'hour': 10}]"
10,71,4.25,2.4123914,0.5109519336061032,10,4.469981670379639,0.0,-0.2218208148135578,0.0,San_Salvario,1.0,1.05,0,7,0.1015416944220591,[]
10,75,0.75,0.42915678,0.3233611855686484,0,0.0,0.0,-0.271798421753876,0.08897536580084175,San_Salvario,1.02,1.05,1,8,0.1015416944220591,"[{'sender': 75, 'receiver': 'Aggregator', 'amount': 0.10579559206962585, 'price_per_kWh': 0.09646460970095613, 'type': 'GRID_sell', 'hour': 10}]"
10,95,1.75,0.9906844,0.8137990264002848,0,0.0,0.0,-0.5639171148728636,0.07475707607746226,San_Salvario,1.02,1.05,2,9,0.1015416944220591,"[{'sender': 95, 'receiver': 21, 'amount': 0.17688536643981934, 'price_per_kWh': 0.0918116632021442, 'type': 'P2P', 'hour': 10}]"
10,96,1.25,0.70246536,0.4140606166178822,15,0.47318610548973083,0.0,-0.32352156816639666,0.0,San_Salvario,1.0,1.05,0,9,0.1015416944220591,[]
10,4,0.0,0.1612356,0.7951288800837092,15,0.0,0.0,-0.901231545512929,0.11039465150402077,San_Donato,1.02,1.05,2,9,0.1015416944220591,"[{'sender': 27, 'receiver': 4, 'amount': 0.6338932514190674, 'price_per_kWh': 0.09203839935015512, 'type': 'P2P', 'hour': 10}]"
10,14,2.5,1.4605019,0.9450334057634774,0,0.0,0.0,-0.5620548442080785,0.07556855072113972,San_Donato,1.02,1.05,1,9,0.1015416944220591,"[{'sender': 14, 'receiver': 18, 'amount': 0.09500110149383545, 'price_per_kWh': 0.0906206709007637, 'type': 'P2P', 'hour': 10}, {'sender': 14, 'receiver': 79, 'amount': 0.35817593336105347, 'price_per_kWh': 0.09023281104561467, 'type': 'P2P', 'hour': 10}, {'sender': 14, 'receiver': 49, 'amount': 0.06229144334793091, 'price_per_kWh': 0.09009484717837618, 'type': 'P2P', 'hour': 10}]"
10,17,1.25,0.7151412,0.5831753855714185,10,0.13196581602096558,0.0,-0.492750654744593,0.0,San_Donato,1.02,1.05,2,8,0.1015416944220591,[]
10,18,1.25,0.7018933,1.0131259046181433,15,0.0,0.0,-0.8370346930044832,0.1056727910803877,San_Donato,1.02,1.05,2,9,0.1015416944220591,"[{'sender': 65, 'receiver': 18, 'amount': 0.21623146533966064, 'price_per_kWh': 0.09048593941131947, 'type': 'P2P', 'hour': 10}, {'sender': 14, 'receiver': 18, 'amount': 0.09500110149383545, 'price_per_kWh': 0.0906206709007637, 'type': 'P2P', 'hour': 10}]"
10,22,2.0,1.1548259,0.8977829783450816,10,0.33580511808395386,0.0,-0.7003055260916988,0.0,San_Donato,1.0,1.05,0,9,0.1015416944220591,[]
10,29,2.0,1.155805,0.3492337152810299,10,1.5316526889801025,0.0,-0.2131311292352382,0.0,San_Donato,1.0,1.05,0,8,0.1015416944220591,[]
10,30,2.5,1.4465642,0.7200153078878768,10,1.2847692966461182,0.0,-0.4023999763524487,0.0,San_Donato,1.0,1.05,0,9,0.1015416944220591,[]
10,39,3.25,1.8914471,1.0967695457272137,15,1.327897071838379,0.0,-0.7166304429568373,0.0,San_Donato,1.0,1.05,0,9,0.1015416944220591,[]
10,45,4.5,2.6458209,0.8304449573349395,15,3.4441323280334473,0.0,-0.4515723717884573,0.0,San_Donato,1.0,1.05,0,8,0.1015416944220591,[]
10,53,4.25,2.4523194,0.9826160110009798,0,0.0,0.0,-0.26986697928220654,0.07740389496093673,San_Donato,1.02,1.05,3,8,0.1015416944220591,"[{'sender': 53, 'receiver': 56, 'amount': 0.33716505765914917, 'price_per_kWh': 0.08549135503115532, 'type': 'P2P', 'hour': 10}, {'sender': 53, 'receiver': 81, 'amount': 0.6720851063728333, 'price_per_kWh': 0.08547194383990193, 'type': 'P2P', 'hour': 10}, {'sender': 53, 'receiver': 64, 'amount': 0.46045321226119995, 'price_per_kWh': 0.08511122580219951, 'type': 'P2P', 'hour': 10}]"
10,54,0.75,0.43557394,0.7946984514273459,10,0.0,0.0,-0.7495928792849029,0.1037934925754812,San_Donato,1.02,1.05,2,9,0.1015416944220591,"[{'sender': 66, 'receiver': 54, 'amount': 0.200496643781662, 'price_per_kWh': 0.0899655138170399, 'type': 'P2P', 'hour': 10}, {'sender': 13, 'receiver': 54, 'amount': 0.15862789750099182, 'price_per_kWh': 0.09041088929567906, 'type': 'P2P', 'hour': 10}]"
10,57,2.25,1.2920682,0.6423235129848345,10,1.1743309497833252,0.0,-0.4202226955296639,0.0,San_Donato,1.02,1.05,1,8,0.1015416944220591,[]
10,58,3.0,1.7678277,1.0171595446955826,0,0.0,0.0,-0.5348875141051563,0.07332932264171052,San_Donato,1.02,1.05,2,9,0.1015416944220591,"[{'sender': 58, 'receiver': 20, 'amount': 0.09781044721603394, 'price_per_kWh': 0.09246665683041771, 'type': 'P2P', 'hour': 10}, {'sender': 58, 'receiver': 16, 'amount': 0.6528577208518982, 'price_per_kWh': 0.09234348291694691, 'type': 'P2P', 'hour': 10}]"
10,63,0.75,0.4278072,1.042245113788491,10,0.0,0.0,-1.0333204824578273,0.09150199775469837,San_Donato,1.02,1.05,2,9,0.1015416944220591,"[{'sender': 83, 'receiver': 63, 'amount': 0.6144379377365112, 'price_per_kWh': 0.08449774329370356, 'type': 'P2P', 'hour': 10}]"
10,66,1.5,0.8417051,0.4274327920135858,0,0.0,0.0,-0.26008666311842454,0.07613753505859859,San_Donato,1.02,1.05,2,9,0.1015416944220591,"[{'sender': 66, 'receiver': 49, 'amount': 0.213775634765625, 'price_per_kWh': 0.09037933934710563, 'type': 'P2P', 'hour': 10}, {'sender': 66, 'receiver': 54, 'amount': 0.200496643781662, 'price_per_kWh': 0.0899655138170399, 'type': 'P2P', 'hour': 10}]"
10,72,2.5,1.4465642,0.370639767233372,0,0.0,0.0,0.00910239080700033,0.08107752039072195,San_Donato,1.02,1.05,1,8,0.1015416944220591,"[{'sender': 72, 'receiver': 'Aggregator', 'amount': 1.0759243965148926, 'price_per_kWh': 0.09646460970095613, 'type': 'GRID_sell', 'hour': 10}]"
10,77,4.0,2.3138871,0.48110763061974676,0,0.0,0.0,0.24936328256731646,0.08342810306898094,San_Donato,1.02,1.05,3,7,0.1015416944220591,"[{'sender': 77, 'receiver': 'Aggregator', 'amount': 1.8327795267105103, 'price_per_kWh': 0.09646460970095613, 'type': 'GRID_sell', 'hour': 10}]"
10,80,2.25,1.2785877,0.42462525244665733,0,0.0,0.0,-0.07914275185805004,0.08122038010217786,San_Donato,1.02,1.05,2,8,0.1015416944220591,"[{'sender': 80, 'receiver': 'Aggregator', 'amount': 0.8539624214172363, 'price_per_kWh': 0.09646460970095613, 'type': 'GRID_sell', 'hour': 10}]"
10,81,0.5,0.2953874,0.9674724665204291,0,0.0,0.0,-0.9848635114397831,0.09353999271886713,San_Donato,1.02,1.05,2,9,0.1015416944220591,"[{'sender': 53, 'receiver': 81, 'amount': 0.6720851063728333, 'price_per_kWh': 0.08547194383990193, 'type': 'P2P', 'hour': 10}]"
10,99,1.25,0.7018607,0.9339845491708109,0,0.0,0.0,-0.8020721119624592,0.0972463673393216,San_Donato,1.02,1.05,2,9,0.1015416944220591,"[{'sender': 13, 'receiver': 99, 'amount': 0.2253895401954651, 'price_per_kWh': 0.08713732667759926, 'type': 'P2P', 'hour': 10}, {'sender': 0, 'receiver': 99, 'amount': 0.006734311580657959, 'price_per_kWh': 0.08716704658379085, 'type': 'P2P', 'hour': 10}]"
10,2,0.5,0.28849986,0.36362585512312157,0,0.0,0.0,-0.3355401392789396,0.09820612066130952,Centro,1.02,1.05,2,9,0.1015416944220591,"[{'sender': 13, 'receiver': 2, 'amount': 0.07512599229812622, 'price_per_kWh': 0.08761720333859321, 'type': 'P2P', 'hour': 10}]"
10,6,4.5,2.6155925,0.8671585698910934,0,0.0,0.0,-0.15899445915254828,0.08403602187163926,Centro,1.02,1.05,2,8,0.1015416944220591,"[{'sender': 6, 'receiver': 'Aggregator', 'amount': 1.7484338283538818, 'price_per_kWh': 0.09646460970095613, 'type': 'GRID_sell', 'hour': 10}]"
10,10,1.5,0.8420093,0.36815261256883314,15,0.8719475269317627,0.0,-0.26481477954093885,0.0,Centro,1.0,1.05,0,9,0.1015416944220591,[]
10,15,1.0,0.5559126,0.925013916583048,15,0.0,0.0,-0.9875030176879716,0.11046750854433987,Centro,1.02,1.05,2,9,0.1015416944220591,"[{'sender': 27, 'receiver': 15, 'amount': 0.36910128593444824, 'price_per_kWh': 0.09207482787031468, 'type': 'P2P', 'hour': 10}]"
10,23,2.75,1.5977541,0.807048835489368,15,1.4289355278015137,0.0,-0.49386515556446864,0.0,Centro,1.0,1.05,0,9,0.1015416944220591,[]
10,25,3.25,1.8654515,0.8065462259192251,10,1.8972797393798828,0.0,-0.45371236974421175,0.0,Centro,1.0,1.05,0,9,0.1015416944220591,[]
10,37,4.5,2.6135461,0.8851544854257027,10,3.2487428188323975,0.0,-0.44365498931748776,0.0,Centro,1.0,1.05,0,8,0.1015416944220591,[]
10,60,4.25,2.4232569,0.43652736063628417,15,4.982834815979004,0.0,-0.1513910538467433,0.0,Centro,1.0,1.05,0,7,0.1015416944220591,[]
10,62,2.25,1.2782614,0.7309257867563741,15,0.9622558951377869,0.0,-0.5409843175841305,0.0,Centro,1.0,1.05,0,9,0.1015416944220591,[]
10,73,2.25,1.2763032,0.7588290325246253,10,0.8760243058204651,0.0,-0.5179867597130189,0.0,Centro,1.0,1.05,0,9,0.1015416944220591,[]
10,85,2.0,1.1425228,0.5199239044738443,15,1.1217564344406128,0.0,-0.2912173328705084,0.0,Centro,1.02,1.05,1,8,0.1015416944220591,[]
10,87,3.5,2.0081787,0.8472413324076304,0,0.0,0.0,-0.3632286713300479,0.07762737891638999,Centro,1.0,1.05,0,9,0.1015416944220591,"[{'sender': 87, 'receiver': 'Aggregator', 'amount': 1.1609373092651367, 'price_per_kWh': 0.09646460970095613, 'type': 'GRID_sell', 'hour': 10}]"
10,88,2.5,1.4464053,0.9438993488777266,10,0.9280874133110046,0.0,-0.6344756147712315,0.0,Centro,1.0,1.05,0,9,0.1015416944220591,[]
10,89,4.75,2.772263,1.0399715296862653,0,0.0,0.0,-0.1946643153235219,0.08130895948183142,Centro,1.02,1.05,2,8,0.1015416944220591,"[{'sender': 89, 'receiver': 'Aggregator', 'amount': 1.732291579246521, 'price_per_kWh': 0.09646460970095613, 'type': 'GRID_sell', 'hour': 10}]"
10,97,3.0,1.7468402,1.0256206808848853,15,1.253549337387085,0.0,-0.6201301580231897,0.0,Centro,1.0,1.05,0,9,0.1015416944220591,[]
10,7,4.25,2.4211843,0.5420237921017039,0,0.0,0.0,0.2194572907376912,0.0801508680991669,Lingotto,1.02,1.05,3,7,0.1015416944220591,"[{'sender': 7, 'receiver': 'Aggregator', 'amount': 1.8791605234146118, 'price_per_kWh': 0.09646460970095613, 'type': 'GRID_sell', 'hour': 10}]"
10,8,3.25,1.8922946,0.5274406797180692,15,2.81821870803833,0.0,-0.24664595482913004,0.0,Lingotto,1.0,1.05,0,8,0.1015416944220591,[]
10,16,0.0,0.15315418,0.9355081784947461,0,0.0,0.0,-1.0234325989542676,0.11135764319218332,Lingotto,1.02,1.05,2,9,0.1015416944220591,"[{'sender': 58, 'receiver': 16, 'amount': 0.6528577208518982, 'price_per_kWh': 0.09234348291694691, 'type': 'P2P', 'hour': 10}, {'sender': 27, 'receiver': 16, 'amount': 0.1294962763786316, 'price_per_kWh': 0.0925198951942364, 'type': 'P2P', 'hour': 10}]"
10,19,4.25,2.4485555,0.6352609658977859,10,4.019022464752197,0.0,-0.2734252169217978,0.0,Lingotto,1.0,1.05,0,8,0.1015416944220591,[]
10,20,0.5,0.3009723,0.3987827477043194,0,0.0,0.0,-0.37062384466918036,0.11160399101912491,Lingotto,1.02,1.05,2,9,0.1015416944220591,"[{'sender': 58, 'receiver': 20, 'amount': 0.09781044721603394, 'price_per_kWh': 0.09246665683041771, 'type': 'P2P', 'hour': 10}]"
10,27,4.25,2.4201398,0.6864976228264336,0,0.0,0.0,0.057165776384861,0.07368214719628947,Lingotto,1.02,1.05,3,8,0.1015416944220591,"[{'sender': 27, 'receiver': 16, 'amount': 0.1294962763786316, 'price_per_kWh': 0.0925198951942364, 'type': 'P2P', 'hour': 10}, {'sender': 27, 'receiver': 15, 'amount': 0.36910128593444824, 'price_per_kWh': 0.09207482787031468, 'type': 'P2P', 'hour': 10}, {'sender': 27, 'receiver': 4, 'amount': 0.6338932514190674, 'price_per_kWh': 0.09203839935015512, 'type': 'P2P', 'hour': 10}, {'sender': 27, 'receiver': 21, 'amount': 0.6011512279510498, 'price_per_kWh': 0.09127419876155782, 'type': 'P2P', 'hour': 10}]"
10,32,2.25,1.2941228,0.5166958251930546,0,0.0,0.0,-0.22120054296898145,0.08402344572800481,Lingotto,1.02,1.05,1,8,0.1015416944220591,"[{'sender': 32, 'receiver': 'Aggregator', 'amount': 0.7774270176887512, 'price_per_kWh': 0.09646460970095613, 'type': 'GRID_sell', 'hour': 10}]"
10,41,0.75,0.43060073,0.3825740906436867,0,0.0,0.0,-0.29279759103348535,0.08992882651841944,Lingotto,1.02,1.05,1,9,0.1015416944220591,"[{'sender': 41, 'receiver': 'Aggregator', 'amount': 0.04802665114402771, 'price_per_kWh': 0.09646460970095613, 'type': 'GRID_sell', 'hour': 10}]"
10,42,4.0,2.315895,0.9839187905815289,15,2.3329968452453613,0.0,-0.5940886687424194,0.0,Lingotto,1.02,1.05,1,9,0.1015416944220591,[]
10,48,4.5,2.641353,0.5901295617299785,0,0.0,0.0,0.23610024629195991,0.08509822825656796,Lingotto,1.02,1.05,2,7,0.1015416944220591,"[{'sender': 48, 'receiver': 'Aggregator', 'amount': 2.0512232780456543, 'price_per_kWh': 0.09646460970095613, 'type': 'GRID_sell', 'hour': 10}]"
10,49,0.5,0.29450458,0.5705716321741278,10,0.0,0.0,-0.525270515561619,0.10462114363561265,Lingotto,1.02,1.05,3,8,0.1015416944220591,"[{'sender': 14, 'receiver': 49, 'amount': 0.06229144334793091, 'price_per_kWh': 0.09009484717837618, 'type': 'P2P', 'hour': 10}, {'sender': 66, 'receiver': 49, 'amount': 0.213775634765625, 'price_per_kWh': 0.09037933934710563, 'type': 'P2P', 'hour': 10}]"
10,51,0.25,0.15315418,0.9330086974785881,0,0.0,0.0,-0.9601691335590566,0.09362513802569158,Lingotto,1.02,1.05,3,8,0.1015416944220591,"[{'sender': 0, 'receiver': 51, 'amount': 0.7798544764518738, 'price_per_kWh': 0.08535643192697584, 'type': 'P2P', 'hour': 10}]"
10,64,0.5,0.29324114,0.9392360838365548,10,0.0,0.0,-1.0112062079056123,0.09281855664346228,Lingotto,1.02,1.05,2,9,0.1015416944220591,"[{'sender': 53, 'receiver': 64, 'amount': 0.46045321226119995, 'price_per_kWh': 0.08511122580219951, 'type': 'P2P', 'hour': 10}, {'sender': 83, 'receiver': 64, 'amount': 0.18554174900054932, 'price_per_kWh': 0.08515602273808551, 'type': 'P2P', 'hour': 10}]"
10,70,2.0,1.15787,0.8688220843248593,10,0.46941930055618286,0.0,-0.6315207690496377,0.0,Lingotto,1.0,1.05,0,9,0.1015416944220591,[]
10,76,3.5,2.009697,0.9221699131176155,15,1.8850796222686768,0.0,-0.573398510298082,0.0,Lingotto,1.02,1.05,1,8,0.1015416944220591,[]
10,82,0.25,0.16668321,0.9147896735398412,0,0.0,0.0,-0.9694184390525832,0.10191635923266906,Lingotto,1.02,1.05,2,9,0.1015416944220591,"[{'sender': 13, 'receiver': 82, 'amount': 0.7481064796447754, 'price_per_kWh': 0.08947232262427299, 'type': 'P2P', 'hour': 10}]"
10,83,4.5,2.6137326,0.4711412945701283,0,0.0,0.0,0.3114084785966891,0.07749348883270875,Lingotto,1.02,1.05,4,7,0.1015416944220591,"[{'sender': 83, 'receiver': 64, 'amount': 0.18554174900054932, 'price_per_kWh': 0.08515602273808551, 'type': 'P2P', 'hour': 10}, {'sender': 83, 'receiver': 3, 'amount': 0.44567981362342834, 'price_per_kWh': 0.08465312018683101, 'type': 'P2P', 'hour': 10}, {'sender': 83, 'receiver': 63, 'amount': 0.6144379377365112, 'price_per_kWh': 0.08449774329370356, 'type': 'P2P', 'hour': 10}, {'sender': 83, 'receiver': 'Aggregator', 'amount': 0.8969317674636841, 'price_per_kWh': 0.09646460970095613, 'type': 'GRID_sell', 'hour': 10}]"
10,84,1.25,0.70254195,0.655787686090403,15,0.07570862770080566,0.0,-0.4868127268917021,0.0,Lingotto,1.0,1.05,0,9,0.1015416944220591,[]
10,86,3.25,1.8922946,0.9537305127088307,15,1.6735460758209229,0.0,-0.6027782678901579,0.0,Lingotto,1.0,1.05,0,9,0.1015416944220591,[]
10,90,1.75,0.99099016,0.6971804610648141,10,0.43032294511795044,0.0,-0.5288057469262074,0.0,Lingotto,1.0,1.05,0,9,0.1015416944220591,[]
10,91,1.0,0.57324797,0.8515710666113919,10,0.0,0.0,-0.7880211064110607,0.10772840287651972,Lingotto,1.02,1.05,2,9,0.1015416944220591,"[{'sender': 65, 'receiver': 91, 'amount': 0.27832311391830444, 'price_per_kWh': 0.09151374530938548, 'type': 'P2P', 'hour': 10}]"
10,94,1.25,0.70380545,0.6616815872333923,15,0.04212385416030884,0.0,-0.5291807805345201,0.0,Lingotto,1.02,1.05,1,9,0.1015416944220591,[]
11,0,4.0,2.4301627,0.86605991890821,0,0.0,0.0,-0.17429466905290739,0.08104595171307047,Barriera_di_Milano,1.02,1.05,1,9,0.09202082284027586,"[{'sender': 0, 'receiver': 'Aggregator', 'amount': 1.5641027688980103, 'price_per_kWh': 0.08741978169826206, 'type': 'GRID_sell', 'hour': 11}]"
11,1,3.75,2.232957,0.5153433941068357,10,5.404451370239258,0.0,-0.24035163577699478,0.0,Barriera_di_Milano,1.0,1.05,0,8,0.09202082284027586,[]
11,26,4.0,2.4254856,1.0610134275816252,10,3.726609945297241,0.0,-0.5843724336784757,0.0,Barriera_di_Milano,1.0,1.05,0,9,0.09202082284027586,[]
11,31,3.75,2.2862473,1.10585691799162,10,3.1710052490234375,0.0,-0.6258449224738859,0.0,Barriera_di_Milano,1.0,1.05,0,9,0.09202082284027586,[]
11,34,3.75,2.285565,0.5012876098879682,15,5.649182319641113,0.0,-0.20969532190244689,0.0,Barriera_di_Milano,1.0,1.05,0,8,0.09202082284027586,[]
11,35,4.5,2.762178,0.9100086735916163,15,5.459943771362305,0.0,-0.40845822047171454,0.0,Barriera_di_Milano,1.0,1.05,0,8,0.09202082284027586,[]
11,38,3.75,2.2858245,0.372897924301633,15,6.156717777252197,0.0,-0.1600143910567829,0.0,Barriera_di_Milano,1.0,1.05,0,7,0.09202082284027586,[]
11,46,3.75,2.2858346,0.9350436152642653,0,0.0,0.0,-0.15291309249200907,0.07713550485629256,Barriera_di_Milano,1.02,1.05,1,8,0.09202082284027586,"[{'sender': 46, 'receiver': 'Aggregator', 'amount': 1.3507909774780273, 'price_per_kWh': 0.08741978169826206, 'type': 'GRID_sell', 'hour': 11}]"
11,47,1.25,0.760972,0.9130359482208766,10,0.0,0.0,-0.8725575284230818,0.09320677968408908,Barriera_di_Milano,1.02,1.05,3,9,0.09202082284027586,"[{'sender': 48, 'receiver': 47, 'amount': 0.15206390619277954, 'price_per_kWh': 0.08066831985126638, 'type': 'P2P', 'hour': 11}]"
11,55,2.25,1.3708477,0.47138575638730457,10,2.6091275215148926,0.0,-0.23440078621511332,0.0,Barriera_di_Milano,1.0,1.05,0,8,0.09202082284027586,[]
11,59,0.75,0.45133278,0.80801957726734,0,0.0,0.0,-0.7994786405166309,0.08981132603967293,Barriera_di_Milano,1.02,1.05,4,9,0.09202082284027586,"[{'sender': 48, 'receiver': 59, 'amount': 0.3566868007183075, 'price_per_kWh': 0.07897059302905829, 'type': 'P2P', 'hour': 11}]"
11,61,2.5,1.5349796,0.5441588948520613,0,0.0,0.0,-0.08209454556630005,0.07505050789579758,Barriera_di_Milano,1.02,1.05,2,8,0.09202082284027586,"[{'sender': 61, 'receiver': 'Aggregator', 'amount': 0.9908207058906555, 'price_per_kWh': 0.08741978169826206, 'type': 'GRID_sell', 'hour': 11}]"
11,65,3.25,1.9876835,0.4547317423900708,0,0.0,0.0,0.21066579411908432,0.07355099291753371,Barriera_di_Milano,1.02,1.05,2,8,0.09202082284027586,"[{'sender': 65, 'receiver': 'Aggregator', 'amount': 1.532951831817627, 'price_per_kWh': 0.08741978169826206, 'type': 'GRID_sell', 'hour': 11}]"
11,67,0.25,0.16011806,0.9779952193651301,0,0.0,0.0,-1.0835778950499706,0.09990165173464992,Barriera_di_Milano,1.02,1.05,3,9,0.09202082284027586,"[{'sender': 9, 'receiver': 67, 'amount': 0.13433381915092468, 'price_per_kWh': 0.08332536076684854, 'type': 'P2P', 'hour': 11}, {'sender': 89, 'receiver': 67, 'amount': 0.68354332447052, 'price_per_kWh': 0.08343258280427215, 'type': 'P2P', 'hour': 11}]"
11,68,2.75,1.6899668,0.38830576674781303,10,3.816774368286133,0.0,-0.1938043890013882,0.0,Barriera_di_Milano,1.0,1.05,0,8,0.09202082284027586,[]
11,69,0.5,0.30277985,0.3888239250921142,0,0.0,0.0,-0.3370159056428195,0.08857350763019697,Barriera_di_Milano,1.02,1.05,3,9,0.09202082284027586,"[{'sender': 48, 'receiver': 69, 'amount': 0.058859825134277344, 'price_per_kWh': 0.07835168382432031, 'type': 'P2P', 'hour': 11}, {'sender': 7, 'receiver': 69, 'amount': 0.027184247970581055, 'price_per_kWh': 0.07884926742200613, 'type': 'P2P', 'hour': 11}]"
11,74,2.0,1.2214304,0.8845229466302716,0,0.0,0.0,-0.6378436878179425,0.07731401759974794,Barriera_di_Milano,1.02,1.05,1,8,0.09202082284027586,"[{'sender': 74, 'receiver': 'Aggregator', 'amount': 0.33690744638442993, 'price_per_kWh': 0.08741978169826206, 'type': 'GRID_sell', 'hour': 11}]"
11,78,4.75,2.9290395,0.5289476375679366,0,0.0,0.0,0.5164149292102802,0.07816098570566583,Barriera_di_Milano,1.02,1.05,2,7,0.09202082284027586,"[{'sender': 78, 'receiver': 'Aggregator', 'amount': 2.4000918865203857, 'price_per_kWh': 0.08741978169826206, 'type': 'GRID_sell', 'hour': 11}]"
11,79,0.0,0.16038768,0.4462445325002186,0,0.0,0.0,-0.5061375632053793,0.0829270331805583,Barriera_di_Milano,1.02,1.05,4,8,0.09202082284027586,"[{'sender': 87, 'receiver': 79, 'amount': 0.28585684299468994, 'price_per_kWh': 0.07620146069048578, 'type': 'P2P', 'hour': 11}]"
11,92,2.25,1.3693087,0.8337652328259166,10,1.1241003274917603,0.0,-0.639637824593129,0.0,Barriera_di_Milano,1.0,1.05,0,9,0.09202082284027586,[]
11,93,0.75,0.4514431,0.41161605491919523,10,0.06027916073799133,0.0,-0.3671754478364665,0.0,Barriera_di_Milano,1.02,1.05,1,9,0.09202082284027586,[]
11,98,3.25,1.9886546,0.6115925222568049,15,3.7031784057617188,0.0,-0.3326046042559817,0.0,Barriera_di_Milano,1.0,1.05,0,8,0.09202082284027586,[]
11,3,0.25,0.16163109,0.5948445037326954,0,0.0,0.0,-0.7157848009447925,0.1009961051310823,San_Salvario,1.02,1.05,3,9,0.09202082284027586,"[{'sender': 75, 'receiver': 3, 'amount': 0.0980430543422699, 'price_per_kWh': 0.08333934839761478, 'type': 'P2P', 'hour': 11}, {'sender': 9, 'receiver': 3, 'amount': 0.33517035841941833, 'price_per_kWh': 0.08387258746506474, 'type': 'P2P', 'hour': 11}]"
11,5,2.75,1.6574684,0.5367021025152816,15,3.312265396118164,0.0,-0.2599181618212527,0.0,San_Salvario,1.0,1.05,0,8,0.09202082284027586,[]
11,9,1.75,1.0493431,0.5798389492920384,0,0.0,0.0,-0.29139699169920485,0.06674906979904717,San_Salvario,1.02,1.05,3,8,0.09202082284027586,"[{'sender': 9, 'receiver': 3, 'amount': 0.33517035841941833, 'price_per_kWh': 0.08387258746506474, 'type': 'P2P', 'hour': 11}, {'sender': 9, 'receiver': 67, 'amount': 0.13433381915092468, 'price_per_kWh': 0.08332536076684854, 'type': 'P2P', 'hour': 11}]"
11,11,2.25,1.3455338,0.5866322522019961,10,1.863738775253296,0.0,-0.3961634595548117,0.0,San_Salvario,1.0,1.05,0,9,0.09202082284027586,[]
11,12,0.75,0.45086303,0.9073625481465714,10,0.0,0.0,-0.8568792795139828,0.0879752188578348,San_Salvario,1.02,1.05,4,8,0.09202082284027586,"[{'sender': 7, 'receiver': 12, 'amount': 0.45649948716163635, 'price_per_kWh': 0.07855012303582504, 'type': 'P2P', 'hour': 11}]"
11,13,4.5,2.6949465,0.4221187599637683,0,0.0,0.0,0.5567048539536251,0.06766871238665013,San_Salvario,1.02,1.05,4,7,0.09202082284027586,"[{'sender': 13, 'receiver': 21, 'amount': 0.8990657329559326, 'price_per_kWh': 0.08349857611695594, 'type': 'P2P', 'hour': 11}, {'sender': 13, 'receiver': 63, 'amount': 0.6077992916107178, 'price_per_kWh': 0.08341535479195421, 'type': 'P2P', 'hour': 11}, {'sender': 13, 'receiver': 33, 'amount': 0.2318507432937622, 'price_per_kWh': 0.08303315212605122, 'type': 'P2P', 'hour': 11}, {'sender': 13, 'receiver': 51, 'amount': 0.5341120958328247, 'price_per_kWh': 0.08240339647904668, 'type': 'P2P', 'hour': 11}]"
11,21,0.0,0.1606826,1.1382711646313204,15,0.0,0.0,-1.1921792254083678,0.09932843984726174,San_Salvario,1.02,1.05,3,9,0.09202082284027586,"[{'sender': 89, 'receiver': 21, 'amount': 0.07852286100387573, 'price_per_kWh': 0.08314597686057806, 'type': 'P2P', 'hour': 11}, {'sender': 13, 'receiver': 21, 'amount': 0.8990657329559326, 'price_per_kWh': 0.08349857611695594, 'type': 'P2P', 'hour': 11}]"
11,24,2.25,1.3452147,0.9195015977477943,15,1.0648829936981201,0.0,-0.6238505380596778,0.0,San_Salvario,1.0,1.05,0,9,0.09202082284027586,[]
11,28,3.25,1.939626,0.5401409058007022,10,4.0068254470825195,0.0,-0.28204273923126677,0.0,San_Salvario,1.0,1.05,0,8,0.09202082284027586,[]
11,33,0.5,0.308411,0.5402617349688124,15,0.0,0.0,-0.5016706870550564,0.0983975918654523,San_Salvario,1.02,1.05,4,8,0.09202082284027586,"[{'sender': 13, 'receiver': 33, 'amount': 0.2318507432937622, 'price_per_kWh': 0.08303315212605122, 'type': 'P2P', 'hour': 11}]"
11,36,1.75,1.0487326,0.8001264443801658,10,0.4587932825088501,0.0,-0.5968561152395252,0.0,San_Salvario,1.0,1.05,0,9,0.09202082284027586,[]
11,40,2.75,1.6569968,0.721079281061364,15,2.5705065727233887,0.0,-0.40331532229766515,0.0,San_Salvario,1.0,1.05,0,9,0.09202082284027586,[]
11,43,2.25,1.3512506,0.42574259140612364,15,2.7676892280578613,0.0,-0.21736562862698,0.0,San_Salvario,1.0,1.05,0,8,0.09202082284027586,[]
11,44,3.25,1.9354606,0.95279691613341,10,2.4955105781555176,0.0,-0.6178825096768983,0.0,San_Salvario,1.0,1.05,0,9,0.09202082284027586,[]
11,50,1.25,0.74247324,0.44093541777139966,10,0.7917393445968628,0.0,-0.3280592935433445,0.0,San_Salvario,1.0,1.05,0,9,0.09202082284027586,[]
11,52,2.75,1.6575832,0.44907455085640235,10,3.444153308868408,0.0,-0.2448974782789832,0.0,San_Salvario,1.0,1.05,0,8,0.09202082284027586,[]
11,56,0.5,0.30621132,0.8122506732056216,15,0.0,0.0,-0.867991092669526,0.08977985252238836,San_Salvario,1.02,1.05,3,9,0.09202082284027586,"[{'sender': 48, 'receiver': 56, 'amount': 0.5060393810272217, 'price_per_kWh': 0.07895485627041601, 'type': 'P2P', 'hour': 11}]"
11,71,4.25,2.5048385,0.5185070793413711,10,6.456313133239746,0.0,-0.2218208148135578,0.0,San_Salvario,1.0,1.05,0,7,0.09202082284027586,[]
11,75,0.75,0.45054942,0.35250636389844525,0,0.0,0.0,-0.2634641606048033,0.06568259166414725,San_Salvario,1.02,1.05,2,8,0.09202082284027586,"[{'sender': 75, 'receiver': 3, 'amount': 0.0980430543422699, 'price_per_kWh': 0.08333934839761478, 'type': 'P2P', 'hour': 11}]"
11,95,1.75,1.0478334,0.8437923352789809,0,0.0,0.0,-0.5460798844086243,0.07053482195317565,San_Salvario,1.02,1.05,2,9,0.09202082284027586,"[{'sender': 95, 'receiver': 'Aggregator', 'amount': 0.20404112339019775, 'price_per_kWh': 0.08741978169826206, 'type': 'GRID_sell', 'hour': 11}]"
11,96,1.25,0.7399663,0.4223914549348296,15,0.7907609343528748,0.0,-0.32352156816639666,0.0,San_Salvario,1.0,1.05,0,9,0.09202082284027586,[]
11,4,0.0,0.17197455,0.8954423621856297,15,0.0,0.0,-0.9591477134110886,0.09427925681615765,San_Donato,1.02,1.05,3,9,0.09202082284027586,"[{'sender': 72, 'receiver': 4, 'amount': 0.5042727589607239, 'price_per_kWh': 0.08114429950947444, 'type': 'P2P', 'hour': 11}, {'sender': 48, 'receiver': 4, 'amount': 0.21919506788253784, 'price_per_kWh': 0.08120455841730065, 'type': 'P2P', 'hour': 11}]"
11,14,2.5,1.5278536,1.0013392342648841,0,0.0,0.0,-0.5160270693398652,0.0745671069143889,San_Donato,1.02,1.05,1,9,0.09202082284027586,"[{'sender': 14, 'receiver': 'Aggregator', 'amount': 0.5265144109725952, 'price_per_kWh': 0.08741978169826206, 'type': 'GRID_sell', 'hour': 11}]"
11,17,1.25,0.75946826,0.6967433874650973,10,0.19469070434570312,0.0,-0.492750654744593,0.0,San_Donato,1.02,1.05,2,8,0.09202082284027586,[]
11,18,1.25,0.74108666,0.9100463720585059,15,0.0,0.0,-0.8500811740349424,0.0849571296971779,San_Donato,1.02,1.05,3,9,0.09202082284027586,"[{'sender': 87, 'receiver': 18, 'amount': 0.16895973682403564, 'price_per_kWh': 0.07721650894879557, 'type': 'P2P', 'hour': 11}]"
11,22,2.0,1.2223461,0.8810041264429379,10,0.6771470308303833,0.0,-0.7003055260916988,0.0,San_Donato,1.0,1.05,0,9,0.09202082284027586,[]
11,29,2.0,1.2236826,0.3486046723007604,10,2.4067306518554688,0.0,-0.2131311292352382,0.0,San_Donato,1.0,1.05,0,8,0.09202082284027586,[]
11,30,2.5,1.505544,0.6554802562660814,10,2.1348328590393066,0.0,-0.4023999763524487,0.0,San_Donato,1.0,1.05,0,9,0.09202082284027586,[]
11,39,3.25,1.9792807,1.1044712074000351,15,2.2027065753936768,0.0,-0.7166304429568373,0.0,San_Donato,1.0,1.05,0,9,0.09202082284027586,[]
11,45,4.5,2.7405803,0.9055169242760868,15,5.279195785522461,0.0,-0.4515723717884573,0.0,San_Donato,1.0,1.05,0,8,0.09202082284027586,[]
11,53,4.25,2.554335,0.9345714009011389,0,0.0,0.0,-0.12826758743180863,0.07784814508885315,San_Donato,1.02,1.05,3,8,0.09202082284027586,"[{'sender': 53, 'receiver': 'Aggregator', 'amount': 1.619763731956482, 'price_per_kWh': 0.08741978169826206, 'type': 'GRID_sell', 'hour': 11}]"
11,54,0.75,0.45697105,0.8250015968557423,10,0.0,0.0,-0.7790579451425674,0.09199307548310824,San_Donato,1.02,1.05,3,9,0.09202082284027586,"[{'sender': 48, 'receiver': 54, 'amount': 0.3680305480957031, 'price_per_kWh': 0.08006146775077595, 'type': 'P2P', 'hour': 11}]"
11,57,2.25,1.3716475,0.7131651459984625,10,1.8328132629394531,0.0,-0.4202226955296639,0.0,San_Donato,1.02,1.05,1,8,0.09202082284027586,[]
11,58,3.0,1.8356923,0.9051995069600104,0,0.0,0.0,-0.45354404026333767,0.0775010078392946,San_Donato,1.02,1.05,2,9,0.09202082284027586,"[{'sender': 58, 'receiver': 'Aggregator', 'amount': 0.9304927587509155, 'price_per_kWh': 0.08741978169826206, 'type': 'GRID_sell', 'hour': 11}]"
11,63,0.75,0.44919086,1.056990200766081,10,0.0,0.0,-1.0840202760098336,0.09916199719725828,San_Donato,1.02,1.05,3,9,0.09202082284027586,"[{'sender': 13, 'receiver': 63, 'amount': 0.6077992916107178, 'price_per_kWh': 0.08341535479195421, 'type': 'P2P', 'hour': 11}]"
11,66,1.5,0.89694035,0.4793492105891486,0,0.0,0.0,-0.2235809355463224,0.07066036437462948,San_Donato,1.02,1.05,2,9,0.09202082284027586,"[{'sender': 66, 'receiver': 'Aggregator', 'amount': 0.4175911545753479, 'price_per_kWh': 0.08741978169826206, 'type': 'GRID_sell', 'hour': 11}]"
11,72,2.5,1.505544,0.42023415673892867,0,0.0,0.0,0.09862397629406763,0.06800934220279124,San_Donato,1.02,1.05,2,8,0.09202082284027586,"[{'sender': 72, 'receiver': 51, 'amount': 0.3538496494293213, 'price_per_kWh': 0.08257371138711725, 'type': 'P2P', 'hour': 11}, {'sender': 72, 'receiver': 49, 'amount': 0.22718733549118042, 'price_per_kWh': 0.08180381633115509, 'type': 'P2P', 'hour': 11}, {'sender': 72, 'receiver': 4, 'amount': 0.5042727589607239, 'price_per_kWh': 0.08114429950947444, 'type': 'P2P', 'hour': 11}]"
11,77,4.0,2.4077637,0.4181858577997558,0,0.0,0.0,0.4232917473340639,0.0824051772563587,San_Donato,1.02,1.05,3,7,0.09202082284027586,"[{'sender': 77, 'receiver': 'Aggregator', 'amount': 1.9895778894424438, 'price_per_kWh': 0.08741978169826206, 'type': 'GRID_sell', 'hour': 11}]"
11,80,2.25,1.3490986,0.435712834331962,0,0.0,0.0,0.0007052309138762813,0.08000099425346899,San_Donato,1.02,1.05,2,8,0.09202082284027586,"[{'sender': 80, 'receiver': 'Aggregator', 'amount': 0.9133857488632202, 'price_per_kWh': 0.08741978169826206, 'type': 'GRID_sell', 'hour': 11}]"
11,81,0.5,0.31438768,0.8634093726190691,0,0.0,0.0,-1.0280607989310355,0.08823591443171146,San_Donato,1.02,1.05,3,9,0.09202082284027586,"[{'sender': 7, 'receiver': 81, 'amount': 0.5490217208862305, 'price_per_kWh': 0.07868047082276337, 'type': 'P2P', 'hour': 11}]"
11,99,1.25,0.74105406,0.8781235510362162,0,0.0,0.0,-0.8135014325234428,0.099803324632294,San_Donato,1.02,1.05,3,9,0.09202082284027586,"[{'sender': 89, 'receiver': 99, 'amount': 0.1370694637298584, 'price_per_kWh': 0.08338341925309418, 'type': 'P2P', 'hour': 11}]"
11,2,0.5,0.3067403,0.3721280123279915,0,0.0,0.0,-0.34043059275089765,0.08309907144581143,Centro,1.02,1.05,3,9,0.09202082284027586,"[{'sender': 87, 'receiver': 2, 'amount': 0.06538769602775574, 'price_per_kWh': 0.07628747982311233, 'type': 'P2P', 'hour': 11}]"
11,6,4.5,2.694926,0.9410786455609925,0,0.0,0.0,-0.005673505755864894,0.07612350197857773,Centro,1.02,1.05,2,8,0.09202082284027586,"[{'sender': 6, 'receiver': 'Aggregator', 'amount': 1.753847360610962, 'price_per_kWh': 0.08741978169826206, 'type': 'GRID_sell', 'hour': 11}]"
11,10,1.5,0.89762557,0.3771999148966327,15,1.3923732042312622,0.0,-0.26481477954093885,0.0,Centro,1.0,1.05,0,9,0.09202082284027586,[]
11,15,1.0,0.5860589,0.9732573549784215,15,0.0,0.0,-1.0181822590097025,0.09033793067568413,Centro,1.02,1.05,3,9,0.09202082284027586,"[{'sender': 48, 'receiver': 15, 'amount': 0.38719844818115234, 'price_per_kWh': 0.0792338953470639, 'type': 'P2P', 'hour': 11}]"
11,23,2.75,1.6572418,0.7737675003290752,15,2.3124098777770996,0.0,-0.49386515556446864,0.0,Centro,1.0,1.05,0,9,0.09202082284027586,[]
11,25,3.25,1.9414145,0.792079065685516,10,3.0466151237487793,0.0,-0.45371236974421175,0.0,Centro,1.0,1.05,0,9,0.09202082284027586,[]
11,37,4.5,2.6930025,0.9318817729283342,10,5.009863376617432,0.0,-0.44365498931748776,0.0,Centro,1.0,1.05,0,8,0.09202082284027586,[]
11,60,4.25,2.5121653,0.38553730805431846,15,7.109462738037109,0.0,-0.1513910538467433,0.0,Centro,1.0,1.05,0,7,0.09202082284027586,[]
11,62,2.25,1.3498262,0.7552825888800064,15,1.5567995309829712,0.0,-0.5409843175841305,0.0,Centro,1.0,1.05,0,9,0.09202082284027586,[]
11,73,2.25,1.3479909,0.7795314294812806,10,1.444483757019043,0.0,-0.5179867597130189,0.0,Centro,1.0,1.05,0,9,0.09202082284027586,[]
11,85,2.0,1.2042471,0.4757698356110745,15,1.8502336740493774,0.0,-0.2912173328705084,0.0,Centro,1.02,1.05,1,8,0.09202082284027586,[]
11,87,3.5,2.0959182,0.9148882306484311,0,0.0,0.0,-0.26986458310483713,0.06947588820041324,Centro,1.02,1.05,1,9,0.09202082284027586,"[{'sender': 87, 'receiver': 64, 'amount': 0.30047810077667236, 'price_per_kWh': 0.07722967124990662, 'type': 'P2P', 'hour': 11}, {'sender': 87, 'receiver': 18, 'amount': 0.16895973682403564, 'price_per_kWh': 0.07721650894879557, 'type': 'P2P', 'hour': 11}, {'sender': 87, 'receiver': 2, 'amount': 0.06538769602775574, 'price_per_kWh': 0.07628747982311233, 'type': 'P2P', 'hour': 11}, {'sender': 87, 'receiver': 79, 'amount': 0.28585684299468994, 'price_per_kWh': 0.07620146069048578, 'type': 'P2P', 'hour': 11}, {'sender': 87, 'receiver': 'Aggregator', 'amount': 0.3603476285934448, 'price_per_kWh': 0.08741978169826206, 'type': 'GRID_sell', 'hour': 11}]"
11,88,2.5,1.505385,0.9490847153388104,10,1.484387755393982,0.0,-0.6344756147712315,0.0,Centro,1.0,1.05,0,9,0.09202082284027586,[]
11,89,4.75,2.8640316,0.9383063554520086,0,0.0,0.0,-0.0341682221339336,0.06696351387389438,Centro,1.02,1.05,3,8,0.09202082284027586,"[{'sender': 89, 'receiver': 67, 'amount': 0.68354332447052, 'price_per_kWh': 0.08343258280427215, 'type': 'P2P', 'hour': 11}, {'sender': 89, 'receiver': 99, 'amount': 0.1370694637298584, 'price_per_kWh': 0.08338341925309418, 'type': 'P2P', 'hour': 11}, {'sender': 89, 'receiver': 91, 'amount': 0.3035963177680969, 'price_per_kWh': 0.08335812833663966, 'type': 'P2P', 'hour': 11}, {'sender': 89, 'receiver': 82, 'amount': 0.7229932546615601, 'price_per_kWh': 0.08335503899195984, 'type': 'P2P', 'hour': 11}, {'sender': 89, 'receiver': 21, 'amount': 0.07852286100387573, 'price_per_kWh': 0.08314597686057806, 'type': 'P2P', 'hour': 11}]"
11,97,3.0,1.8028027,0.9440298664376927,15,2.1123220920562744,0.0,-0.6201301580231897,0.0,Centro,1.0,1.05,0,9,0.09202082284027586,[]
11,7,4.25,2.511524,0.47302361532902487,0,0.0,0.0,0.3803416631824626,0.06912502721381529,Lingotto,1.02,1.05,4,7,0.09202082284027586,"[{'sender': 7, 'receiver': 69, 'amount': 0.027184247970581055, 'price_per_kWh': 0.07884926742200613, 'type': 'P2P', 'hour': 11}, {'sender': 7, 'receiver': 81, 'amount': 0.5490217208862305, 'price_per_kWh': 0.07868047082276337, 'type': 'P2P', 'hour': 11}, {'sender': 7, 'receiver': 12, 'amount': 0.45649948716163635, 'price_per_kWh': 0.07855012303582504, 'type': 'P2P', 'hour': 11}, {'sender': 7, 'receiver': 16, 'amount': 0.733566403388977, 'price_per_kWh': 0.0779459884856461, 'type': 'P2P', 'hour': 11}, {'sender': 7, 'receiver': 64, 'amount': 0.272228479385376, 'price_per_kWh': 0.07705424075660766, 'type': 'P2P', 'hour': 11}]"
11,8,3.25,1.9805777,0.5740084959250983,15,4.224787712097168,0.0,-0.24664595482913004,0.0,Lingotto,1.0,1.05,0,8,0.09202082284027586,[]
11,16,0.0,0.16028391,0.8938503389668225,0,0.0,0.0,-1.0794900091817323,0.08676694975747691,Lingotto,1.02,1.05,3,9,0.09202082284027586,"[{'sender': 7, 'receiver': 16, 'amount': 0.733566403388977, 'price_per_kWh': 0.0779459884856461, 'type': 'P2P', 'hour': 11}]"
11,19,4.25,2.551256,0.6215245297965382,10,5.948753833770752,0.0,-0.2734252169217978,0.0,Lingotto,1.0,1.05,0,8,0.09202082284027586,[]
11,20,0.5,0.31718415,0.3837975570325964,0,0.0,0.0,-0.3759123832642947,0.09382881153302154,Lingotto,1.02,1.05,3,9,0.09202082284027586,"[{'sender': 48, 'receiver': 20, 'amount': 0.06661340594291687, 'price_per_kWh': 0.0809793357757326, 'type': 'P2P', 'hour': 11}]"
11,27,4.25,2.5093632,0.6691804768452656,0,0.0,0.0,0.2180341534039689,0.07564667180938268,Lingotto,1.02,1.05,3,8,0.09202082284027586,"[{'sender': 27, 'receiver': 'Aggregator', 'amount': 1.8401827812194824, 'price_per_kWh': 0.08741978169826206, 'type': 'GRID_sell', 'hour': 11}]"
11,32,2.25,1.3741515,0.5124679235897086,0,0.0,0.0,-0.14587235535382753,0.08184759494527746,Lingotto,1.02,1.05,1,8,0.09202082284027586,"[{'sender': 32, 'receiver': 'Aggregator', 'amount': 0.8616835474967957, 'price_per_kWh': 0.08741978169826206, 'type': 'GRID_sell', 'hour': 11}]"
11,41,0.75,0.45162624,0.3540286467560838,0,0.0,0.0,-0.28426563023204837,0.07210662728198818,Lingotto,1.02,1.05,1,9,0.09202082284027586,"[{'sender': 41, 'receiver': 'Aggregator', 'amount': 0.09759759902954102, 'price_per_kWh': 0.08741978169826206, 'type': 'GRID_sell', 'hour': 11}]"
11,42,4.0,2.4108627,1.0704377282388493,15,3.673421859741211,0.0,-0.5940886687424194,0.0,Lingotto,1.02,1.05,1,9,0.09202082284027586,[]
11,48,4.5,2.7340896,0.6194021421059177,0,0.0,0.0,0.4044817509316167,0.06812986001844366,Lingotto,1.02,1.05,3,7,0.09202082284027586,"[{'sender': 48, 'receiver': 4, 'amount': 0.21919506788253784, 'price_per_kWh': 0.08120455841730065, 'type': 'P2P', 'hour': 11}, {'sender': 48, 'receiver': 20, 'amount': 0.06661340594291687, 'price_per_kWh': 0.0809793357757326, 'type': 'P2P', 'hour': 11}, {'sender': 48, 'receiver': 47, 'amount': 0.15206390619277954, 'price_per_kWh': 0.08066831985126638, 'type': 'P2P', 'hour': 11}, {'sender': 48, 'receiver': 54, 'amount': 0.3680305480957031, 'price_per_kWh': 0.08006146775077595, 'type': 'P2P', 'hour': 11}, {'sender': 48, 'receiver': 15, 'amount': 0.38719844818115234, 'price_per_kWh': 0.0792338953470639, 'type': 'P2P', 'hour': 11}, {'sender': 48, 'receiver': 59, 'amount': 0.3566868007183075, 'price_per_kWh': 0.07897059302905829, 'type': 'P2P', 'hour': 11}, {'sender': 48, 'receiver': 56, 'amount': 0.5060393810272217, 'price_per_kWh': 0.07895485627041601, 'type': 'P2P', 'hour': 11}, {'sender': 48, 'receiver': 69, 'amount': 0.058859825134277344, 'price_per_kWh': 0.07835168382432031, 'type': 'P2P', 'hour': 11}]"
11,49,0.5,0.31070298,0.5378903308474408,10,0.0,0.0,-0.543855306626904,0.09559829045951894,Lingotto,1.02,1.05,4,8,0.09202082284027586,"[{'sender': 72, 'receiver': 49, 'amount': 0.22718733549118042, 'price_per_kWh': 0.08180381633115509, 'type': 'P2P', 'hour': 11}]"
11,51,0.25,0.16028391,1.04824566760945,0,0.0,0.0,-1.033400463182633,0.09713808057144324,Lingotto,1.02,1.05,4,8,0.09202082284027586,"[{'sender': 13, 'receiver': 51, 'amount': 0.5341120958328247, 'price_per_kWh': 0.08240339647904668, 'type': 'P2P', 'hour': 11}, {'sender': 72, 'receiver': 51, 'amount': 0.3538496494293213, 'price_per_kWh': 0.08257371138711725, 'type': 'P2P', 'hour': 11}]"
11,64,0.5,0.30943954,0.8821461169574664,10,0.0,0.0,-1.0549770904849851,0.08498345429940002,Lingotto,1.02,1.05,3,9,0.09202082284027586,"[{'sender': 7, 'receiver': 64, 'amount': 0.272228479385376, 'price_per_kWh': 0.07705424075660766, 'type': 'P2P', 'hour': 11}, {'sender': 87, 'receiver': 64, 'amount': 0.30047810077667236, 'price_per_kWh': 0.07722967124990662, 'type': 'P2P', 'hour': 11}]"
11,70,2.0,1.2258396,0.8598678984570847,10,0.8353910446166992,0.0,-0.6315207690496377,0.0,Lingotto,1.0,1.05,0,9,0.09202082284027586,[]
11,76,3.5,2.0998025,1.0472966649332387,15,2.9375853538513184,0.0,-0.573398510298082,0.0,Lingotto,1.02,1.05,1,8,0.09202082284027586,[]
11,82,0.25,0.1738263,0.8968195315288723,0,0.0,0.0,-1.0296835699858216,0.09974656411002529,Lingotto,1.02,1.05,3,9,0.09202082284027586,"[{'sender': 89, 'receiver': 82, 'amount': 0.7229932546615601, 'price_per_kWh': 0.08335503899195984, 'type': 'P2P', 'hour': 11}]"
11,83,4.5,2.6941085,0.5232219042232125,0,0.0,0.0,0.5011869039670304,0.07520142889959504,Lingotto,1.02,1.05,4,7,0.09202082284027586,"[{'sender': 83, 'receiver': 'Aggregator', 'amount': 2.170886516571045, 'price_per_kWh': 0.08741978169826206, 'type': 'GRID_sell', 'hour': 11}]"
11,84,1.25,0.74137723,0.5898749431359179,15,0.22721093893051147,0.0,-0.4868127268917021,0.0,Lingotto,1.0,1.05,0,9,0.09202082284027586,[]
11,86,3.25,1.9805777,1.0309305563356859,15,2.6231932640075684,0.0,-0.6027782678901579,0.0,Lingotto,1.0,1.05,0,9,0.09202082284027586,[]
11,90,1.75,1.0482471,0.8064208114327693,10,0.6721492409706116,0.0,-0.5288057469262074,0.0,Lingotto,1.0,1.05,0,9,0.09202082284027586,[]
11,91,1.0,0.608011,0.9116073149189511,10,0.0,0.0,-0.813328327230105,0.09975274279938494,Lingotto,1.02,1.05,3,9,0.09202082284027586,"[{'sender': 89, 'receiver': 91, 'amount': 0.3035963177680969, 'price_per_kWh': 0.08335812833663966, 'type': 'P2P', 'hour': 11}]"
11,94,1.25,0.74264073,0.7306495855756354,15,0.05411499738693237,0.0,-0.5291807805345201,0.0,Lingotto,1.02,1.05,1,9,0.09202082284027586,[]
12,0,4.0,2.3649313,0.9043449918637415,0,0.0,0.0,-0.041457055398107595,0.08146791784158657,Barriera_di_Milano,1.02,1.05,1,9,0.09573488817606109,"[{'sender': 0, 'receiver': 'Aggregator', 'amount': 1.4605863094329834, 'price_per_kWh': 0.09094814376725803, 'type': 'GRID_sell', 'hour': 12}]"
12,1,3.75,2.159209,0.532609346740672,10,7.031051158905029,0.0,-0.24035163577699478,0.0,Barriera_di_Milano,1.0,1.05,0,8,0.09573488817606109,[]
12,26,4.0,2.358109,0.9297793216519272,10,5.154939651489258,0.0,-0.5843724336784757,0.0,Barriera_di_Milano,1.0,1.05,0,9,0.09573488817606109,[]
12,31,3.75,2.2227192,1.0174355437755942,10,4.376288890838623,0.0,-0.6258449224738859,0.0,Barriera_di_Milano,1.0,1.05,0,9,0.09573488817606109,[]
12,34,3.75,2.2220368,0.4801813529011984,15,7.391037940979004,0.0,-0.20969532190244689,0.0,Barriera_di_Milano,1.0,1.05,0,8,0.09573488817606109,[]
12,35,4.5,2.6920452,0.8259487576679001,15,7.326040267944336,0.0,-0.40845822047171454,0.0,Barriera_di_Milano,1.0,1.05,0,8,0.09573488817606109,[]
12,38,3.75,2.2229347,0.4251044928115031,15,7.954547882080078,0.0,-0.1600143910567829,0.0,Barriera_di_Milano,1.0,1.05,0,7,0.09573488817606109,[]
12,46,3.75,2.2229447,0.9214419119521486,0,0.0,0.0,-0.034543826556857685,0.08528539822395034,Barriera_di_Milano,1.02,1.05,1,8,0.09573488817606109,"[{'sender': 46, 'receiver': 'Aggregator', 'amount': 1.3015028238296509, 'price_per_kWh': 0.09094814376725803, 'type': 'GRID_sell', 'hour': 12}]"
12,47,1.25,0.7155481,1.004931348938483,10,0.0,0.0,-0.8978531188357606,0.10359158418651973,Barriera_di_Milano,1.02,1.05,4,9,0.09573488817606109,"[{'sender': 32, 'receiver': 47, 'amount': 0.13650694489479065, 'price_per_kWh': 0.08724313266310876, 'type': 'P2P', 'hour': 12}, {'sender': 58, 'receiver': 47, 'amount': 0.15287628769874573, 'price_per_kWh': 0.08756293805462839, 'type': 'P2P', 'hour': 12}]"
12,55,2.25,1.3206412,0.4179655214180917,10,3.511803150177002,0.0,-0.23440078621511332,0.0,Barriera_di_Milano,1.0,1.05,0,8,0.09573488817606109,[]
12,59,0.75,0.41024774,0.735951953164697,0,0.0,0.0,-0.8266610798739932,0.0918452446990412,Barriera_di_Milano,1.05,1.05,5,9,0.09573488817606109,"[{'sender': 72, 'receiver': 59, 'amount': 0.3257042169570923, 'price_per_kWh': 0.08345743758344784, 'type': 'P2P', 'hour': 12}]"
12,61,2.5,1.4846156,0.5322495390069423,0,0.0,0.0,0.004521379237229978,0.07915908951831996,Barriera_di_Milano,1.02,1.05,2,8,0.09573488817606109,"[{'sender': 61, 'receiver': 'Aggregator', 'amount': 0.952366054058075, 'price_per_kWh': 0.09094814376725803, 'type': 'GRID_sell', 'hour': 12}]"
12,65,3.25,1.9227383,0.4456835676107903,0,0.0,0.0,0.34500117870524905,0.0831088737133279,Barriera_di_Milano,1.02,1.05,2,8,0.09573488817606109,"[{'sender': 65, 'receiver': 'Aggregator', 'amount': 1.4770547151565552, 'price_per_kWh': 0.09094814376725803, 'type': 'GRID_sell', 'hour': 12}]"
12,67,0.25,0.12020928,0.8592511014166033,0,0.0,0.0,-1.1441720593749933,0.09371981552252064,Barriera_di_Milano,1.02,1.05,4,9,0.09573488817606109,"[{'sender': 78, 'receiver': 67, 'amount': 0.739041805267334, 'price_per_kWh': 0.08362997488236285, 'type': 'P2P', 'hour': 12}]"
12,68,2.75,1.627919,0.42835606129238585,10,5.0163373947143555,0.0,-0.1938043890013882,0.0,Barriera_di_Milano,1.0,1.05,0,8,0.09573488817606109,[]
12,69,0.5,0.26312575,0.362528559411227,0,0.0,0.0,-0.3452020126852958,0.08881173605058229,Barriera_di_Milano,1.02,1.05,4,9,0.09573488817606109,"[{'sender': 83, 'receiver': 69, 'amount': 0.09940281510353088, 'price_per_kWh': 0.08235286932216379, 'type': 'P2P', 'hour': 12}]"
12,74,2.0,1.1724634,0.9937364786056221,0,0.0,0.0,-0.6215888069716881,0.08592828589740083,Barriera_di_Milano,1.02,1.05,1,8,0.09573488817606109,"[{'sender': 74, 'receiver': 'Aggregator', 'amount': 0.1787269115447998, 'price_per_kWh': 0.09094814376725803, 'type': 'GRID_sell', 'hour': 12}]"
12,78,4.75,2.8603137,0.5403630890694906,0,0.0,0.0,0.713297419238138,0.07354013424220505,Barriera_di_Milano,1.02,1.05,3,7,0.09573488817606109,"[{'sender': 78, 'receiver': 49, 'amount': 0.2342953383922577, 'price_per_kWh': 0.08603149393278224, 'type': 'P2P', 'hour': 12}, {'sender': 78, 'receiver': 20, 'amount': 0.1623745560646057, 'price_per_kWh': 0.08501385708432829, 'type': 'P2P', 'hour': 12}, {'sender': 78, 'receiver': 18, 'amount': 0.25028538703918457, 'price_per_kWh': 0.08491952707816268, 'type': 'P2P', 'hour': 12}, {'sender': 78, 'receiver': 63, 'amount': 0.7362571954727173, 'price_per_kWh': 0.08448311441081661, 'type': 'P2P', 'hour': 12}, {'sender': 78, 'receiver': 67, 'amount': 0.739041805267334, 'price_per_kWh': 0.08362997488236285, 'type': 'P2P', 'hour': 12}, {'sender': 78, 'receiver': 33, 'amount': 0.19033339619636536, 'price_per_kWh': 0.08328684014933009, 'type': 'P2P', 'hour': 12}, {'sender': 78, 'receiver': 79, 'amount': 0.007362931966781616, 'price_per_kWh': 0.08323075980036296, 'type': 'P2P', 'hour': 12}]"
12,79,0.0,0.12111693,0.49659142921378524,0,0.0,0.0,-0.5375003384625805,0.09292138535852085,Barriera_di_Milano,1.05,1.05,5,8,0.09573488817606109,"[{'sender': 78, 'receiver': 79, 'amount': 0.007362931966781616, 'price_per_kWh': 0.08323075980036296, 'type': 'P2P', 'hour': 12}, {'sender': 53, 'receiver': 79, 'amount': 0.3681115508079529, 'price_per_kWh': 0.0835669755367634, 'type': 'P2P', 'hour': 12}]"
12,92,2.25,1.320009,0.8787154377723835,10,1.5653939247131348,0.0,-0.639637824593129,0.0,Barriera_di_Milano,1.0,1.05,0,9,0.09573488817606109,[]
12,93,0.75,0.40972003,0.4193043419348989,10,0.05069485306739807,0.0,-0.3671754478364665,0.0,Barriera_di_Milano,1.02,1.05,1,9,0.09573488817606109,[]
12,98,3.25,1.9246162,0.7274182027359387,15,4.900376319885254,0.0,-0.3326046042559817,0.0,Barriera_di_Milano,1.0,1.05,0,8,0.09573488817606109,[]
12,3,0.25,0.12436378,0.668681958629445,0,0.0,0.0,-0.7605408969547149,0.08892888580515793,San_Salvario,1.02,1.05,4,9,0.09573488817606109,"[{'sender': 72, 'receiver': 3, 'amount': 0.24734675884246826, 'price_per_kWh': 0.0819992581365062, 'type': 'P2P', 'hour': 12}, {'sender': 83, 'receiver': 3, 'amount': 0.2969714403152466, 'price_per_kWh': 0.08241144419945161, 'type': 'P2P', 'hour': 12}]"
12,5,2.75,1.5902634,0.5502758472783702,15,4.352252960205078,0.0,-0.2599181618212527,0.0,San_Salvario,1.0,1.05,0,8,0.09573488817606109,[]
12,9,1.75,0.9872681,0.6427504268581242,0,0.0,0.0,-0.2619143304766447,0.07193456899524928,San_Salvario,1.02,1.05,4,8,0.09573488817606109,"[{'sender': 9, 'receiver': 51, 'amount': 0.25944626331329346, 'price_per_kWh': 0.08573619144554943, 'type': 'P2P', 'hour': 12}, {'sender': 9, 'receiver': 49, 'amount': 0.0850713849067688, 'price_per_kWh': 0.08522871130930434, 'type': 'P2P', 'hour': 12}]"
12,11,2.25,1.2981977,0.6282352623664162,10,2.533701181411743,0.0,-0.3961634595548117,0.0,San_Salvario,1.0,1.05,0,9,0.09573488817606109,[]
12,12,0.75,0.41486132,0.831015490685425,10,0.0,0.0,-0.8913648427222302,0.09066493458984012,San_Salvario,1.05,1.05,5,8,0.09573488817606109,"[{'sender': 72, 'receiver': 12, 'amount': 0.416154146194458, 'price_per_kWh': 0.0828672825288473, 'type': 'P2P', 'hour': 12}]"
12,13,4.5,2.6142006,0.3997033002842946,0,0.0,0.0,0.7581092752950035,0.08076709537181544,San_Salvario,1.02,1.05,4,7,0.09573488817606109,"[{'sender': 13, 'receiver': 'Aggregator', 'amount': 2.2144973278045654, 'price_per_kWh': 0.09094814376725803, 'type': 'GRID_sell', 'hour': 12}]"
12,21,0.0,0.12287679,1.0971902098630721,15,0.0,0.0,-1.2763081270427137,0.10482253819847279,San_Salvario,1.02,1.05,4,9,0.09573488817606109,"[{'sender': 6, 'receiver': 21, 'amount': 0.974313497543335, 'price_per_kWh': 0.08634685021450608, 'type': 'P2P', 'hour': 12}]"
12,24,2.25,1.2920821,0.9092384836145646,15,1.4477266073226929,0.0,-0.6238505380596778,0.0,San_Salvario,1.0,1.05,0,9,0.09573488817606109,[]
12,28,3.25,1.8677903,0.6007911035108214,10,5.273824691772461,0.0,-0.28204273923126677,0.0,San_Salvario,1.0,1.05,0,8,0.09573488817606109,[]
12,33,0.5,0.27076042,0.4610938173455128,15,0.0,0.0,-0.5175229541991422,0.09303354605645513,San_Salvario,1.05,1.05,5,8,0.09573488817606109,"[{'sender': 78, 'receiver': 33, 'amount': 0.19033339619636536, 'price_per_kWh': 0.08328684014933009, 'type': 'P2P', 'hour': 12}]"
12,36,1.75,0.9866577,0.8853288677265648,10,0.5601220726966858,0.0,-0.5968561152395252,0.0,San_Salvario,1.0,1.05,0,9,0.09573488817606109,[]
12,40,2.75,1.5904095,0.7163272652071635,15,3.4445888996124268,0.0,-0.40331532229766515,0.0,San_Salvario,1.0,1.05,0,9,0.09573488817606109,[]
12,43,2.25,1.2972112,0.3972167129009211,15,3.6676836013793945,0.0,-0.21736562862698,0.0,San_Salvario,1.0,1.05,0,8,0.09573488817606109,[]
12,44,3.25,1.8690232,1.0077821035005288,10,3.3567516803741455,0.0,-0.6178825096768983,0.0,San_Salvario,1.0,1.05,0,9,0.09573488817606109,[]
12,50,1.25,0.6982145,0.4059517951527843,10,1.0840020179748535,0.0,-0.3280592935433445,0.0,San_Salvario,1.0,1.05,0,9,0.09573488817606109,[]
12,52,2.75,1.5935366,0.5076081211210497,10,4.530081748962402,0.0,-0.2448974782789832,0.0,San_Salvario,1.0,1.05,0,8,0.09573488817606109,[]
12,56,0.5,0.2674847,0.7845528286195174,15,0.0,0.0,-0.9127908797417607,0.10174958671120056,San_Salvario,1.02,1.05,4,9,0.09573488817606109,"[{'sender': 58, 'receiver': 56, 'amount': 0.5170681476593018, 'price_per_kWh': 0.08664193931696881, 'type': 'P2P', 'hour': 12}]"
12,71,4.25,2.4347324,0.475704832891888,10,8.415340423583984,0.0,-0.2218208148135578,0.0,San_Salvario,1.0,1.05,0,7,0.09573488817606109,[]
12,75,0.75,0.41173655,0.33434246170764603,0,0.0,0.0,-0.2564253110492111,0.07919144753201426,San_Salvario,1.02,1.05,2,8,0.09573488817606109,"[{'sender': 75, 'receiver': 'Aggregator', 'amount': 0.07739409804344177, 'price_per_kWh': 0.09094814376725803, 'type': 'GRID_sell', 'hour': 12}]"
12,95,1.75,0.98495096,0.7859875852763791,0,0.0,0.0,-0.5279845321643316,0.08506017162550573,San_Salvario,1.02,1.05,2,9,0.09573488817606109,"[{'sender': 95, 'receiver': 'Aggregator', 'amount': 0.19896340370178223, 'price_per_kWh': 0.09094814376725803, 'type': 'GRID_sell', 'hour': 12}]"
12,96,1.25,0.69749635,0.4294594567912361,15,1.058797836303711,0.0,-0.32352156816639666,0.0,San_Salvario,1.0,1.05,0,9,0.09573488817606109,[]
12,4,0.0,0.12343462,0.8873440141966179,15,0.0,0.0,-1.0215365851199474,0.09236071665154304,San_Donato,1.02,1.05,4,9,0.09573488817606109,"[{'sender': 53, 'receiver': 4, 'amount': 0.7331040501594543, 'price_per_kWh': 0.0832866411832745, 'type': 'P2P', 'hour': 12}, {'sender': 72, 'receiver': 4, 'amount': 0.030805349349975586, 'price_per_kWh': 0.08371517355969876, 'type': 'P2P', 'hour': 12}]"
12,14,2.5,1.4598291,0.8979503255412383,0,0.0,0.0,-0.46492524084295717,0.08122979566373593,San_Donato,1.02,1.05,1,9,0.09573488817606109,"[{'sender': 14, 'receiver': 'Aggregator', 'amount': 0.5618787407875061, 'price_per_kWh': 0.09094814376725803, 'type': 'GRID_sell', 'hour': 12}]"
12,17,1.25,0.7045749,0.6998201256438398,10,0.19944548606872559,0.0,-0.492750654744593,0.0,San_Donato,1.02,1.05,2,8,0.09573488817606109,[]
12,18,1.25,0.6945253,0.9448106722899394,15,0.0,0.0,-0.8713352907368849,0.0962989199141203,San_Donato,1.02,1.05,4,9,0.09573488817606109,"[{'sender': 78, 'receiver': 18, 'amount': 0.25028538703918457, 'price_per_kWh': 0.08491952707816268, 'type': 'P2P', 'hour': 12}]"
12,22,2.0,1.1595156,0.888266902148108,10,0.9483957290649414,0.0,-0.7003055260916988,0.0,San_Donato,1.0,1.05,0,9,0.09573488817606109,[]
12,29,2.0,1.1608522,0.3781346318206562,10,3.189448356628418,0.0,-0.2131311292352382,0.0,San_Donato,1.0,1.05,0,8,0.09573488817606109,[]
12,30,2.5,1.4463956,0.6399843731271981,10,2.941244125366211,0.0,-0.4023999763524487,0.0,San_Donato,1.0,1.05,0,9,0.09573488817606109,[]
12,39,3.25,1.8927289,1.0944103293819885,15,3.0010251998901367,0.0,-0.7166304429568373,0.0,San_Donato,1.0,1.05,0,9,0.09573488817606109,[]
12,45,4.5,2.6439857,0.9486151160862653,15,6.974566459655762,0.0,-0.4515723717884573,0.0,San_Donato,1.0,1.05,0,8,0.09573488817606109,[]
12,53,4.25,2.463086,0.9303194765345402,0,0.0,0.0,0.0007153560496933609,0.07421256571500597,San_Donato,1.02,1.05,4,8,0.09573488817606109,"[{'sender': 53, 'receiver': 79, 'amount': 0.3681115508079529, 'price_per_kWh': 0.0835669755367634, 'type': 'P2P', 'hour': 12}, {'sender': 53, 'receiver': 15, 'amount': 0.43155068159103394, 'price_per_kWh': 0.08334765505432618, 'type': 'P2P', 'hour': 12}, {'sender': 53, 'receiver': 4, 'amount': 0.7331040501594543, 'price_per_kWh': 0.0832866411832745, 'type': 'P2P', 'hour': 12}]"
12,54,0.75,0.4066168,0.751474588941851,10,0.0,0.0,-0.8092128671967048,0.10398856768389576,San_Donato,1.02,1.05,4,9,0.09573488817606109,"[{'sender': 32, 'receiver': 54, 'amount': 0.34485775232315063, 'price_per_kWh': 0.08744162441179679, 'type': 'P2P', 'hour': 12}]"
12,57,2.25,1.306898,0.6039369146731547,10,2.5357742309570312,0.0,-0.4202226955296639,0.0,San_Donato,1.02,1.05,1,8,0.09573488817606109,[]
12,58,3.0,1.7510574,0.9651756481067506,0,0.0,0.0,-0.3853452245987873,0.07153429192273705,San_Donato,1.02,1.05,3,9,0.09573488817606109,"[{'sender': 58, 'receiver': 47, 'amount': 0.15287628769874573, 'price_per_kWh': 0.08756293805462839, 'type': 'P2P', 'hour': 12}, {'sender': 58, 'receiver': 56, 'amount': 0.5170681476593018, 'price_per_kWh': 0.08664193931696881, 'type': 'P2P', 'hour': 12}, {'sender': 58, 'receiver': 82, 'amount': 0.11593735218048096, 'price_per_kWh': 0.08659868399739101, 'type': 'P2P', 'hour': 12}]"
12,63,0.75,0.40716863,1.1434257921477964,10,0.0,0.0,-1.1462215768907422,0.09542609457942818,San_Donato,1.02,1.05,4,9,0.09573488817606109,"[{'sender': 78, 'receiver': 63, 'amount': 0.7362571954727173, 'price_per_kWh': 0.08448311441081661, 'type': 'P2P', 'hour': 12}]"
12,66,1.5,0.83726245,0.5122343877846421,0,0.0,0.0,-0.19402023664727105,0.07859676067245178,San_Donato,1.02,1.05,2,9,0.09573488817606109,"[{'sender': 66, 'receiver': 'Aggregator', 'amount': 0.32502806186676025, 'price_per_kWh': 0.09094814376725803, 'type': 'GRID_sell', 'hour': 12}]"
12,72,2.5,1.4463956,0.4263852232700263,0,0.0,0.0,0.18317190215666007,0.07506963046785448,San_Donato,1.02,1.05,3,8,0.09573488817606109,"[{'sender': 72, 'receiver': 4, 'amount': 0.030805349349975586, 'price_per_kWh': 0.08371517355969876, 'type': 'P2P', 'hour': 12}, {'sender': 72, 'receiver': 59, 'amount': 0.3257042169570923, 'price_per_kWh': 0.08345743758344784, 'type': 'P2P', 'hour': 12}, {'sender': 72, 'receiver': 12, 'amount': 0.416154146194458, 'price_per_kWh': 0.0828672825288473, 'type': 'P2P', 'hour': 12}, {'sender': 72, 'receiver': 3, 'amount': 0.24734675884246826, 'price_per_kWh': 0.0819992581365062, 'type': 'P2P', 'hour': 12}]"
12,77,4.0,2.3191597,0.4385768983542191,0,0.0,0.0,0.5943272630539966,0.07776580396280107,San_Donato,1.02,1.05,3,7,0.09573488817606109,"[{'sender': 77, 'receiver': 'Aggregator', 'amount': 1.8805828094482422, 'price_per_kWh': 0.09094814376725803, 'type': 'GRID_sell', 'hour': 12}]"
12,80,2.25,1.2935554,0.4678314000444739,0,0.0,0.0,0.07580329649627947,0.08288055239419607,San_Donato,1.02,1.05,2,8,0.09573488817606109,"[{'sender': 80, 'receiver': 'Aggregator', 'amount': 0.8257240056991577, 'price_per_kWh': 0.09094814376725803, 'type': 'GRID_sell', 'hour': 12}]"
12,81,0.5,0.26519567,0.9893124999832353,0,0.0,0.0,-1.0908573334505425,0.10423942096346231,San_Donato,1.02,1.05,4,9,0.09573488817606109,"[{'sender': 6, 'receiver': 81, 'amount': 0.3909314274787903, 'price_per_kWh': 0.08605529159700084, 'type': 'P2P', 'hour': 12}, {'sender': 41, 'receiver': 81, 'amount': 0.016890138387680054, 'price_per_kWh': 0.0863089556622252, 'type': 'P2P', 'hour': 12}, {'sender': 32, 'receiver': 81, 'amount': 0.3162952959537506, 'price_per_kWh': 0.08756705105158005, 'type': 'P2P', 'hour': 12}]"
12,99,1.25,0.6944927,0.9789770556224887,0,0.0,0.0,-0.8366151306448626,0.086601369544804,San_Donato,1.02,1.05,4,9,0.09573488817606109,"[{'sender': 83, 'receiver': 99, 'amount': 0.2844843864440918, 'price_per_kWh': 0.08124768606927465, 'type': 'P2P', 'hour': 12}]"
12,2,0.5,0.26697618,0.39637414655383957,0,0.0,0.0,-0.35099511432392366,0.08739329643473161,Centro,1.02,1.05,4,9,0.09573488817606109,"[{'sender': 83, 'receiver': 2, 'amount': 0.12939795851707458, 'price_per_kWh': 0.08164364951423844, 'type': 'P2P', 'hour': 12}]"
12,6,4.5,2.6133533,0.9406550235516409,0,0.0,0.0,0.1385159924069165,0.06787116223053938,Centro,1.02,1.05,3,8,0.09573488817606109,"[{'sender': 6, 'receiver': 21, 'amount': 0.974313497543335, 'price_per_kWh': 0.08634685021450608, 'type': 'P2P', 'hour': 12}, {'sender': 6, 'receiver': 91, 'amount': 0.30745333433151245, 'price_per_kWh': 0.08611575957925571, 'type': 'P2P', 'hour': 12}, {'sender': 6, 'receiver': 81, 'amount': 0.3909314274787903, 'price_per_kWh': 0.08605529159700084, 'type': 'P2P', 'hour': 12}]"
12,10,1.5,0.8405831,0.4270907744546006,15,1.8058655261993408,0.0,-0.26481477954093885,0.0,Centro,1.0,1.05,0,9,0.09573488817606109,[]
12,15,1.0,0.54488784,0.976438536773576,15,0.0,0.0,-1.0541509963574114,0.09248274439364637,Centro,1.02,1.05,4,9,0.09573488817606109,"[{'sender': 53, 'receiver': 15, 'amount': 0.43155068159103394, 'price_per_kWh': 0.08334765505432618, 'type': 'P2P', 'hour': 12}]"
12,23,2.75,1.5864097,0.7342924254303399,15,3.164527177810669,0.0,-0.49386515556446864,0.0,Centro,1.0,1.05,0,9,0.09573488817606109,[]
12,25,3.25,1.8685414,0.8195435876676891,10,4.0956130027771,0.0,-0.45371236974421175,0.0,Centro,1.0,1.05,0,9,0.09573488817606109,[]
12,37,4.5,2.6123366,0.9150268942257325,10,6.7071733474731445,0.0,-0.44365498931748776,0.0,Centro,1.0,1.05,0,8,0.09573488817606109,[]
12,60,4.25,2.4331334,0.38903053442764035,15,9.153565406799316,0.0,-0.1513910538467433,0.0,Centro,1.0,1.05,0,7,0.09573488817606109,[]
12,62,2.25,1.2935214,0.8109837104514316,15,2.039337158203125,0.0,-0.5409843175841305,0.0,Centro,1.0,1.05,0,9,0.09573488817606109,[]
12,73,2.25,1.2919549,0.670736423057453,10,2.065702199935913,0.0,-0.5179867597130189,0.0,Centro,1.0,1.05,0,9,0.09573488817606109,[]
12,85,2.0,1.1496025,0.4421837716984071,15,2.557652473449707,0.0,-0.2912173328705084,0.0,Centro,1.02,1.05,1,8,0.09573488817606109,[]
12,87,3.5,2.0186937,1.0003838609224296,0,0.0,0.0,-0.1772511941391161,0.07838814817846897,Centro,1.02,1.05,1,9,0.09573488817606109,"[{'sender': 87, 'receiver': 'Aggregator', 'amount': 1.0183098316192627, 'price_per_kWh': 0.09094814376725803, 'type': 'GRID_sell', 'hour': 12}]"
12,88,2.5,1.4468747,0.9002183738295946,10,2.0310440063476562,0.0,-0.6344756147712315,0.0,Centro,1.0,1.05,0,9,0.09573488817606109,[]
12,89,4.75,2.7758133,0.9824445759923337,0,0.0,0.0,0.12893534280552388,0.08080619073833314,Centro,1.02,1.05,3,8,0.09573488817606109,"[{'sender': 89, 'receiver': 'Aggregator', 'amount': 1.7933688163757324, 'price_per_kWh': 0.09094814376725803, 'type': 'GRID_sell', 'hour': 12}]"
12,97,3.0,1.7309396,0.9356439474968499,15,2.9076178073883057,0.0,-0.6201301580231897,0.0,Centro,1.0,1.05,0,9,0.09573488817606109,[]
12,7,4.25,2.4341166,0.5139376766739053,0,0.0,0.0,0.5549783689497974,0.08239928730272209,Lingotto,1.02,1.05,4,7,0.09573488817606109,"[{'sender': 7, 'receiver': 'Aggregator', 'amount': 1.9201788902282715, 'price_per_kWh': 0.09094814376725803, 'type': 'GRID_sell', 'hour': 12}]"
12,8,3.25,1.8941776,0.49632041329168175,15,5.622644901275635,0.0,-0.24664595482913004,0.0,Lingotto,1.0,1.05,0,8,0.09573488817606109,[]
12,16,0.0,0.121653855,0.9068058824721729,0,0.0,0.0,-1.146087034449999,0.1014292453125682,Lingotto,1.02,1.05,4,9,0.09573488817606109,"[{'sender': 48, 'receiver': 16, 'amount': 0.785152018070221, 'price_per_kWh': 0.08651696004117844, 'type': 'P2P', 'hour': 12}]"
12,19,4.25,2.4597108,0.6631542899539544,10,7.745310306549072,0.0,-0.2734252169217978,0.0,Lingotto,1.0,1.05,0,8,0.09573488817606109,[]
12,20,0.5,0.2701632,0.43253777211926053,0,0.0,0.0,-0.38971647056770237,0.09648757992645154,Lingotto,1.02,1.05,4,9,0.09573488817606109,"[{'sender': 78, 'receiver': 20, 'amount': 0.1623745560646057, 'price_per_kWh': 0.08501385708432829, 'type': 'P2P', 'hour': 12}]"
12,27,4.25,2.4301324,0.7037807247561589,0,0.0,0.0,0.3750426394622727,0.07646896299203142,Lingotto,1.02,1.05,3,8,0.09573488817606109,"[{'sender': 27, 'receiver': 'Aggregator', 'amount': 1.7263517379760742, 'price_per_kWh': 0.09094814376725803, 'type': 'GRID_sell', 'hour': 12}]"
12,32,2.25,1.310613,0.5129530555772512,0,0.0,0.0,-0.07613899797339561,0.07089468113969781,Lingotto,1.02,1.05,2,8,0.09573488817606109,"[{'sender': 32, 'receiver': 81, 'amount': 0.3162952959537506, 'price_per_kWh': 0.08756705105158005, 'type': 'P2P', 'hour': 12}, {'sender': 32, 'receiver': 54, 'amount': 0.34485775232315063, 'price_per_kWh': 0.08744162441179679, 'type': 'P2P', 'hour': 12}, {'sender': 32, 'receiver': 47, 'amount': 0.13650694489479065, 'price_per_kWh': 0.08724313266310876, 'type': 'P2P', 'hour': 12}]"
12,41,0.75,0.41190663,0.3950164785375531,0,0.0,0.0,-0.28280844313489933,0.06837849036098809,Lingotto,1.02,1.05,2,9,0.09573488817606109,"[{'sender': 41, 'receiver': 81, 'amount': 0.016890138387680054, 'price_per_kWh': 0.0863089556622252, 'type': 'P2P', 'hour': 12}]"
12,42,4.0,2.3237875,1.061624658004166,15,4.935584545135498,0.0,-0.5940886687424194,0.0,Lingotto,1.02,1.05,1,9,0.09573488817606109,[]
12,48,4.5,2.6383367,0.5663717969245334,0,0.0,0.0,0.5867519757263243,0.07160467476978868,Lingotto,1.02,1.05,4,7,0.09573488817606109,"[{'sender': 48, 'receiver': 82, 'amount': 0.6146745085716248, 'price_per_kWh': 0.08663387542091683, 'type': 'P2P', 'hour': 12}, {'sender': 48, 'receiver': 16, 'amount': 0.785152018070221, 'price_per_kWh': 0.08651696004117844, 'type': 'P2P', 'hour': 12}, {'sender': 48, 'receiver': 51, 'amount': 0.6721381545066833, 'price_per_kWh': 0.08557124433281914, 'type': 'P2P', 'hour': 12}]"
12,49,0.5,0.2705516,0.5899183252614589,10,0.0,0.0,-0.5712626091151783,0.09852285362335943,Lingotto,1.05,1.05,5,8,0.09573488817606109,"[{'sender': 9, 'receiver': 49, 'amount': 0.0850713849067688, 'price_per_kWh': 0.08522871130930434, 'type': 'P2P', 'hour': 12}, {'sender': 78, 'receiver': 49, 'amount': 0.2342953383922577, 'price_per_kWh': 0.08603149393278224, 'type': 'P2P', 'hour': 12}]"
12,51,0.25,0.121653855,1.0532382242181764,0,0.0,0.0,-1.1120323371394838,0.09953781389584959,Lingotto,1.05,1.05,5,8,0.09573488817606109,"[{'sender': 48, 'receiver': 51, 'amount': 0.6721381545066833, 'price_per_kWh': 0.08557124433281914, 'type': 'P2P', 'hour': 12}, {'sender': 9, 'receiver': 51, 'amount': 0.25944626331329346, 'price_per_kWh': 0.08573619144554943, 'type': 'P2P', 'hour': 12}]"
12,64,0.5,0.26928815,1.0449593462147668,10,0.0,0.0,-1.1175898899957717,0.08877644468016176,Lingotto,1.02,1.05,4,9,0.09573488817606109,"[{'sender': 83, 'receiver': 64, 'amount': 0.775671124458313, 'price_per_kWh': 0.08233522363695353, 'type': 'P2P', 'hour': 12}]"
12,70,2.0,1.165225,0.7853870397509077,10,1.2152290344238281,0.0,-0.6315207690496377,0.0,Lingotto,1.0,1.05,0,9,0.09573488817606109,[]
12,76,3.5,2.022261,1.0348021492026749,15,3.925044059753418,0.0,-0.573398510298082,0.0,Lingotto,1.02,1.05,1,8,0.09573488817606109,[]
12,82,0.25,0.12686433,0.8574761779120736,0,0.0,0.0,-1.0919310772088398,0.10166307607204499,Lingotto,1.02,1.05,4,9,0.09573488817606109,"[{'sender': 58, 'receiver': 82, 'amount': 0.11593735218048096, 'price_per_kWh': 0.08659868399739101, 'type': 'P2P', 'hour': 12}, {'sender': 48, 'receiver': 82, 'amount': 0.6146745085716248, 'price_per_kWh': 0.08663387542091683, 'type': 'P2P', 'hour': 12}]"
12,83,4.5,2.6134844,0.45492445556659006,0,0.0,0.0,0.6847207215528177,0.07589400259374529,Lingotto,1.05,1.05,5,7,0.09573488817606109,"[{'sender': 83, 'receiver': 3, 'amount': 0.2969714403152466, 'price_per_kWh': 0.08241144419945161, 'type': 'P2P', 'hour': 12}, {'sender': 83, 'receiver': 69, 'amount': 0.09940281510353088, 'price_per_kWh': 0.08235286932216379, 'type': 'P2P', 'hour': 12}, {'sender': 83, 'receiver': 64, 'amount': 0.775671124458313, 'price_per_kWh': 0.08233522363695353, 'type': 'P2P', 'hour': 12}, {'sender': 83, 'receiver': 2, 'amount': 0.12939795851707458, 'price_per_kWh': 0.08164364951423844, 'type': 'P2P', 'hour': 12}, {'sender': 83, 'receiver': 99, 'amount': 0.2844843864440918, 'price_per_kWh': 0.08124768606927465, 'type': 'P2P', 'hour': 12}, {'sender': 83, 'receiver': 'Aggregator', 'amount': 0.5726320743560791, 'price_per_kWh': 0.09094814376725803, 'type': 'GRID_sell', 'hour': 12}]"
12,84,1.25,0.69639397,0.6043835084993066,15,0.3192213773727417,0.0,-0.4868127268917021,0.0,Lingotto,1.0,1.05,0,9,0.09573488817606109,[]
12,86,3.25,1.8941776,0.9808017135080647,15,3.536569118499756,0.0,-0.6027782678901579,0.0,Lingotto,1.0,1.05,0,9,0.09573488817606109,[]
12,90,1.75,0.98507977,0.7003133065071433,10,0.9569156765937805,0.0,-0.5288057469262074,0.0,Lingotto,1.0,1.05,0,9,0.09573488817606109,[]
12,91,1.0,0.5577454,0.8651987445403243,10,0.0,0.0,-0.839804904651238,0.10436035692797206,Lingotto,1.02,1.05,4,9,0.09573488817606109,"[{'sender': 6, 'receiver': 91, 'amount': 0.30745333433151245, 'price_per_kWh': 0.08611575957925571, 'type': 'P2P', 'hour': 12}]"
12,94,1.25,0.69765735,0.6233369690617913,15,0.12843537330627441,0.0,-0.5291807805345201,0.0,Lingotto,1.02,1.05,1,9,0.09573488817606109,[]
13,0,4.0,2.1866643,0.9681471127787413,0,0.0,0.0,0.07063076606857588,0.08206892528903446,Barriera_di_Milano,1.02,1.05,1,9,0.09682848175857749,"[{'sender': 0, 'receiver': 'Aggregator', 'amount': 1.2185173034667969, 'price_per_kWh': 0.0919870576706486, 'type': 'GRID_sell', 'hour': 13}]"
13,1,3.75,1.9983459,0.509642930302548,10,8.519754409790039,0.0,-0.24035163577699478,0.0,Barriera_di_Milano,1.0,1.05,0,8,0.09682848175857749,[]
13,26,4.0,2.1809385,0.9647131012865657,10,6.3711652755737305,0.0,-0.5843724336784757,0.0,Barriera_di_Milano,1.0,1.05,0,9,0.09682848175857749,[]
13,31,3.75,2.0423386,1.0721649275508975,10,5.346462726593018,0.0,-0.6258449224738859,0.0,Barriera_di_Milano,1.0,1.05,0,9,0.09682848175857749,[]
13,34,3.75,2.0416563,0.5128784517424565,15,8.919816017150879,0.0,-0.20969532190244689,0.0,Barriera_di_Milano,1.0,1.05,0,8,0.09682848175857749,[]
13,35,4.5,2.4525378,0.7535045035865647,15,9.025074005126953,0.0,-0.40845822047171454,0.0,Barriera_di_Milano,1.0,1.05,0,8,0.09682848175857749,[]
13,38,3.75,2.041916,0.37809852641800024,15,9.618365287780762,0.0,-0.1600143910567829,0.0,Barriera_di_Milano,1.0,1.05,0,7,0.09682848175857749,[]
13,46,3.75,2.041926,0.83508551064946,0,0.0,0.0,0.07124046539188703,0.07315768296474187,Barriera_di_Milano,1.02,1.05,2,8,0.09682848175857749,"[{'sender': 46, 'receiver': 82, 'amount': 0.0009369254112243652, 'price_per_kWh': 0.08850720614530012, 'type': 'P2P', 'hour': 13}, {'sender': 46, 'receiver': 2, 'amount': 0.08295267820358276, 'price_per_kWh': 0.08846103734953406, 'type': 'P2P', 'hour': 13}, {'sender': 46, 'receiver': 18, 'amount': 0.341184139251709, 'price_per_kWh': 0.08839620869779866, 'type': 'P2P', 'hour': 13}, {'sender': 46, 'receiver': 93, 'amount': 0.014327585697174072, 'price_per_kWh': 0.08787094393219008, 'type': 'P2P', 'hour': 13}, {'sender': 46, 'receiver': 56, 'amount': 0.44499215483665466, 'price_per_kWh': 0.0872984935175456, 'type': 'P2P', 'hour': 13}, {'sender': 46, 'receiver': 16, 'amount': 0.32244691252708435, 'price_per_kWh': 0.08719083932993567, 'type': 'P2P', 'hour': 13}]"
13,47,1.25,0.6650766,0.9016630148244233,10,0.0,0.0,-0.9184676841759005,0.0988025047586869,Barriera_di_Milano,1.05,1.05,5,9,0.09682848175857749,"[{'sender': 13, 'receiver': 47, 'amount': 0.23658639192581177, 'price_per_kWh': 0.08713335189034989, 'type': 'P2P', 'hour': 13}]"
13,55,2.25,1.2258887,0.42127669398368556,10,4.316415309906006,0.0,-0.23440078621511332,0.0,Barriera_di_Milano,1.0,1.05,0,8,0.09682848175857749,[]
13,59,0.75,0.40326497,0.8303683637752131,0,0.0,0.0,-0.8617530055078223,0.08960933386478205,Barriera_di_Milano,1.05,1.05,6,9,0.09682848175857749,"[{'sender': 89, 'receiver': 59, 'amount': 0.4271033704280853, 'price_per_kWh': 0.08457915248348553, 'type': 'P2P', 'hour': 13}]"
13,61,2.5,1.3611842,0.6371343960922368,0,0.0,0.0,0.06731431204372057,0.06862335803963314,Barriera_di_Milano,1.02,1.05,3,8,0.09682848175857749,"[{'sender': 61, 'receiver': 20, 'amount': 0.10897895693778992, 'price_per_kWh': 0.0870356938092206, 'type': 'P2P', 'hour': 13}, {'sender': 61, 'receiver': 15, 'amount': 0.590843141078949, 'price_per_kWh': 0.0867289506993135, 'type': 'P2P', 'hour': 13}, {'sender': 61, 'receiver': 63, 'amount': 0.024227797985076904, 'price_per_kWh': 0.08625609518622307, 'type': 'P2P', 'hour': 13}]"
13,65,3.25,1.7536478,0.45389816956514883,0,0.0,0.0,0.46456132129604266,0.08588253120959052,Barriera_di_Milano,1.02,1.05,2,8,0.09682848175857749,"[{'sender': 65, 'receiver': 'Aggregator', 'amount': 1.2997496128082275, 'price_per_kWh': 0.0919870576706486, 'type': 'GRID_sell', 'hour': 13}]"
13,67,0.25,0.13452989,0.9465698537991846,0,0.0,0.0,-1.2138412790426978,0.09518468138311721,Barriera_di_Milano,1.05,1.05,5,9,0.09682848175857749,"[{'sender': 74, 'receiver': 67, 'amount': 0.14266037940979004, 'price_per_kWh': 0.08576076407372235, 'type': 'P2P', 'hour': 13}, {'sender': 66, 'receiver': 67, 'amount': 0.2651967406272888, 'price_per_kWh': 0.08589219999352839, 'type': 'P2P', 'hour': 13}, {'sender': 72, 'receiver': 67, 'amount': 0.4041828513145447, 'price_per_kWh': 0.08633745911064421, 'type': 'P2P', 'hour': 13}]"
13,68,2.75,1.4998785,0.4143615364064304,10,6.10185432434082,0.0,-0.1938043890013882,0.0,Barriera_di_Milano,1.0,1.05,0,8,0.09682848175857749,[]
13,69,0.5,0.2626269,0.3918270652701974,0,0.0,0.0,-0.35608643009375923,0.088940214288467,Barriera_di_Milano,1.05,1.05,5,9,0.09682848175857749,"[{'sender': 89, 'receiver': 69, 'amount': 0.12920019030570984, 'price_per_kWh': 0.08424459269532801, 'type': 'P2P', 'hour': 13}]"
13,74,2.0,1.0720928,0.9129950886485313,0,0.0,0.0,-0.607692354598245,0.07633684676432748,Barriera_di_Milano,1.02,1.05,2,8,0.09682848175857749,"[{'sender': 74, 'receiver': 91, 'amount': 0.016437292098999023, 'price_per_kWh': 0.08624675074599995, 'type': 'P2P', 'hour': 13}, {'sender': 74, 'receiver': 67, 'amount': 0.14266037940979004, 'price_per_kWh': 0.08576076407372235, 'type': 'P2P', 'hour': 13}]"
13,78,4.75,2.6030247,0.5082171869285228,0,0.0,0.0,0.9059926090310841,0.08022949306904992,Barriera_di_Milano,1.02,1.05,3,7,0.09682848175857749,"[{'sender': 78, 'receiver': 'Aggregator', 'amount': 2.0948076248168945, 'price_per_kWh': 0.0919870576706486, 'type': 'GRID_sell', 'hour': 13}]"
13,79,0.0,0.13479951,0.494937859965759,0,0.0,0.0,-0.5675674297287792,0.09642206027431392,Barriera_di_Milano,1.05,1.05,6,8,0.09682848175857749,"[{'sender': 13, 'receiver': 79, 'amount': 0.3601383566856384, 'price_per_kWh': 0.08594312964816339, 'type': 'P2P', 'hour': 13}]"
13,92,2.25,1.2267755,0.9701047408799515,10,1.8220646381378174,0.0,-0.639637824593129,0.0,Barriera_di_Milano,1.0,1.05,0,9,0.09682848175857749,[]
13,93,0.75,0.4027228,0.46774524990501054,10,0.0,0.0,-0.3684097404634077,0.1025842048996383,Barriera_di_Milano,1.02,1.05,2,9,0.09682848175857749,"[{'sender': 46, 'receiver': 93, 'amount': 0.014327585697174072, 'price_per_kWh': 0.08787094393219008, 'type': 'P2P', 'hour': 13}]"
13,98,3.25,1.7535021,0.6348920763658645,15,6.018986225128174,0.0,-0.3326046042559817,0.0,Barriera_di_Milano,1.0,1.05,0,8,0.09682848175857749,[]
13,3,0.25,0.13750471,0.6026139796958441,0,0.0,0.0,-0.8005093084936864,0.09329385093933301,San_Salvario,1.05,1.05,5,9,0.09682848175857749,"[{'sender': 7, 'receiver': 3, 'amount': 0.2909103333950043, 'price_per_kWh': 0.08582190539553211, 'type': 'P2P', 'hour': 13}, {'sender': 80, 'receiver': 3, 'amount': 0.1741989552974701, 'price_per_kWh': 0.08611953155599979, 'type': 'P2P', 'hour': 13}]"
13,5,2.75,1.4661222,0.5361892547725909,15,5.282186031341553,0.0,-0.2599181618212527,0.0,San_Salvario,1.0,1.05,0,8,0.09682848175857749,[]
13,9,1.75,0.9130354,0.6486407774095034,0,0.0,0.0,-0.23882771825415391,0.07350249083610205,San_Salvario,1.05,1.05,5,8,0.09682848175857749,"[{'sender': 9, 'receiver': 16, 'amount': 0.19119957089424133, 'price_per_kWh': 0.08736324326561576, 'type': 'P2P', 'hour': 13}, {'sender': 9, 'receiver': 4, 'amount': 0.07319507002830505, 'price_per_kWh': 0.08732877686883958, 'type': 'P2P', 'hour': 13}]"
13,11,2.25,1.2185085,0.5834992746931308,10,3.168710470199585,0.0,-0.3961634595548117,0.0,San_Salvario,1.0,1.05,0,9,0.09682848175857749,[]
13,12,0.75,0.40792584,0.8741673653447282,10,0.0,0.0,-0.9304012579160809,0.09407066998155057,San_Salvario,1.05,1.05,6,8,0.09682848175857749,"[{'sender': 58, 'receiver': 12, 'amount': 0.058531880378723145, 'price_per_kWh': 0.08603460193992944, 'type': 'P2P', 'hour': 13}, {'sender': 7, 'receiver': 12, 'amount': 0.40770965814590454, 'price_per_kWh': 0.08621031491664088, 'type': 'P2P', 'hour': 13}]"
13,13,4.5,2.4046469,0.40149890284272477,0,0.0,0.0,0.9318825465132475,0.07546419902201287,San_Salvario,1.05,1.05,5,7,0.09682848175857749,"[{'sender': 13, 'receiver': 4, 'amount': 0.550553947687149, 'price_per_kWh': 0.08830963096179498, 'type': 'P2P', 'hour': 13}, {'sender': 13, 'receiver': 47, 'amount': 0.23658639192581177, 'price_per_kWh': 0.08713335189034989, 'type': 'P2P', 'hour': 13}, {'sender': 13, 'receiver': 64, 'amount': 0.6422041058540344, 'price_per_kWh': 0.08614535544823569, 'type': 'P2P', 'hour': 13}, {'sender': 13, 'receiver': 79, 'amount': 0.3601383566856384, 'price_per_kWh': 0.08594312964816339, 'type': 'P2P', 'hour': 13}, {'sender': 13, 'receiver': 91, 'amount': 0.21366527676582336, 'price_per_kWh': 0.08581042687484265, 'type': 'P2P', 'hour': 13}]"
13,21,0.0,0.13898209,0.9404568483003813,15,0.0,0.0,-1.3451677192145512,0.0925407505835133,San_Salvario,1.05,1.05,5,9,0.09682848175857749,"[{'sender': 80, 'receiver': 21, 'amount': 0.3418460190296173, 'price_per_kWh': 0.08574298137808993, 'type': 'P2P', 'hour': 13}, {'sender': 89, 'receiver': 21, 'amount': 0.45962879061698914, 'price_per_kWh': 0.08604486084285115, 'type': 'P2P', 'hour': 13}]"
13,24,2.25,1.2133085,0.9351843200777099,15,1.7258508205413818,0.0,-0.6238505380596778,0.0,San_Salvario,1.0,1.05,0,9,0.09682848175857749,[]
13,28,3.25,1.7133528,0.618599252707034,10,6.36857795715332,0.0,-0.28204273923126677,0.0,San_Salvario,1.0,1.05,0,8,0.09682848175857749,[]
13,33,0.5,0.26901472,0.48550544027349785,15,0.0,0.0,-0.5353187021719863,0.08968833094275197,San_Salvario,1.05,1.05,6,8,0.09682848175857749,"[{'sender': 89, 'receiver': 33, 'amount': 0.2164907157421112, 'price_per_kWh': 0.08461865102247049, 'type': 'P2P', 'hour': 13}]"
13,36,1.75,0.9136783,0.8020581408408228,10,0.6717422008514404,0.0,-0.5968561152395252,0.0,San_Salvario,1.0,1.05,0,9,0.09682848175857749,[]
13,40,2.75,1.4674741,0.6570731889443951,15,4.2549896240234375,0.0,-0.40331532229766515,0.0,San_Salvario,1.0,1.05,0,9,0.09682848175857749,[]
13,43,2.25,1.2059805,0.36382037503923303,15,4.509843826293945,0.0,-0.21736562862698,0.0,San_Salvario,1.0,1.05,0,8,0.09682848175857749,[]
13,44,3.25,1.724649,0.9942844716550687,10,4.087116241455078,0.0,-0.6178825096768983,0.0,San_Salvario,1.0,1.05,0,9,0.09682848175857749,[]
13,50,1.25,0.6480398,0.47695759135632126,10,1.2550842761993408,0.0,-0.3280592935433445,0.0,San_Salvario,1.0,1.05,0,9,0.09682848175857749,[]
13,52,2.75,1.469956,0.46448489439167284,10,5.535552978515625,0.0,-0.2448974782789832,0.0,San_Salvario,1.0,1.05,0,8,0.09682848175857749,[]
13,56,0.5,0.26510552,0.7100976524557711,15,0.0,0.0,-0.951638024486127,0.10143930407034932,San_Salvario,1.05,1.05,5,9,0.09682848175857749,"[{'sender': 46, 'receiver': 56, 'amount': 0.44499215483665466, 'price_per_kWh': 0.0872984935175456, 'type': 'P2P', 'hour': 13}]"
13,71,4.25,2.271288,0.4467022334797405,10,10.0,0.0,-0.20111990140965955,0.07219356173769159,San_Salvario,1.02,1.05,1,7,0.09682848175857749,"[{'sender': 71, 'receiver': 63, 'amount': 0.23992609977722168, 'price_per_kWh': 0.08804119703525229, 'type': 'P2P', 'hour': 13}]"
13,75,0.75,0.40761223,0.3680120449082407,0,0.0,0.0,-0.25278260576591005,0.0799258196373128,San_Salvario,1.02,1.05,2,8,0.09682848175857749,"[{'sender': 75, 'receiver': 'Aggregator', 'amount': 0.0396001935005188, 'price_per_kWh': 0.0919870576706486, 'type': 'GRID_sell', 'hour': 13}]"
13,95,1.75,0.9121894,0.7297856584069172,0,0.0,0.0,-0.5120599806596445,0.07345360235078505,San_Salvario,1.02,1.05,3,9,0.09682848175857749,"[{'sender': 95, 'receiver': 16, 'amount': 0.18240374326705933, 'price_per_kWh': 0.08733879902295726, 'type': 'P2P', 'hour': 13}]"
13,96,1.25,0.6498543,0.45073882338106736,15,1.25791335105896,0.0,-0.32352156816639666,0.0,San_Salvario,1.0,1.05,0,9,0.09682848175857749,[]
13,4,0.0,0.1409908,0.7647398242569236,15,0.0,0.0,-1.0765478370031598,0.1011550629015771,San_Donato,1.05,1.05,5,9,0.09682848175857749,"[{'sender': 9, 'receiver': 4, 'amount': 0.07319507002830505, 'price_per_kWh': 0.08732877686883958, 'type': 'P2P', 'hour': 13}, {'sender': 13, 'receiver': 4, 'amount': 0.550553947687149, 'price_per_kWh': 0.08830963096179498, 'type': 'P2P', 'hour': 13}]"
13,14,2.5,1.3378475,0.911935373406961,0,0.0,0.0,-0.42574684157543374,0.08260914824667592,San_Donato,1.02,1.05,1,9,0.09682848175857749,"[{'sender': 14, 'receiver': 'Aggregator', 'amount': 0.425912082195282, 'price_per_kWh': 0.0919870576706486, 'type': 'GRID_sell', 'hour': 13}]"
13,17,1.25,0.65257007,0.66513097085677,10,0.1868845820426941,0.0,-0.492750654744593,0.0,San_Donato,1.02,1.05,2,8,0.09682848175857749,[]
13,18,1.25,0.64731693,0.9885010740114138,15,0.0,0.0,-0.9014946751145577,0.10363473443085545,San_Donato,1.05,1.05,5,9,0.09682848175857749,"[{'sender': 46, 'receiver': 18, 'amount': 0.341184139251709, 'price_per_kWh': 0.08839620869779866, 'type': 'P2P', 'hour': 13}]"
13,22,2.0,1.0548255,0.9234801563141478,10,1.07974112033844,0.0,-0.7003055260916988,0.0,San_Donato,1.0,1.05,0,9,0.09682848175857749,[]
13,29,2.0,1.0561621,0.4117142050876947,10,3.8338961601257324,0.0,-0.2131311292352382,0.0,San_Donato,1.0,1.05,0,8,0.09682848175857749,[]
13,30,2.5,1.330848,0.6052970308717766,10,3.666795015335083,0.0,-0.4023999763524487,0.0,San_Donato,1.0,1.05,0,9,0.09682848175857749,[]
13,39,3.25,1.7324346,1.0970001110615093,15,3.6364598274230957,0.0,-0.7166304429568373,0.0,San_Donato,1.0,1.05,0,9,0.09682848175857749,[]
13,45,4.5,2.4271436,0.8296464254085453,15,8.572063446044922,0.0,-0.4515723717884573,0.0,San_Donato,1.0,1.05,0,8,0.09682848175857749,[]
13,53,4.25,2.279069,0.9958080053964614,0,0.0,0.0,0.1149542606517097,0.07297803960786327,San_Donato,1.05,1.05,5,8,0.09682848175857749,"[{'sender': 53, 'receiver': 63, 'amount': 0.451469361782074, 'price_per_kWh': 0.08843343597033812, 'type': 'P2P', 'hour': 13}, {'sender': 53, 'receiver': 82, 'amount': 0.8317915797233582, 'price_per_kWh': 0.08841738446686082, 'type': 'P2P', 'hour': 13}]"
13,54,0.75,0.40127918,0.8194282630557079,10,0.0,0.0,-0.8452159071887291,0.09385197186265719,San_Donato,1.05,1.05,5,9,0.09682848175857749,"[{'sender': 7, 'receiver': 54, 'amount': 0.41814908385276794, 'price_per_kWh': 0.08610096585719419, 'type': 'P2P', 'hour': 13}]"
13,57,2.25,1.2104777,0.6110858434388322,10,3.1351661682128906,0.0,-0.4202226955296639,0.0,San_Donato,1.02,1.05,1,8,0.09682848175857749,[]
13,58,3.0,1.6238903,1.0200463640969732,0,0.0,0.0,-0.33317145858390257,0.07799853389830831,San_Donato,1.02,1.05,4,9,0.09682848175857749,"[{'sender': 58, 'receiver': 51, 'amount': 0.5453120470046997, 'price_per_kWh': 0.086480533672949, 'type': 'P2P', 'hour': 13}, {'sender': 58, 'receiver': 12, 'amount': 0.058531880378723145, 'price_per_kWh': 0.08603460193992944, 'type': 'P2P', 'hour': 13}]"
13,63,0.75,0.402596,1.1182192352817792,10,0.0,0.0,-1.2085768971816586,0.10388883233281299,San_Donato,1.05,1.05,5,9,0.09682848175857749,"[{'sender': 61, 'receiver': 63, 'amount': 0.024227797985076904, 'price_per_kWh': 0.08625609518622307, 'type': 'P2P', 'hour': 13}, {'sender': 71, 'receiver': 63, 'amount': 0.23992609977722168, 'price_per_kWh': 0.08804119703525229, 'type': 'P2P', 'hour': 13}, {'sender': 53, 'receiver': 63, 'amount': 0.451469361782074, 'price_per_kWh': 0.08843343597033812, 'type': 'P2P', 'hour': 13}]"
13,66,1.5,0.76813847,0.5029417172765994,0,0.0,0.0,-0.17125101649627353,0.07659971860393956,San_Donato,1.02,1.05,3,9,0.09682848175857749,"[{'sender': 66, 'receiver': 67, 'amount': 0.2651967406272888, 'price_per_kWh': 0.08589219999352839, 'type': 'P2P', 'hour': 13}]"
13,72,2.5,1.330848,0.43298302728658195,0,0.0,0.0,0.2606058597156997,0.0774902368381712,San_Donato,1.02,1.05,4,8,0.09682848175857749,"[{'sender': 72, 'receiver': 67, 'amount': 0.4041828513145447, 'price_per_kWh': 0.08633745911064421, 'type': 'P2P', 'hour': 13}, {'sender': 72, 'receiver': 49, 'amount': 0.3075615167617798, 'price_per_kWh': 0.08622769028650493, 'type': 'P2P', 'hour': 13}, {'sender': 72, 'receiver': 51, 'amount': 0.18612056970596313, 'price_per_kWh': 0.08622638514288045, 'type': 'P2P', 'hour': 13}]"
13,77,4.0,2.1549025,0.4072160762400334,0,0.0,0.0,0.7550917914431573,0.08380758008731833,San_Donato,1.02,1.05,3,7,0.09682848175857749,"[{'sender': 77, 'receiver': 'Aggregator', 'amount': 1.7476863861083984, 'price_per_kWh': 0.0919870576706486, 'type': 'GRID_sell', 'hour': 13}]"
13,80,2.25,1.2029682,0.4360562558565805,0,0.0,0.0,0.1421178660797106,0.07894521217266656,San_Donato,1.02,1.05,3,8,0.09682848175857749,"[{'sender': 80, 'receiver': 3, 'amount': 0.1741989552974701, 'price_per_kWh': 0.08611953155599979, 'type': 'P2P', 'hour': 13}, {'sender': 80, 'receiver': 99, 'amount': 0.25086700916290283, 'price_per_kWh': 0.08605241195802271, 'type': 'P2P', 'hour': 13}, {'sender': 80, 'receiver': 21, 'amount': 0.3418460190296173, 'price_per_kWh': 0.08574298137808993, 'type': 'P2P', 'hour': 13}]"
13,81,0.5,0.2657608,0.9025698829547608,0,0.0,0.0,-1.1456549825855917,0.09375074731261729,San_Donato,1.05,1.05,5,9,0.09682848175857749,"[{'sender': 7, 'receiver': 81, 'amount': 0.6368091106414795, 'price_per_kWh': 0.08605035358217425, 'type': 'P2P', 'hour': 13}]"
13,99,1.25,0.6472843,0.8981513185779236,0,0.0,0.0,-0.857779553408748,0.09315961174337888,San_Donato,1.05,1.05,5,9,0.09682848175857749,"[{'sender': 80, 'receiver': 99, 'amount': 0.25086700916290283, 'price_per_kWh': 0.08605241195802271, 'type': 'P2P', 'hour': 13}]"
13,2,0.5,0.26563445,0.34858712528358105,0,0.0,0.0,-0.35833319428873467,0.10376439173432626,Centro,1.05,1.05,5,9,0.09682848175857749,"[{'sender': 46, 'receiver': 2, 'amount': 0.08295267820358276, 'price_per_kWh': 0.08846103734953406, 'type': 'P2P', 'hour': 13}]"
13,6,4.5,2.401632,0.9544082427179252,0,0.0,0.0,0.27164186091941134,0.08573942499097774,Centro,1.02,1.05,3,8,0.09682848175857749,"[{'sender': 6, 'receiver': 'Aggregator', 'amount': 1.4472239017486572, 'price_per_kWh': 0.0919870576706486, 'type': 'GRID_sell', 'hour': 13}]"
13,10,1.5,0.76923746,0.41188405779771153,15,2.1632189750671387,0.0,-0.26481477954093885,0.0,Centro,1.0,1.05,0,9,0.09682848175857749,[]
13,15,1.0,0.5303083,1.1211514691297146,15,0.0,0.0,-1.105394202011075,0.10483454335899384,Centro,1.05,1.05,5,9,0.09682848175857749,"[{'sender': 61, 'receiver': 15, 'amount': 0.590843141078949, 'price_per_kWh': 0.0867289506993135, 'type': 'P2P', 'hour': 13}]"
13,23,2.75,1.4662529,0.7840400996900829,15,3.8467400074005127,0.0,-0.49386515556446864,0.0,Centro,1.0,1.05,0,9,0.09682848175857749,[]
13,25,3.25,1.7127155,0.818808974085194,10,4.9895195960998535,0.0,-0.45371236974421175,0.0,Centro,1.0,1.05,0,9,0.09682848175857749,[]
13,37,4.5,2.4021344,0.9663497946669444,10,8.14295768737793,0.0,-0.44365498931748776,0.0,Centro,1.0,1.05,0,8,0.09682848175857749,[]
13,60,4.25,2.257042,0.39068592461928575,15,11.01992130279541,0.0,-0.1513910538467433,0.0,Centro,1.0,1.05,0,7,0.09682848175857749,[]
13,62,2.25,1.2039666,0.7946889632851645,15,2.4486148357391357,0.0,-0.5409843175841305,0.0,Centro,1.0,1.05,0,9,0.09682848175857749,[]
13,73,2.25,1.2045571,0.7555067603666031,10,2.5147523880004883,0.0,-0.5179867597130189,0.0,Centro,1.0,1.05,0,9,0.09682848175857749,[]
13,85,2.0,1.0520368,0.4700825403130431,15,3.1396067142486572,0.0,-0.2912173328705084,0.0,Centro,1.02,1.05,1,8,0.09682848175857749,[]
13,87,3.5,1.8658257,0.842839511294264,0,0.0,0.0,-0.08314970598915916,0.08631330772763528,Centro,1.02,1.05,1,9,0.09682848175857749,"[{'sender': 87, 'receiver': 'Aggregator', 'amount': 1.0229861736297607, 'price_per_kWh': 0.0919870576706486, 'type': 'GRID_sell', 'hour': 13}]"
13,88,2.5,1.3306891,0.8266692785850432,10,2.5350637435913086,0.0,-0.6344756147712315,0.0,Centro,1.0,1.05,0,9,0.09682848175857749,[]
13,89,4.75,2.5538325,0.9668541835986126,0,0.0,0.0,0.26638420356077325,0.07954897110218902,Centro,1.02,1.05,4,8,0.09682848175857749,"[{'sender': 89, 'receiver': 21, 'amount': 0.45962879061698914, 'price_per_kWh': 0.08604486084285115, 'type': 'P2P', 'hour': 13}, {'sender': 89, 'receiver': 33, 'amount': 0.2164907157421112, 'price_per_kWh': 0.08461865102247049, 'type': 'P2P', 'hour': 13}, {'sender': 89, 'receiver': 59, 'amount': 0.4271033704280853, 'price_per_kWh': 0.08457915248348553, 'type': 'P2P', 'hour': 13}, {'sender': 89, 'receiver': 69, 'amount': 0.12920019030570984, 'price_per_kWh': 0.08424459269532801, 'type': 'P2P', 'hour': 13}, {'sender': 89, 'receiver': 'Aggregator', 'amount': 0.3545553684234619, 'price_per_kWh': 0.0919870576706486, 'type': 'GRID_sell', 'hour': 13}]"
13,97,3.0,1.6091478,0.9033554441102276,15,3.613410234451294,0.0,-0.6201301580231897,0.0,Centro,1.0,1.05,0,9,0.09682848175857749,[]
13,7,4.25,2.2597287,0.5061505302714293,0,0.0,0.0,0.7058339488328893,0.0783499598517312,Lingotto,1.05,1.05,5,7,0.09682848175857749,"[{'sender': 7, 'receiver': 12, 'amount': 0.40770965814590454, 'price_per_kWh': 0.08621031491664088, 'type': 'P2P', 'hour': 13}, {'sender': 7, 'receiver': 54, 'amount': 0.41814908385276794, 'price_per_kWh': 0.08610096585719419, 'type': 'P2P', 'hour': 13}, {'sender': 7, 'receiver': 81, 'amount': 0.6368091106414795, 'price_per_kWh': 0.08605035358217425, 'type': 'P2P', 'hour': 13}, {'sender': 7, 'receiver': 3, 'amount': 0.2909103333950043, 'price_per_kWh': 0.08582190539553211, 'type': 'P2P', 'hour': 13}]"
13,8,3.25,1.7349832,0.5135465948650876,15,6.844081401824951,0.0,-0.24664595482913004,0.0,Lingotto,1.0,1.05,0,8,0.09682848175857749,[]
13,16,0.0,0.13901962,0.8350698642063114,0,0.0,0.0,-1.2068361898911337,0.10122399569512947,Lingotto,1.05,1.05,5,9,0.09682848175857749,"[{'sender': 46, 'receiver': 16, 'amount': 0.32244691252708435, 'price_per_kWh': 0.08719083932993567, 'type': 'P2P', 'hour': 13}, {'sender': 95, 'receiver': 16, 'amount': 0.18240374326705933, 'price_per_kWh': 0.08733879902295726, 'type': 'P2P', 'hour': 13}, {'sender': 9, 'receiver': 16, 'amount': 0.19119957089424133, 'price_per_kWh': 0.08736324326561576, 'type': 'P2P', 'hour': 13}]"
13,19,4.25,2.280712,0.5474311873626015,10,9.478590965270996,0.0,-0.2734252169217978,0.0,Lingotto,1.0,1.05,0,8,0.09682848175857749,[]
13,20,0.5,0.27075574,0.3797346827938662,0,0.0,0.0,-0.3992015296953881,0.10544802957880807,Lingotto,1.05,1.05,5,9,0.09682848175857749,"[{'sender': 61, 'receiver': 20, 'amount': 0.10897895693778992, 'price_per_kWh': 0.0870356938092206, 'type': 'P2P', 'hour': 13}]"
13,27,4.25,2.258962,0.6259660101503816,0,0.0,0.0,0.5252571223298659,0.08448826300092929,Lingotto,1.02,1.05,3,8,0.09682848175857749,"[{'sender': 27, 'receiver': 'Aggregator', 'amount': 1.632995843887329, 'price_per_kWh': 0.0919870576706486, 'type': 'GRID_sell', 'hour': 13}]"
13,32,2.25,1.2151802,0.6155631718143552,0,0.0,0.0,-0.02098199400985431,0.08310364405975146,Lingotto,1.02,1.05,2,8,0.09682848175857749,"[{'sender': 32, 'receiver': 'Aggregator', 'amount': 0.5996170043945312, 'price_per_kWh': 0.0919870576706486, 'type': 'GRID_sell', 'hour': 13}]"
13,41,0.75,0.40583563,0.35892179368008553,0,0.0,0.0,-0.2786986604204868,0.07561352610202189,Lingotto,1.02,1.05,3,9,0.09682848175857749,"[{'sender': 41, 'receiver': 91, 'amount': 0.04691383242607117, 'price_per_kWh': 0.08588509041484715, 'type': 'P2P', 'hour': 13}]"
13,42,4.0,2.1585176,1.1024091037212327,15,5.991693019866943,0.0,-0.5940886687424194,0.0,Lingotto,1.02,1.05,1,9,0.09682848175857749,[]
13,48,4.5,2.425375,0.574215673691275,0,0.0,0.0,0.7570346761573514,0.08116724524879332,Lingotto,1.02,1.05,4,7,0.09682848175857749,"[{'sender': 48, 'receiver': 'Aggregator', 'amount': 1.8511593341827393, 'price_per_kWh': 0.0919870576706486, 'type': 'GRID_sell', 'hour': 13}]"
13,49,0.5,0.27040142,0.5779629546226556,10,0.0,0.0,-0.5970252049205212,0.09496514373483866,Lingotto,1.05,1.05,6,8,0.09682848175857749,"[{'sender': 72, 'receiver': 49, 'amount': 0.3075615167617798, 'price_per_kWh': 0.08622769028650493, 'type': 'P2P', 'hour': 13}]"
13,51,0.25,0.13901962,0.870452249011732,0,0.0,0.0,-1.1734337927443677,0.09496253344758969,Lingotto,1.05,1.05,6,8,0.09682848175857749,"[{'sender': 72, 'receiver': 51, 'amount': 0.18612056970596313, 'price_per_kWh': 0.08622638514288045, 'type': 'P2P', 'hour': 13}, {'sender': 58, 'receiver': 51, 'amount': 0.5453120470046997, 'price_per_kWh': 0.086480533672949, 'type': 'P2P', 'hour': 13}]"
13,64,0.5,0.2705322,0.9127362998753045,10,0.0,0.0,-1.1729127909648838,0.09682651187445851,Lingotto,1.05,1.05,5,9,0.09682848175857749,"[{'sender': 13, 'receiver': 64, 'amount': 0.6422041058540344, 'price_per_kWh': 0.08614535544823569, 'type': 'P2P', 'hour': 13}]"
13,70,2.0,1.0591234,0.859001435483892,10,1.4153509140014648,0.0,-0.6315207690496377,0.0,Lingotto,1.0,1.05,0,9,0.09682848175857749,[]
13,76,3.5,1.8687463,1.0088352691570623,15,4.784955024719238,0.0,-0.573398510298082,0.0,Lingotto,1.02,1.05,1,8,0.09682848175857749,[]
13,82,0.25,0.14504102,0.9777695556825401,0,0.0,0.0,-1.1655588377600514,0.10385672932585838,Lingotto,1.05,1.05,5,9,0.09682848175857749,"[{'sender': 53, 'receiver': 82, 'amount': 0.8317915797233582, 'price_per_kWh': 0.08841738446686082, 'type': 'P2P', 'hour': 13}, {'sender': 46, 'receiver': 82, 'amount': 0.0009369254112243652, 'price_per_kWh': 0.08850720614530012, 'type': 'P2P', 'hour': 13}]"
13,83,4.5,2.4041426,0.48889227291259946,0,0.0,0.0,0.8608989614778468,0.08021670967556067,Lingotto,1.05,1.05,5,7,0.09682848175857749,"[{'sender': 83, 'receiver': 'Aggregator', 'amount': 1.915250301361084, 'price_per_kWh': 0.0919870576706486, 'type': 'GRID_sell', 'hour': 13}]"
13,84,1.25,0.64980596,0.6503923440028898,15,0.3186349868774414,0.0,-0.4868127268917021,0.0,Lingotto,1.0,1.05,0,9,0.09682848175857749,[]
13,86,3.25,1.7349832,0.9146590441429147,15,4.356893539428711,0.0,-0.6027782678901579,0.0,Lingotto,1.0,1.05,0,9,0.09682848175857749,[]
13,90,1.75,0.91480154,0.716047941961014,10,1.1556692123413086,0.0,-0.5288057469262074,0.0,Lingotto,1.0,1.05,0,9,0.09682848175857749,[]
13,91,1.0,0.53691787,0.8139342925462965,10,0.0,0.0,-0.8635074711362111,0.09615665472767243,Lingotto,1.05,1.05,5,9,0.09682848175857749,"[{'sender': 13, 'receiver': 91, 'amount': 0.21366527676582336, 'price_per_kWh': 0.08581042687484265, 'type': 'P2P', 'hour': 13}, {'sender': 41, 'receiver': 91, 'amount': 0.04691383242607117, 'price_per_kWh': 0.08588509041484715, 'type': 'P2P', 'hour': 13}, {'sender': 74, 'receiver': 91, 'amount': 0.016437292098999023, 'price_per_kWh': 0.08624675074599995, 'type': 'P2P', 'hour': 13}]"
13,94,1.25,0.6496752,0.6247536325320753,15,0.1533569097518921,0.0,-0.5291807805345201,0.0,Lingotto,1.02,1.05,1,9,0.09682848175857749,[]
14,0,4.0,1.810708,0.892630459009498,0,0.0,0.0,0.1500025392849306,0.07047704398238622,Barriera_di_Milano,1.02,1.05,2,9,0.09811499331709922,"[{'sender': 0, 'receiver': 63, 'amount': 0.06018626689910889, 'price_per_kWh': 0.08713076503442772, 'type': 'P2P', 'hour': 14}, {'sender': 0, 'receiver': 15, 'amount': 0.49281954765319824, 'price_per_kWh': 0.08662122407613787, 'type': 'P2P', 'hour': 14}, {'sender': 0, 'receiver': 74, 'amount': 0.04237896203994751, 'price_per_kWh': 0.08652140214298162, 'type': 'P2P', 'hour': 14}, {'sender': 0, 'receiver': 93, 'amount': 0.061591535806655884, 'price_per_kWh': 0.08614158180374445, 'type': 'P2P', 'hour': 14}, {'sender': 0, 'receiver': 12, 'amount': 0.26110127568244934, 'price_per_kWh': 0.08546660426381192, 'type': 'P2P', 'hour': 14}]"
14,1,3.75,1.66382,0.543640443490209,10,9.639934539794922,0.0,-0.24035163577699478,0.0,Barriera_di_Milano,1.0,1.05,0,8,0.09811499331709922,[]
14,26,4.0,1.8049139,1.046967355550948,10,7.1291117668151855,0.0,-0.5843724336784757,0.0,Barriera_di_Milano,1.0,1.05,0,9,0.09811499331709922,[]
14,31,3.75,1.6910998,1.0050482244613328,10,6.0325140953063965,0.0,-0.6258449224738859,0.0,Barriera_di_Milano,1.0,1.05,0,9,0.09811499331709922,[]
14,34,3.75,1.6904174,0.44003399278273264,15,10.170199394226074,0.0,-0.20969532190244689,0.0,Barriera_di_Milano,1.0,1.05,0,8,0.09811499331709922,[]
14,35,4.5,2.057094,0.7869235049735112,15,10.295244216918945,0.0,-0.40845822047171454,0.0,Barriera_di_Milano,1.0,1.05,0,8,0.09811499331709922,[]
14,38,3.75,1.6913632,0.37497276236670457,15,10.934755325317383,0.0,-0.1600143910567829,0.0,Barriera_di_Milano,1.0,1.05,0,7,0.09811499331709922,[]
14,46,3.75,1.6913732,0.857216932743607,0,0.0,0.0,0.14899154085251803,0.07787747472895241,Barriera_di_Milano,1.02,1.05,2,8,0.09811499331709922,"[{'sender': 46, 'receiver': 'Aggregator', 'amount': 0.8341562747955322, 'price_per_kWh': 0.09320924365124425, 'type': 'GRID_sell', 'hour': 14}]"
14,47,1.25,0.5600446,0.9671733793028683,10,0.0,0.0,-0.9532798835992179,0.1070511217340887,Barriera_di_Milano,1.05,1.05,6,9,0.09811499331709922,"[{'sender': 83, 'receiver': 47, 'amount': 0.40712881088256836, 'price_per_kWh': 0.0880214975795135, 'type': 'P2P', 'hour': 14}]"
14,55,2.25,1.0436418,0.4361242314366668,10,4.923933029174805,0.0,-0.23440078621511332,0.0,Barriera_di_Milano,1.0,1.05,0,8,0.09811499331709922,[]
14,59,0.75,0.33050942,0.7976256487110406,0,0.0,0.0,-0.9004728016664337,0.0986521822148759,Barriera_di_Milano,1.05,1.05,7,9,0.09811499331709922,"[{'sender': 53, 'receiver': 59, 'amount': 0.46711623668670654, 'price_per_kWh': 0.08532911203303203, 'type': 'P2P', 'hour': 14}]"
14,61,2.5,1.1214448,0.5524952016244585,0,0.0,0.0,0.11635865887159935,0.07106164251091748,Barriera_di_Milano,1.02,1.05,4,8,0.09811499331709922,"[{'sender': 61, 'receiver': 12, 'amount': 0.27411457896232605, 'price_per_kWh': 0.08575890352807755, 'type': 'P2P', 'hour': 14}, {'sender': 61, 'receiver': 75, 'amount': 0.05890238285064697, 'price_per_kWh': 0.08556604849909061, 'type': 'P2P', 'hour': 14}, {'sender': 61, 'receiver': 79, 'amount': 0.23593267798423767, 'price_per_kWh': 0.08521854393939987, 'type': 'P2P', 'hour': 14}]"
14,65,3.25,1.4385041,0.4907555483547519,0,0.0,0.0,0.5529002460517702,0.07976785633249434,Barriera_di_Milano,1.02,1.05,2,8,0.09811499331709922,"[{'sender': 65, 'receiver': 'Aggregator', 'amount': 0.9477485418319702, 'price_per_kWh': 0.09320924365124425, 'type': 'GRID_sell', 'hour': 14}]"
14,67,0.25,0.1051266,0.9050737875125467,0,0.0,0.0,-1.2800935914710925,0.09908048678310498,Barriera_di_Milano,1.05,1.05,6,9,0.09811499331709922,"[{'sender': 19, 'receiver': 67, 'amount': 0.6325092315673828, 'price_per_kWh': 0.0851809296743187, 'type': 'P2P', 'hour': 14}, {'sender': 53, 'receiver': 67, 'amount': 0.16743791103363037, 'price_per_kWh': 0.08554326431714658, 'type': 'P2P', 'hour': 14}]"
14,68,2.75,1.2147774,0.41807332034611405,10,6.898558616638184,0.0,-0.1938043890013882,0.0,Barriera_di_Milano,1.0,1.05,0,8,0.09811499331709922,[]
14,69,0.5,0.20760392,0.3817885449455227,0,0.0,0.0,-0.3701385691892896,0.09292208076385802,Barriera_di_Milano,1.05,1.05,6,9,0.09811499331709922,"[{'sender': 71, 'receiver': 69, 'amount': 0.1741846352815628, 'price_per_kWh': 0.08304657457783027, 'type': 'P2P', 'hour': 14}]"
14,74,2.0,0.90004534,0.9424242911440902,0,0.0,0.0,-0.61128714598752,0.10256576030357702,Barriera_di_Milano,1.02,1.05,3,8,0.09811499331709922,"[{'sender': 0, 'receiver': 74, 'amount': 0.04237896203994751, 'price_per_kWh': 0.08652140214298162, 'type': 'P2P', 'hour': 14}]"
14,78,4.75,2.178316,0.5608881412786809,0,0.0,0.0,1.0567518555691,0.08279267073038656,Barriera_di_Milano,1.02,1.05,3,7,0.09811499331709922,"[{'sender': 78, 'receiver': 'Aggregator', 'amount': 1.6174280643463135, 'price_per_kWh': 0.09320924365124425, 'type': 'GRID_sell', 'hour': 14}]"
14,79,0.0,0.104318745,0.4694490000749981,0,0.0,0.0,-0.5974250956636312,0.09937544536788227,Barriera_di_Milano,1.05,1.05,7,8,0.09811499331709922,"[{'sender': 61, 'receiver': 79, 'amount': 0.23593267798423767, 'price_per_kWh': 0.08521854393939987, 'type': 'P2P', 'hour': 14}, {'sender': 19, 'receiver': 79, 'amount': 0.1291975975036621, 'price_per_kWh': 0.08532840896670735, 'type': 'P2P', 'hour': 14}]"
14,92,2.25,1.0452148,0.8976989019604046,10,1.9695805311203003,0.0,-0.639637824593129,0.0,Barriera_di_Milano,1.0,1.05,0,9,0.09811499331709922,[]
14,93,0.75,0.33179927,0.3933908190364651,10,0.0,0.0,-0.3736113015615521,0.10180611962510269,Barriera_di_Milano,1.02,1.05,3,9,0.09811499331709922,"[{'sender': 0, 'receiver': 93, 'amount': 0.061591535806655884, 'price_per_kWh': 0.08614158180374445, 'type': 'P2P', 'hour': 14}]"
14,98,3.25,1.4390446,0.72418563421468,15,6.733845233917236,0.0,-0.3326046042559817,0.0,Barriera_di_Milano,1.0,1.05,0,8,0.09811499331709922,[]
14,3,0.25,0.10142365,0.5860533499830559,0,0.0,0.0,-0.8416971714161781,0.10598406744878609,San_Salvario,1.05,1.05,6,9,0.09811499331709922,"[{'sender': 83, 'receiver': 3, 'amount': 0.48462972044944763, 'price_per_kWh': 0.08748797043686218, 'type': 'P2P', 'hour': 14}]"
14,5,2.75,1.1916507,0.5356955203027682,15,5.938141345977783,0.0,-0.2599181618212527,0.0,San_Salvario,1.0,1.05,0,8,0.09811499331709922,[]
14,9,1.75,0.7709357,0.5896005690550328,0,0.0,0.0,-0.2219256059638349,0.08471327050835122,San_Salvario,1.05,1.05,5,8,0.09811499331709922,"[{'sender': 9, 'receiver': 'Aggregator', 'amount': 0.18133515119552612, 'price_per_kWh': 0.09320924365124425, 'type': 'GRID_sell', 'hour': 14}]"
14,11,2.25,1.0480518,0.5442435215343362,10,3.672518730163574,0.0,-0.3961634595548117,0.0,San_Salvario,1.0,1.05,0,9,0.09811499331709922,[]
14,12,0.75,0.33542937,0.8706451989687054,10,0.0,0.0,-0.9749152286180676,0.1004561645452376,San_Salvario,1.05,1.05,7,8,0.09811499331709922,"[{'sender': 0, 'receiver': 12, 'amount': 0.26110127568244934, 'price_per_kWh': 0.08546660426381192, 'type': 'P2P', 'hour': 14}, {'sender': 61, 'receiver': 12, 'amount': 0.27411457896232605, 'price_per_kWh': 0.08575890352807755, 'type': 'P2P', 'hour': 14}]"
14,13,4.5,2.0258956,0.418207529241309,0,0.0,0.0,1.07098986510708,0.07204880562882698,San_Salvario,1.05,1.05,6,7,0.09811499331709922,"[{'sender': 13, 'receiver': 99, 'amount': 0.16770219802856445, 'price_per_kWh': 0.08488179090518631, 'type': 'P2P', 'hour': 14}, {'sender': 13, 'receiver': 54, 'amount': 0.4950661063194275, 'price_per_kWh': 0.08432226299150533, 'type': 'P2P', 'hour': 14}, {'sender': 13, 'receiver': 16, 'amount': 0.8208411931991577, 'price_per_kWh': 0.083963037414266, 'type': 'P2P', 'hour': 14}, {'sender': 13, 'receiver': 2, 'amount': 0.12407857179641724, 'price_per_kWh': 0.08290409253548134, 'type': 'P2P', 'hour': 14}]"
14,21,0.0,0.102901064,1.0686671345098238,15,0.0,0.0,-1.4225152138884092,0.09302022800060199,San_Salvario,1.05,1.05,6,9,0.09811499331709922,"[{'sender': 27, 'receiver': 21, 'amount': 0.01929466426372528, 'price_per_kWh': 0.08294239982134802, 'type': 'P2P', 'hour': 14}, {'sender': 80, 'receiver': 21, 'amount': 0.6051509380340576, 'price_per_kWh': 0.08298086309962183, 'type': 'P2P', 'hour': 14}, {'sender': 71, 'receiver': 21, 'amount': 0.34132052958011627, 'price_per_kWh': 0.08309564819620226, 'type': 'P2P', 'hour': 14}]"
14,24,2.25,1.0368501,0.930420884482178,15,1.8322800397872925,0.0,-0.6238505380596778,0.0,San_Salvario,1.0,1.05,0,9,0.09811499331709922,[]
14,28,3.25,1.4115984,0.5370734056903717,10,7.24310302734375,0.0,-0.28204273923126677,0.0,San_Salvario,1.0,1.05,0,8,0.09811499331709922,[]
14,33,0.5,0.20914613,0.5032364903348933,15,0.0,0.0,-0.5588796035664876,0.09146644218831393,San_Salvario,1.05,1.05,7,8,0.09811499331709922,"[{'sender': 87, 'receiver': 33, 'amount': 0.2940903306007385, 'price_per_kWh': 0.08247081443661017, 'type': 'P2P', 'hour': 14}]"
14,36,1.75,0.7715786,0.7975395412686342,10,0.6457812786102295,0.0,-0.5968561152395252,0.0,San_Salvario,1.0,1.05,0,9,0.09811499331709922,[]
14,40,2.75,1.1950384,0.7253481215404672,15,4.724679946899414,0.0,-0.40331532229766515,0.0,San_Salvario,1.0,1.05,0,9,0.09811499331709922,[]
14,43,2.25,1.028836,0.39527295158880277,15,5.143406867980957,0.0,-0.21736562862698,0.0,San_Salvario,1.0,1.05,0,8,0.09811499331709922,[]
14,44,3.25,1.4288963,1.0076618122148566,10,4.508350849151611,0.0,-0.6178825096768983,0.0,San_Salvario,1.0,1.05,0,9,0.09811499331709922,[]
14,50,1.25,0.54790014,0.4157927556578302,10,1.387191653251648,0.0,-0.3280592935433445,0.0,San_Salvario,1.0,1.05,0,9,0.09811499331709922,[]
14,52,2.75,1.1975204,0.5178945595943112,10,6.215178966522217,0.0,-0.2448974782789832,0.0,San_Salvario,1.0,1.05,0,8,0.09811499331709922,[]
14,56,0.5,0.20523684,0.7308246383783152,15,0.0,0.0,-0.9940774834458208,0.09138533881520386,San_Salvario,1.05,1.05,6,9,0.09811499331709922,"[{'sender': 87, 'receiver': 56, 'amount': 0.00077018141746521, 'price_per_kWh': 0.08243026275005513, 'type': 'P2P', 'hour': 14}, {'sender': 89, 'receiver': 56, 'amount': 0.5248176157474518, 'price_per_kWh': 0.0831225758726187, 'type': 'P2P', 'hour': 14}]"
14,71,4.25,1.9070174,0.5196938614152488,10,10.0,0.0,-0.08538635251692836,0.07317106839180253,San_Salvario,1.02,1.05,2,7,0.09811499331709922,"[{'sender': 71, 'receiver': 21, 'amount': 0.34132052958011627, 'price_per_kWh': 0.08309564819620226, 'type': 'P2P', 'hour': 14}, {'sender': 71, 'receiver': 69, 'amount': 0.1741846352815628, 'price_per_kWh': 0.08304657457783027, 'type': 'P2P', 'hour': 14}, {'sender': 71, 'receiver': 82, 'amount': 0.78017258644104, 'price_per_kWh': 0.08303845628836137, 'type': 'P2P', 'hour': 14}, {'sender': 71, 'receiver': 18, 'amount': 0.091645747423172, 'price_per_kWh': 0.08280825286207658, 'type': 'P2P', 'hour': 14}]"
14,75,0.75,0.33376616,0.3926685461329749,0,0.0,0.0,-0.2578226499136205,0.10007045448726372,San_Salvario,1.02,1.05,3,8,0.09811499331709922,"[{'sender': 61, 'receiver': 75, 'amount': 0.05890238285064697, 'price_per_kWh': 0.08556604849909061, 'type': 'P2P', 'hour': 14}]"
14,95,1.75,0.77008975,0.8317237573530877,0,0.0,0.0,-0.5174272697341468,0.10517461637168297,San_Salvario,1.02,1.05,4,9,0.09811499331709922,"[{'sender': 83, 'receiver': 95, 'amount': 0.06163400411605835, 'price_per_kWh': 0.08708324489831062, 'type': 'P2P', 'hour': 14}]"
14,96,1.25,0.55175036,0.3946723742198066,15,1.4149913787841797,0.0,-0.32352156816639666,0.0,San_Salvario,1.0,1.05,0,9,0.09811499331709922,[]
14,4,0.0,0.1014154,0.9028701059975349,15,0.0,0.0,-1.1441691209639373,0.1043948106970664,San_Donato,1.05,1.05,6,9,0.09811499331709922,"[{'sender': 83, 'receiver': 4, 'amount': 0.6258785128593445, 'price_per_kWh': 0.08669334206100233, 'type': 'P2P', 'hour': 14}, {'sender': 7, 'receiver': 4, 'amount': 0.17557621002197266, 'price_per_kWh': 0.08743009800629525, 'type': 'P2P', 'hour': 14}]"
14,14,2.5,1.0963715,0.8512108603613655,0,0.0,0.0,-0.4052785932696058,0.0760116071378902,San_Donato,1.02,1.05,2,9,0.09811499331709922,"[{'sender': 14, 'receiver': 64, 'amount': 0.24516069889068604, 'price_per_kWh': 0.08352251798119839, 'type': 'P2P', 'hour': 14}]"
14,17,1.25,0.5409064,0.586596381421011,10,0.1411946415901184,0.0,-0.492750654744593,0.0,San_Donato,1.02,1.05,2,8,0.09811499331709922,[]
14,18,1.25,0.5464019,0.9331555864934589,15,0.0,0.0,-0.9326496233573431,0.09244543733235064,San_Donato,1.05,1.05,6,9,0.09811499331709922,"[{'sender': 71, 'receiver': 18, 'amount': 0.091645747423172, 'price_per_kWh': 0.08280825286207658, 'type': 'P2P', 'hour': 14}, {'sender': 87, 'receiver': 18, 'amount': 0.2951079308986664, 'price_per_kWh': 0.08296031200862852, 'type': 'P2P', 'hour': 14}]"
14,22,2.0,0.87664676,0.968148889623991,10,0.9882389903068542,0.0,-0.7003055260916988,0.0,San_Donato,1.0,1.05,0,9,0.09811499331709922,[]
14,29,2.0,0.8776258,0.4131716765871462,10,4.2983503341674805,0.0,-0.2131311292352382,0.0,San_Donato,1.0,1.05,0,8,0.09811499331709922,[]
14,30,2.5,1.1035794,0.6332372076404166,10,4.137137413024902,0.0,-0.4023999763524487,0.0,San_Donato,1.0,1.05,0,9,0.09811499331709922,[]
14,39,3.25,1.409986,0.9552263547114977,15,4.091219425201416,0.0,-0.7166304429568373,0.0,San_Donato,1.0,1.05,0,9,0.09811499331709922,[]
14,45,4.5,2.0265305,0.9170251042297217,15,9.68156909942627,0.0,-0.4515723717884573,0.0,San_Donato,1.0,1.05,0,8,0.09811499331709922,[]
14,53,4.25,1.8896439,1.0024200160846246,0,0.0,0.0,0.19322106808381032,0.07200604185118818,San_Donato,1.05,1.05,6,8,0.09811499331709922,"[{'sender': 53, 'receiver': 67, 'amount': 0.16743791103363037, 'price_per_kWh': 0.08554326431714658, 'type': 'P2P', 'hour': 14}, {'sender': 53, 'receiver': 59, 'amount': 0.46711623668670654, 'price_per_kWh': 0.08532911203303203, 'type': 'P2P', 'hour': 14}, {'sender': 53, 'receiver': 99, 'amount': 0.25266969203948975, 'price_per_kWh': 0.0848604090163669, 'type': 'P2P', 'hour': 14}]"
14,54,0.75,0.32393867,0.8190047519395007,10,0.0,0.0,-0.8857682846206836,0.09659572035418368,San_Donato,1.05,1.05,6,9,0.09811499331709922,"[{'sender': 13, 'receiver': 54, 'amount': 0.4950661063194275, 'price_per_kWh': 0.08432226299150533, 'type': 'P2P', 'hour': 14}]"
14,57,2.25,1.018708,0.6965910130715023,10,3.4572830200195312,0.0,-0.4202226955296639,0.0,San_Donato,1.02,1.05,1,8,0.09811499331709922,[]
14,58,3.0,1.3025945,0.9852158377244602,0,0.0,0.0,-0.30358883002643905,0.0777002495553561,San_Donato,1.02,1.05,4,9,0.09811499331709922,"[{'sender': 58, 'receiver': 'Aggregator', 'amount': 0.3173786997795105, 'price_per_kWh': 0.09320924365124425, 'type': 'GRID_sell', 'hour': 14}]"
14,63,0.75,0.329052,1.0625603106887669,10,0.0,0.0,-1.27065819519386,0.10378448608646923,San_Donato,1.05,1.05,6,9,0.09811499331709922,"[{'sender': 7, 'receiver': 63, 'amount': 0.6733220815658569, 'price_per_kWh': 0.08712493570099668, 'type': 'P2P', 'hour': 14}, {'sender': 0, 'receiver': 63, 'amount': 0.06018626689910889, 'price_per_kWh': 0.08713076503442772, 'type': 'P2P', 'hour': 14}]"
14,66,1.5,0.64619076,0.505476780264736,0,0.0,0.0,-0.15957133666429235,0.07689839539473874,San_Donato,1.02,1.05,4,9,0.09811499331709922,"[{'sender': 66, 'receiver': 81, 'amount': 0.0004864037036895752, 'price_per_kWh': 0.08312582625487186, 'type': 'P2P', 'hour': 14}, {'sender': 66, 'receiver': 49, 'amount': 0.14022758603096008, 'price_per_kWh': 0.08302999456708325, 'type': 'P2P', 'hour': 14}]"
14,72,2.5,1.1035794,0.4236673290767569,0,0.0,0.0,0.31803595923892053,0.07637310179965702,San_Donato,1.05,1.05,5,8,0.09811499331709922,"[{'sender': 72, 'receiver': 64, 'amount': 0.04275694489479065, 'price_per_kWh': 0.0837032653120818, 'type': 'P2P', 'hour': 14}, {'sender': 72, 'receiver': 81, 'amount': 0.637155145406723, 'price_per_kWh': 0.08286317945733099, 'type': 'P2P', 'hour': 14}]"
14,77,4.0,1.778761,0.4273148347243568,0,0.0,0.0,0.881059065081612,0.08028730465435037,San_Donato,1.02,1.05,3,7,0.09811499331709922,"[{'sender': 77, 'receiver': 'Aggregator', 'amount': 1.3514461517333984, 'price_per_kWh': 0.09320924365124425, 'type': 'GRID_sell', 'hour': 14}]"
14,80,2.25,1.0250484,0.4198974455719596,0,0.0,0.0,0.19231372684446504,0.07294149819864167,San_Donato,1.02,1.05,4,8,0.09811499331709922,"[{'sender': 80, 'receiver': 21, 'amount': 0.6051509380340576, 'price_per_kWh': 0.08298086309962183, 'type': 'P2P', 'hour': 14}]"
14,81,0.5,0.200651,0.8382925535585518,0,0.0,0.0,-1.1959760624577458,0.08935325711500497,San_Donato,1.05,1.05,6,9,0.09811499331709922,"[{'sender': 72, 'receiver': 81, 'amount': 0.637155145406723, 'price_per_kWh': 0.08286317945733099, 'type': 'P2P', 'hour': 14}, {'sender': 66, 'receiver': 81, 'amount': 0.0004864037036895752, 'price_per_kWh': 0.08312582625487186, 'type': 'P2P', 'hour': 14}]"
14,99,1.25,0.5463693,0.9667411877401701,0,0.0,0.0,-0.892028328244995,0.09771477618154564,San_Donato,1.05,1.05,6,9,0.09811499331709922,"[{'sender': 53, 'receiver': 99, 'amount': 0.25266969203948975, 'price_per_kWh': 0.0848604090163669, 'type': 'P2P', 'hour': 14}, {'sender': 13, 'receiver': 99, 'amount': 0.16770219802856445, 'price_per_kWh': 0.08488179090518631, 'type': 'P2P', 'hour': 14}]"
14,2,0.5,0.20576581,0.41343131357714624,0,0.0,0.0,-0.37509073909197477,0.09375937944213568,Centro,1.05,1.05,6,9,0.09811499331709922,"[{'sender': 13, 'receiver': 2, 'amount': 0.12407857179641724, 'price_per_kWh': 0.08290409253548134, 'type': 'P2P', 'hour': 14}, {'sender': 27, 'receiver': 2, 'amount': 0.0835869312286377, 'price_per_kWh': 0.08331197554211486, 'type': 'P2P', 'hour': 14}]"
14,6,4.5,2.0224562,0.983690493118289,0,0.0,0.0,0.3670155610511471,0.07724882659963196,Centro,1.02,1.05,4,8,0.09811499331709922,"[{'sender': 6, 'receiver': 49, 'amount': 0.14434757828712463, 'price_per_kWh': 0.08320521016952986, 'type': 'P2P', 'hour': 14}, {'sender': 6, 'receiver': 'Aggregator', 'amount': 0.8944180905818939, 'price_per_kWh': 0.09320924365124425, 'type': 'GRID_sell', 'hour': 14}]"
14,10,1.5,0.6476588,0.42129460402655106,15,2.389583110809326,0.0,-0.26481477954093885,0.0,Centro,1.0,1.05,0,9,0.09811499331709922,[]
14,15,1.0,0.43963635,0.9324559028292021,15,0.0,0.0,-1.1468631592641187,0.10276540416988954,Centro,1.05,1.05,6,9,0.09811499331709922,"[{'sender': 0, 'receiver': 15, 'amount': 0.49281954765319824, 'price_per_kWh': 0.08662122407613787, 'type': 'P2P', 'hour': 14}]"
14,23,2.75,1.1914505,0.8624945100746984,15,4.175695896148682,0.0,-0.49386515556446864,0.0,Centro,1.0,1.05,0,9,0.09811499331709922,[]
14,25,3.25,1.4109612,0.7773801262222065,10,5.623100757598877,0.0,-0.45371236974421175,0.0,Centro,1.0,1.05,0,9,0.09811499331709922,[]
14,37,4.5,2.0236447,0.9587867015515578,10,9.207815170288086,0.0,-0.44365498931748776,0.0,Centro,1.0,1.05,0,8,0.09811499331709922,[]
14,60,4.25,1.8873638,0.3958475825007153,15,12.51143741607666,0.0,-0.1513910538467433,0.0,Centro,1.0,1.05,0,7,0.09811499331709922,[]
14,62,2.25,1.0271772,0.7853396845391137,15,2.6904523372650146,0.0,-0.5409843175841305,0.0,Centro,1.0,1.05,0,9,0.09811499331709922,[]
14,73,2.25,1.0277677,0.7969617083539553,10,2.745558261871338,0.0,-0.5179867597130189,0.0,Centro,1.0,1.05,0,9,0.09811499331709922,[]
14,85,2.0,0.8857101,0.49669957301822487,15,3.5286173820495605,0.0,-0.2912173328705084,0.0,Centro,1.02,1.05,1,8,0.09811499331709922,[]
14,87,3.5,1.5607274,0.9707589262437246,0,0.0,0.0,-0.03436962446694841,0.07347518668490642,Centro,1.02,1.05,2,9,0.09811499331709922,"[{'sender': 87, 'receiver': 18, 'amount': 0.2951079308986664, 'price_per_kWh': 0.08296031200862852, 'type': 'P2P', 'hour': 14}, {'sender': 87, 'receiver': 33, 'amount': 0.2940903306007385, 'price_per_kWh': 0.08247081443661017, 'type': 'P2P', 'hour': 14}, {'sender': 87, 'receiver': 56, 'amount': 0.00077018141746521, 'price_per_kWh': 0.08243026275005513, 'type': 'P2P', 'hour': 14}]"
14,88,2.5,1.104551,0.8551401965216435,10,2.7844743728637695,0.0,-0.6344756147712315,0.0,Centro,1.0,1.05,0,9,0.09811499331709922,[]
14,89,4.75,2.1439097,1.0603230431919273,0,0.0,0.0,0.35632041355853084,0.07485981293003356,Centro,1.05,1.05,5,8,0.09811499331709922,"[{'sender': 89, 'receiver': 56, 'amount': 0.5248176157474518, 'price_per_kWh': 0.0831225758726187, 'type': 'P2P', 'hour': 14}, {'sender': 89, 'receiver': 64, 'amount': 0.5587690770626068, 'price_per_kWh': 0.08294662087727007, 'type': 'P2P', 'hour': 14}]"
14,97,3.0,1.3043183,0.995135950926013,15,3.9225926399230957,0.0,-0.6201301580231897,0.0,Centro,1.0,1.05,0,9,0.09811499331709922,[]
14,7,4.25,1.888884,0.5054667519568067,0,0.0,0.0,0.830999171638751,0.07046538531552413,Lingotto,1.05,1.05,6,7,0.09811499331709922,"[{'sender': 7, 'receiver': 4, 'amount': 0.17557621002197266, 'price_per_kWh': 0.08743009800629525, 'type': 'P2P', 'hour': 14}, {'sender': 7, 'receiver': 91, 'amount': 0.48596611618995667, 'price_per_kWh': 0.08731636430170485, 'type': 'P2P', 'hour': 14}, {'sender': 7, 'receiver': 41, 'amount': 0.04855272173881531, 'price_per_kWh': 0.08730029879806642, 'type': 'P2P', 'hour': 14}, {'sender': 7, 'receiver': 63, 'amount': 0.6733220815658569, 'price_per_kWh': 0.08712493570099668, 'type': 'P2P', 'hour': 14}]"
14,8,3.25,1.4152188,0.5539849729868894,15,7.705315113067627,0.0,-0.24664595482913004,0.0,Lingotto,1.0,1.05,0,8,0.09811499331709922,[]
14,16,0.0,0.10412996,0.9249711394754123,0,0.0,0.0,-1.2737873577121497,0.095877269199705,Lingotto,1.05,1.05,6,9,0.09811499331709922,"[{'sender': 13, 'receiver': 16, 'amount': 0.8208411931991577, 'price_per_kWh': 0.083963037414266, 'type': 'P2P', 'hour': 14}]"
14,19,4.25,1.893329,0.6102131684006937,10,10.0,0.0,-0.2098213061081868,0.07128137256553241,Lingotto,1.02,1.05,1,8,0.09811499331709922,"[{'sender': 19, 'receiver': 79, 'amount': 0.1291975975036621, 'price_per_kWh': 0.08532840896670735, 'type': 'P2P', 'hour': 14}, {'sender': 19, 'receiver': 67, 'amount': 0.6325092315673828, 'price_per_kWh': 0.0851809296743187, 'type': 'P2P', 'hour': 14}]"
14,20,0.5,0.20828219,0.40672496129413066,0,0.0,0.0,-0.4149399691414649,0.09368582723878095,Lingotto,1.05,1.05,6,9,0.09811499331709922,"[{'sender': 27, 'receiver': 20, 'amount': 0.19844277203083038, 'price_per_kWh': 0.08327519944043751, 'type': 'P2P', 'hour': 14}]"
14,27,4.25,1.8892334,0.7103694404160498,0,0.0,0.0,0.6252347388349984,0.07286457164209406,Lingotto,1.02,1.05,4,8,0.09811499331709922,"[{'sender': 27, 'receiver': 2, 'amount': 0.0835869312286377, 'price_per_kWh': 0.08331197554211486, 'type': 'P2P', 'hour': 14}, {'sender': 27, 'receiver': 51, 'amount': 0.8775395154953003, 'price_per_kWh': 0.08330001442549465, 'type': 'P2P', 'hour': 14}, {'sender': 27, 'receiver': 20, 'amount': 0.19844277203083038, 'price_per_kWh': 0.08327519944043751, 'type': 'P2P', 'hour': 14}, {'sender': 27, 'receiver': 21, 'amount': 0.01929466426372528, 'price_per_kWh': 0.08294239982134802, 'type': 'P2P', 'hour': 14}]"
14,32,2.25,1.0242997,0.5651675068471803,0,0.0,0.0,0.021813376132905495,0.08090841123876784,Lingotto,1.02,1.05,2,8,0.09811499331709922,"[{'sender': 32, 'receiver': 'Aggregator', 'amount': 0.45913225412368774, 'price_per_kWh': 0.09320924365124425, 'type': 'GRID_sell', 'hour': 14}]"
14,41,0.75,0.333181,0.38173372875709727,0,0.0,0.0,-0.28285421641583774,0.10413521228060871,Lingotto,1.02,1.05,4,9,0.09811499331709922,"[{'sender': 7, 'receiver': 41, 'amount': 0.04855272173881531, 'price_per_kWh': 0.08730029879806642, 'type': 'P2P', 'hour': 14}]"
14,42,4.0,1.7826228,1.0683291996324307,15,6.705986499786377,0.0,-0.5940886687424194,0.0,Lingotto,1.02,1.05,1,9,0.09811499331709922,[]
14,48,4.5,2.029081,0.6411255425358019,0,0.0,0.0,0.8864049628568957,0.08325982234945942,Lingotto,1.02,1.05,4,7,0.09811499331709922,"[{'sender': 48, 'receiver': 'Aggregator', 'amount': 1.3879555463790894, 'price_per_kWh': 0.09320924365124425, 'type': 'GRID_sell', 'hour': 14}]"
14,49,0.5,0.2117243,0.4962994619068691,10,0.0,0.0,-0.6200029550358086,0.08916159373942777,Lingotto,1.05,1.05,7,8,0.09811499331709922,"[{'sender': 66, 'receiver': 49, 'amount': 0.14022758603096008, 'price_per_kWh': 0.08302999456708325, 'type': 'P2P', 'hour': 14}, {'sender': 6, 'receiver': 49, 'amount': 0.14434757828712463, 'price_per_kWh': 0.08320521016952986, 'type': 'P2P', 'hour': 14}]"
14,51,0.25,0.10412996,0.9816695017260486,0,0.0,0.0,-1.243051939696463,0.09373545720889523,Lingotto,1.05,1.05,7,8,0.09811499331709922,"[{'sender': 27, 'receiver': 51, 'amount': 0.8775395154953003, 'price_per_kWh': 0.08330001442549465, 'type': 'P2P', 'hour': 14}]"
14,64,0.5,0.21185504,1.0585417407688142,10,0.0,0.0,-1.241304608496727,0.09103342882450659,Lingotto,1.05,1.05,6,9,0.09811499331709922,"[{'sender': 89, 'receiver': 64, 'amount': 0.5587690770626068, 'price_per_kWh': 0.08294662087727007, 'type': 'P2P', 'hour': 14}, {'sender': 14, 'receiver': 64, 'amount': 0.24516069889068604, 'price_per_kWh': 0.08352251798119839, 'type': 'P2P', 'hour': 14}, {'sender': 72, 'receiver': 64, 'amount': 0.04275694489479065, 'price_per_kWh': 0.0837032653120818, 'type': 'P2P', 'hour': 14}]"
14,70,2.0,0.88183403,0.8978652521955129,10,1.3993196487426758,0.0,-0.6315207690496377,0.0,Lingotto,1.0,1.05,0,9,0.09811499331709922,[]
14,76,3.5,1.5625556,1.025899899686412,15,5.321610450744629,0.0,-0.573398510298082,0.0,Lingotto,1.02,1.05,1,8,0.09811499331709922,[]
14,82,0.25,0.106354915,0.8865274499011747,0,0.0,0.0,-1.2284921841989975,0.09290584418492022,Lingotto,1.05,1.05,6,9,0.09811499331709922,"[{'sender': 71, 'receiver': 82, 'amount': 0.78017258644104, 'price_per_kWh': 0.08303845628836137, 'type': 'P2P', 'hour': 14}]"
14,83,4.5,2.0243871,0.4451159949796198,0,0.0,0.0,1.0027591111273444,0.06899187342493827,Lingotto,1.05,1.05,6,7,0.09811499331709922,"[{'sender': 83, 'receiver': 47, 'amount': 0.40712881088256836, 'price_per_kWh': 0.0880214975795135, 'type': 'P2P', 'hour': 14}, {'sender': 83, 'receiver': 3, 'amount': 0.48462972044944763, 'price_per_kWh': 0.08748797043686218, 'type': 'P2P', 'hour': 14}, {'sender': 83, 'receiver': 95, 'amount': 0.06163400411605835, 'price_per_kWh': 0.08708324489831062, 'type': 'P2P', 'hour': 14}, {'sender': 83, 'receiver': 4, 'amount': 0.6258785128593445, 'price_per_kWh': 0.08669334206100233, 'type': 'P2P', 'hour': 14}]"
14,84,1.25,0.54978025,0.5627496892051775,15,0.3056655526161194,0.0,-0.4868127268917021,0.0,Lingotto,1.0,1.05,0,9,0.09811499331709922,[]
14,86,3.25,1.4152188,0.8540409134325434,15,4.918071269989014,0.0,-0.6027782678901579,0.0,Lingotto,1.0,1.05,0,9,0.09811499331709922,[]
14,90,1.75,0.7728158,0.8034094925186738,10,1.1250755786895752,0.0,-0.5288057469262074,0.0,Lingotto,1.0,1.05,0,9,0.09811499331709922,[]
14,91,1.0,0.43348715,0.9194532654541844,10,0.0,0.0,-0.9039196563167129,0.10416734328788557,Lingotto,1.05,1.05,6,9,0.09811499331709922,"[{'sender': 7, 'receiver': 91, 'amount': 0.48596611618995667, 'price_per_kWh': 0.08731636430170485, 'type': 'P2P', 'hour': 14}]"
14,94,1.25,0.5496495,0.6222994717013742,15,0.0807068943977356,0.0,-0.5291807805345201,0.0,Lingotto,1.02,1.05,1,9,0.09811499331709922,[]
15,0,4.0,1.3498036,0.9453766563790789,0,0.0,0.0,0.18669715579417964,0.07131768950895004,Barriera_di_Milano,1.02,1.05,3,9,0.10045645905901829,"[{'sender': 0, 'receiver': 33, 'amount': 0.3807138204574585, 'price_per_kWh': 0.09076978532769545, 'type': 'P2P', 'hour': 15}, {'sender': 0, 'receiver': 75, 'amount': 0.023713111877441406, 'price_per_kWh': 0.09075099405986069, 'type': 'P2P', 'hour': 15}]"
15,1,3.75,1.250601,0.48412088111720764,10,10.0,0.0,-0.20411225386022944,0.08373830402399275,Barriera_di_Milano,1.02,1.05,1,8,0.10045645905901829,"[{'sender': 1, 'receiver': 15, 'amount': 0.22091591358184814, 'price_per_kWh': 0.09112827779702742, 'type': 'P2P', 'hour': 15}, {'sender': 1, 'receiver': 3, 'amount': 0.18549883365631104, 'price_per_kWh': 0.0908214572825834, 'type': 'P2P', 'hour': 15}]"
15,26,4.0,1.3473357,0.9672496850212238,10,7.50919771194458,0.0,-0.5843724336784757,0.0,Barriera_di_Milano,1.0,1.05,0,9,0.10045645905901829,[]
15,31,3.75,1.2614684,1.085185066007238,10,6.208797454833984,0.0,-0.6258449224738859,0.0,Barriera_di_Milano,1.0,1.05,0,9,0.10045645905901829,[]
15,34,3.75,1.2615175,0.5022890997012579,15,10.929428100585938,0.0,-0.20969532190244689,0.0,Barriera_di_Milano,1.0,1.05,0,8,0.10045645905901829,[]
15,35,4.5,1.4893217,0.8274174589135475,15,10.957148551940918,0.0,-0.40845822047171454,0.0,Barriera_di_Milano,1.0,1.05,0,8,0.10045645905901829,[]
15,38,3.75,1.2624633,0.38492393299392735,15,11.812294960021973,0.0,-0.1600143910567829,0.0,Barriera_di_Milano,1.0,1.05,0,7,0.10045645905901829,[]
15,46,3.75,1.2624733,0.8892008645269066,0,0.0,0.0,0.18292025963797579,0.07979552880196047,Barriera_di_Milano,1.02,1.05,3,8,0.10045645905901829,"[{'sender': 46, 'receiver': 54, 'amount': 0.1869816780090332, 'price_per_kWh': 0.09096591576954555, 'type': 'P2P', 'hour': 15}, {'sender': 46, 'receiver': 12, 'amount': 0.18629080057144165, 'price_per_kWh': 0.09089732869029885, 'type': 'P2P', 'hour': 15}]"
15,47,1.25,0.42563102,0.8515373620897416,10,0.0,0.0,-0.990905331503006,0.10092404394167788,Barriera_di_Milano,1.05,1.05,7,9,0.10045645905901829,"[{'sender': 71, 'receiver': 47, 'amount': 0.10716643929481506, 'price_per_kWh': 0.09067608040757869, 'type': 'P2P', 'hour': 15}, {'sender': 48, 'receiver': 47, 'amount': 0.3187398910522461, 'price_per_kWh': 0.09102922750651643, 'type': 'P2P', 'hour': 15}]"
15,55,2.25,0.75637645,0.4317986682692347,10,5.248510837554932,0.0,-0.23440078621511332,0.0,Barriera_di_Milano,1.0,1.05,0,8,0.10045645905901829,[]
15,59,0.75,0.25010577,0.7643573176649272,0,0.0,0.0,-0.945575808696409,0.10552040015810764,Barriera_di_Milano,1.05,1.05,8,9,0.10045645905901829,"[{'sender': 78, 'receiver': 59, 'amount': 0.25419580936431885, 'price_per_kWh': 0.0909727253998879, 'type': 'P2P', 'hour': 15}, {'sender': 32, 'receiver': 59, 'amount': 0.20151805877685547, 'price_per_kWh': 0.09125220500203371, 'type': 'P2P', 'hour': 15}, {'sender': 27, 'receiver': 59, 'amount': 0.05853772163391113, 'price_per_kWh': 0.09172106916485603, 'type': 'P2P', 'hour': 15}]"
15,61,2.5,0.8302344,0.6389034423851072,0,0.0,0.0,0.13388731888515762,0.08644058521783173,Barriera_di_Milano,1.05,1.05,5,8,0.10045645905901829,"[{'sender': 61, 'receiver': 21, 'amount': 0.19133096933364868, 'price_per_kWh': 0.09165099797666496, 'type': 'P2P', 'hour': 15}]"
15,65,3.25,1.0672297,0.45609168733755423,0,0.0,0.0,0.6099015370127393,0.0885843788081787,Barriera_di_Milano,1.02,1.05,3,8,0.10045645905901829,"[{'sender': 65, 'receiver': 21, 'amount': 0.4121847152709961, 'price_per_kWh': 0.09272289477183844, 'type': 'P2P', 'hour': 15}, {'sender': 65, 'receiver': 69, 'amount': 0.190161794424057, 'price_per_kWh': 0.09264291726725818, 'type': 'P2P', 'hour': 15}, {'sender': 65, 'receiver': 67, 'amount': 0.008791536092758179, 'price_per_kWh': 0.09234955204390634, 'type': 'P2P', 'hour': 15}]"
15,67,0.25,0.096011005,0.8259599531918788,0,0.0,0.0,-1.3456351211287332,0.09611472527963398,Barriera_di_Milano,1.05,1.05,7,9,0.10045645905901829,"[{'sender': 65, 'receiver': 67, 'amount': 0.008791536092758179, 'price_per_kWh': 0.09234955204390634, 'type': 'P2P', 'hour': 15}, {'sender': 6, 'receiver': 67, 'amount': 0.6392738223075867, 'price_per_kWh': 0.09238998344666861, 'type': 'P2P', 'hour': 15}, {'sender': 89, 'receiver': 67, 'amount': 0.08188363909721375, 'price_per_kWh': 0.09294590479740367, 'type': 'P2P', 'hour': 15}]"
15,68,2.75,0.8880493,0.4098664398805991,10,7.376741409301758,0.0,-0.1938043890013882,0.0,Barriera_di_Milano,1.0,1.05,0,8,0.10045645905901829,[]
15,69,0.5,0.1621426,0.35230441357547254,0,0.0,0.0,-0.38691680098759557,0.09670145572633768,Barriera_di_Milano,1.05,1.05,7,9,0.10045645905901829,"[{'sender': 65, 'receiver': 69, 'amount': 0.190161794424057, 'price_per_kWh': 0.09264291726725818, 'type': 'P2P', 'hour': 15}]"
15,74,2.0,0.6444478,1.0128242299976022,0,0.0,0.0,-0.644865408854792,0.104291623549298,Barriera_di_Milano,1.02,1.05,4,8,0.10045645905901829,"[{'sender': 27, 'receiver': 74, 'amount': 0.27304673194885254, 'price_per_kWh': 0.0911066808604512, 'type': 'P2P', 'hour': 15}, {'sender': 83, 'receiver': 74, 'amount': 0.0953296422958374, 'price_per_kWh': 0.09128201040148856, 'type': 'P2P', 'hour': 15}]"
15,78,4.75,1.595599,0.5267326313974042,0,0.0,0.0,1.1546892184245343,0.07642505064166819,Barriera_di_Milano,1.02,1.05,4,7,0.10045645905901829,"[{'sender': 78, 'receiver': 4, 'amount': 0.25486862659454346, 'price_per_kWh': 0.09199535105651896, 'type': 'P2P', 'hour': 15}, {'sender': 78, 'receiver': 56, 'amount': 0.5598020553588867, 'price_per_kWh': 0.090983950861253, 'type': 'P2P', 'hour': 15}, {'sender': 78, 'receiver': 59, 'amount': 0.25419580936431885, 'price_per_kWh': 0.0909727253998879, 'type': 'P2P', 'hour': 15}]"
15,79,0.0,0.094562374,0.4745604390846741,0,0.0,0.0,-0.6312759020905965,0.10765802897775503,Barriera_di_Milano,1.05,1.05,8,8,0.10045645905901829,"[{'sender': 77, 'receiver': 79, 'amount': 0.3799980580806732, 'price_per_kWh': 0.09170156962565743, 'type': 'P2P', 'hour': 15}]"
15,92,2.25,0.756757,0.9846760754057516,10,1.741661548614502,0.0,-0.639637824593129,0.0,Barriera_di_Milano,1.0,1.05,0,9,0.10045645905901829,[]
15,93,0.75,0.25077215,0.41085567999022105,10,0.0,0.0,-0.39134107241663946,0.09221089471204465,Barriera_di_Milano,1.02,1.1,3,10,0.10045645905901829,"[{'sender': 'Aggregator', 'receiver': 93, 'amount': 0.16008353233337402, 'price_per_kWh': 0.11075324611256768, 'type': 'GRID_buy', 'hour': 15}]"
15,98,3.25,1.0678619,0.6956416893090971,15,7.106065273284912,0.0,-0.3326046042559817,0.0,Barriera_di_Milano,1.0,1.05,0,8,0.10045645905901829,[]
15,3,0.25,0.09563398,0.692586530378079,0,0.0,0.0,-0.8944263613352104,0.09790461054117404,San_Salvario,1.05,1.05,7,9,0.10045645905901829,"[{'sender': 1, 'receiver': 3, 'amount': 0.18549883365631104, 'price_per_kWh': 0.0908214572825834, 'type': 'P2P', 'hour': 15}, {'sender': 7, 'receiver': 3, 'amount': 0.4114537239074707, 'price_per_kWh': 0.09097687509955543, 'type': 'P2P', 'hour': 15}]"
15,5,2.75,0.88090605,0.4532332054494755,15,6.365814208984375,0.0,-0.2599181618212527,0.0,San_Salvario,1.0,1.05,0,8,0.10045645905901829,[]
15,9,1.75,0.557409,0.5912227127485277,0,0.0,0.0,-0.22567058466111456,0.09198148812628784,San_Salvario,1.05,1.05,5,9,0.10045645905901829,"[{'sender': 'Aggregator', 'receiver': 9, 'amount': 0.0338137149810791, 'price_per_kWh': 0.11075324611256768, 'type': 'GRID_buy', 'hour': 15}]"
15,11,2.25,0.7731089,0.5676212103538826,10,3.8780064582824707,0.0,-0.3961634595548117,0.0,San_Salvario,1.0,1.05,0,9,0.10045645905901829,[]
15,12,0.75,0.25505733,0.8218906295832964,10,0.0,0.0,-1.0249854449998246,0.10199912857863722,San_Salvario,1.05,1.05,8,8,0.10045645905901829,"[{'sender': 46, 'receiver': 12, 'amount': 0.18629080057144165, 'price_per_kWh': 0.09089732869029885, 'type': 'P2P', 'hour': 15}, {'sender': 53, 'receiver': 12, 'amount': 0.380542516708374, 'price_per_kWh': 0.09094787613377601, 'type': 'P2P', 'hour': 15}]"
15,13,4.5,1.4791632,0.4626987596860525,0,0.0,0.0,1.1665983392479802,0.08426851191939251,San_Salvario,1.05,1.05,7,7,0.10045645905901829,"[{'sender': 13, 'receiver': 16, 'amount': 0.5818247199058533, 'price_per_kWh': 0.09065875972581627, 'type': 'P2P', 'hour': 15}, {'sender': 13, 'receiver': 21, 'amount': 0.43463975191116333, 'price_per_kWh': 0.09056496132744535, 'type': 'P2P', 'hour': 15}]"
15,21,0.0,0.0971114,1.1352667596592687,15,0.0,0.0,-1.5141655560525875,0.09686141073549819,San_Salvario,1.05,1.05,7,9,0.10045645905901829,"[{'sender': 13, 'receiver': 21, 'amount': 0.43463975191116333, 'price_per_kWh': 0.09056496132744535, 'type': 'P2P', 'hour': 15}, {'sender': 61, 'receiver': 21, 'amount': 0.19133096933364868, 'price_per_kWh': 0.09165099797666496, 'type': 'P2P', 'hour': 15}, {'sender': 65, 'receiver': 21, 'amount': 0.4121847152709961, 'price_per_kWh': 0.09272289477183844, 'type': 'P2P', 'hour': 15}]"
15,24,2.25,0.76185095,0.8865538391758566,15,1.7075772285461426,0.0,-0.6238505380596778,0.0,San_Salvario,1.0,1.05,0,9,0.10045645905901829,[]
15,28,3.25,1.0593237,0.5784996888723477,10,7.723927021026611,0.0,-0.28204273923126677,0.0,San_Salvario,1.0,1.05,0,8,0.10045645905901829,[]
15,33,0.5,0.16325313,0.5439669725775975,15,0.0,0.0,-0.5924495635562919,0.11022188114644084,San_Salvario,1.05,1.05,8,8,0.10045645905901829,"[{'sender': 0, 'receiver': 33, 'amount': 0.3807138204574585, 'price_per_kWh': 0.09076978532769545, 'type': 'P2P', 'hour': 15}]"
15,36,1.75,0.55775625,0.8804244086803985,10,0.3231131434440613,0.0,-0.5968561152395252,0.0,San_Salvario,1.0,1.05,0,9,0.10045645905901829,[]
15,40,2.75,0.884135,0.6389848180993876,15,4.96983003616333,0.0,-0.40331532229766515,0.0,San_Salvario,1.0,1.05,0,9,0.10045645905901829,[]
15,43,2.25,0.75235724,0.371591077774654,15,5.524172782897949,0.0,-0.21736562862698,0.0,San_Salvario,1.0,1.05,0,8,0.10045645905901829,[]
15,44,3.25,1.0785698,0.8933830752796849,10,4.693537712097168,0.0,-0.6178825096768983,0.0,San_Salvario,1.0,1.05,0,9,0.10045645905901829,[]
15,50,1.25,0.42441547,0.46765882911391177,10,1.3439483642578125,0.0,-0.3280592935433445,0.0,San_Salvario,1.0,1.05,0,9,0.10045645905901829,[]
15,52,2.75,0.8864201,0.47562503693612607,10,6.625974178314209,0.0,-0.2448974782789832,0.0,San_Salvario,1.0,1.05,0,8,0.10045645905901829,[]
15,56,0.5,0.1606499,0.720451922884124,15,0.0,0.0,-1.0435552574941422,0.10554285108083779,San_Salvario,1.05,1.05,7,9,0.10045645905901829,"[{'sender': 78, 'receiver': 56, 'amount': 0.5598020553588867, 'price_per_kWh': 0.090983950861253, 'type': 'P2P', 'hour': 15}]"
15,71,4.25,1.4337151,0.44112649054692105,10,10.0,0.0,0.004955358275598558,0.0804281168734795,San_Salvario,1.02,1.05,3,7,0.10045645905901829,"[{'sender': 71, 'receiver': 94, 'amount': 0.12401619553565979, 'price_per_kWh': 0.09110020642647707, 'type': 'P2P', 'hour': 15}, {'sender': 71, 'receiver': 81, 'amount': 0.7614060044288635, 'price_per_kWh': 0.09109795280550184, 'type': 'P2P', 'hour': 15}, {'sender': 71, 'receiver': 47, 'amount': 0.10716643929481506, 'price_per_kWh': 0.09067608040757869, 'type': 'P2P', 'hour': 15}]"
15,75,0.75,0.25339407,0.3316473240630999,0,0.0,0.0,-0.2650449479940588,0.11018429861077134,San_Salvario,1.02,1.05,4,8,0.10045645905901829,"[{'sender': 0, 'receiver': 75, 'amount': 0.023713111877441406, 'price_per_kWh': 0.09075099405986069, 'type': 'P2P', 'hour': 15}, {'sender': 77, 'receiver': 75, 'amount': 0.054540157318115234, 'price_per_kWh': 0.09296470444216556, 'type': 'P2P', 'hour': 15}]"
15,95,1.75,0.55650616,0.8394648516477023,0,0.0,0.0,-0.543055863922181,0.09709811203782903,San_Salvario,1.05,1.05,5,9,0.10045645905901829,"[{'sender': 7, 'receiver': 95, 'amount': 0.2829586863517761, 'price_per_kWh': 0.09057362584788294, 'type': 'P2P', 'hour': 15}]"
15,96,1.25,0.4282657,0.40342343446138546,15,1.439833641052246,0.0,-0.32352156816639666,0.0,San_Salvario,1.0,1.05,0,9,0.10045645905901829,[]
15,4,0.0,0.08395432,0.7924740392222166,15,0.0,0.0,-1.2065495191708646,0.10756565147136973,San_Donato,1.05,1.05,7,9,0.10045645905901829,"[{'sender': 77, 'receiver': 4, 'amount': 0.4111936390399933, 'price_per_kWh': 0.09165538087246478, 'type': 'P2P', 'hour': 15}, {'sender': 66, 'receiver': 4, 'amount': 0.04245743155479431, 'price_per_kWh': 0.09175414111675206, 'type': 'P2P', 'hour': 15}, {'sender': 78, 'receiver': 4, 'amount': 0.25486862659454346, 'price_per_kWh': 0.09199535105651896, 'type': 'P2P', 'hour': 15}]"
15,14,2.5,0.8119016,0.8437671179501958,0,0.0,0.0,-0.40880779834851905,0.09041371665563003,San_Donato,1.02,1.1,2,10,0.10045645905901829,"[{'sender': 'Aggregator', 'receiver': 14, 'amount': 0.031865477561950684, 'price_per_kWh': 0.11075324611256768, 'type': 'GRID_buy', 'hour': 15}]"
15,17,1.25,0.41086417,0.6983578198484394,10,0.0,0.0,-0.5089537444020688,0.0938520204955739,San_Donato,1.02,1.05,2,9,0.10045645905901829,"[{'sender': 'Aggregator', 'receiver': 17, 'amount': 0.14629900455474854, 'price_per_kWh': 0.11075324611256768, 'type': 'GRID_buy', 'hour': 15}]"
15,18,1.25,0.42168048,1.0233721893004086,15,0.0,0.0,-0.9854120258550166,0.10226602732756968,San_Donato,1.05,1.05,7,9,0.10045645905901829,"[{'sender': 83, 'receiver': 18, 'amount': 0.601691722869873, 'price_per_kWh': 0.0902692122906244, 'type': 'P2P', 'hour': 15}]"
15,22,2.0,0.626884,0.9734630203166306,10,0.6416599750518799,0.0,-0.7003055260916988,0.0,San_Donato,1.0,1.05,0,9,0.10045645905901829,[]
15,29,2.0,0.6275488,0.39875915692145936,10,4.527140140533447,0.0,-0.2131311292352382,0.0,San_Donato,1.0,1.05,0,8,0.10045645905901829,[]
15,30,2.5,0.82349485,0.6456655738098814,10,4.314966678619385,0.0,-0.4023999763524487,0.0,San_Donato,1.0,1.05,0,9,0.10045645905901829,[]
15,39,3.25,1.0442706,1.0192755388178012,15,4.116214752197266,0.0,-0.7166304429568373,0.0,San_Donato,1.0,1.05,0,9,0.10045645905901829,[]
15,45,4.5,1.4645063,0.9439285089539979,15,10.202146530151367,0.0,-0.4515723717884573,0.0,San_Donato,1.0,1.05,0,8,0.10045645905901829,[]
15,53,4.25,1.3996162,0.9839514105030042,0,0.0,0.0,0.23211711578890287,0.07989662368891481,San_Donato,1.05,1.05,7,8,0.10045645905901829,"[{'sender': 53, 'receiver': 12, 'amount': 0.380542516708374, 'price_per_kWh': 0.09094787613377601, 'type': 'P2P', 'hour': 15}, {'sender': 53, 'receiver': 94, 'amount': 0.0351223349571228, 'price_per_kWh': 0.09083445983419472, 'type': 'P2P', 'hour': 15}]"
15,54,0.75,0.23863176,0.7633930880418466,10,0.0,0.0,-0.931889918520534,0.10213630273713062,San_Donato,1.05,1.05,7,9,0.10045645905901829,"[{'sender': 83, 'receiver': 54, 'amount': 0.3377796411514282, 'price_per_kWh': 0.09020434999540486, 'type': 'P2P', 'hour': 15}, {'sender': 46, 'receiver': 54, 'amount': 0.1869816780090332, 'price_per_kWh': 0.09096591576954555, 'type': 'P2P', 'hour': 15}]"
15,57,2.25,0.73690265,0.7339987992141376,10,3.4601869583129883,0.0,-0.4202226955296639,0.0,San_Donato,1.02,1.05,1,8,0.10045645905901829,[]
15,58,3.0,0.9535719,1.021637428240148,0,0.0,0.0,-0.3111273077690065,0.09398194954996861,San_Donato,1.02,1.1,4,10,0.10045645905901829,"[{'sender': 'Aggregator', 'receiver': 58, 'amount': 0.06806552410125732, 'price_per_kWh': 0.11075324611256768, 'type': 'GRID_buy', 'hour': 15}]"
15,63,0.75,0.24851048,0.9421097465496617,10,0.0,0.0,-1.331897315043851,0.10042947073356678,San_Donato,1.05,1.05,7,9,0.10045645905901829,"[{'sender': 48, 'receiver': 63, 'amount': 0.22309666872024536, 'price_per_kWh': 0.09078194090246089, 'type': 'P2P', 'hour': 15}, {'sender': 19, 'receiver': 63, 'amount': 0.4705026149749756, 'price_per_kWh': 0.09093917967021822, 'type': 'P2P', 'hour': 15}]"
15,66,1.5,0.5054194,0.4629619350578426,0,0.0,0.0,-0.15559777859463225,0.07594263076213438,San_Donato,1.05,1.05,5,9,0.10045645905901829,"[{'sender': 66, 'receiver': 4, 'amount': 0.04245743155479431, 'price_per_kWh': 0.09175414111675206, 'type': 'P2P', 'hour': 15}]"
15,72,2.5,0.82349485,0.3756322949499232,0,0.0,0.0,0.35982314196693277,0.08282982326798673,San_Donato,1.05,1.05,6,8,0.10045645905901829,"[{'sender': 72, 'receiver': 15, 'amount': 0.44786256551742554, 'price_per_kWh': 0.09067403741902441, 'type': 'P2P', 'hour': 15}]"
15,77,4.0,1.3253211,0.479589179207116,0,0.0,0.0,0.9594016981669412,0.0757451102735598,San_Donato,1.02,1.05,4,7,0.10045645905901829,"[{'sender': 77, 'receiver': 75, 'amount': 0.054540157318115234, 'price_per_kWh': 0.09296470444216556, 'type': 'P2P', 'hour': 15}, {'sender': 77, 'receiver': 79, 'amount': 0.3799980580806732, 'price_per_kWh': 0.09170156962565743, 'type': 'P2P', 'hour': 15}, {'sender': 77, 'receiver': 4, 'amount': 0.4111936390399933, 'price_per_kWh': 0.09165538087246478, 'type': 'P2P', 'hour': 15}]"
15,80,2.25,0.74667597,0.484973896344943,0,0.0,0.0,0.21600803860317014,0.0820551460913736,San_Donato,1.05,1.05,5,8,0.10045645905901829,"[{'sender': 80, 'receiver': 82, 'amount': 0.1483657956123352, 'price_per_kWh': 0.0907961028881216, 'type': 'P2P', 'hour': 15}, {'sender': 80, 'receiver': 15, 'amount': 0.11333626508712769, 'price_per_kWh': 0.09028669883071785, 'type': 'P2P', 'hour': 15}]"
15,81,0.5,0.15103392,0.9124399452959734,0,0.0,0.0,-1.2633568041933954,0.10176778873752419,San_Donato,1.05,1.05,7,9,0.10045645905901829,"[{'sender': 71, 'receiver': 81, 'amount': 0.7614060044288635, 'price_per_kWh': 0.09109795280550184, 'type': 'P2P', 'hour': 15}]"
15,99,1.25,0.4216479,0.8615179187883617,0,0.0,0.0,-0.9311673284929037,0.10526941978190887,San_Donato,1.05,1.05,7,9,0.10045645905901829,"[{'sender': 27, 'receiver': 99, 'amount': 0.4398699998855591, 'price_per_kWh': 0.09159557897675664, 'type': 'P2P', 'hour': 15}]"
15,2,0.5,0.16098283,0.3502030294942879,0,0.0,0.0,-0.3960474910202038,0.09121608665546745,Centro,1.05,1.1,6,10,0.10045645905901829,"[{'sender': 'Aggregator', 'receiver': 2, 'amount': 0.18922020494937897, 'price_per_kWh': 0.11075324611256768, 'type': 'GRID_buy', 'hour': 15}]"
15,6,4.5,1.4742942,0.8350203618742632,0,0.0,0.0,0.4260544339128892,0.08866524161370325,Centro,1.05,1.05,5,8,0.10045645905901829,"[{'sender': 6, 'receiver': 67, 'amount': 0.6392738223075867, 'price_per_kWh': 0.09238998344666861, 'type': 'P2P', 'hour': 15}]"
15,10,1.5,0.50902796,0.4089964133539926,15,2.489614725112915,0.0,-0.26481477954093885,0.0,Centro,1.0,1.05,0,9,0.10045645905901829,[]
15,15,1.0,0.33954343,1.1216582388596976,15,0.0,0.0,-1.2158092830922025,0.09851825157006211,Centro,1.05,1.05,7,9,0.10045645905901829,"[{'sender': 80, 'receiver': 15, 'amount': 0.11333626508712769, 'price_per_kWh': 0.09028669883071785, 'type': 'P2P', 'hour': 15}, {'sender': 72, 'receiver': 15, 'amount': 0.44786256551742554, 'price_per_kWh': 0.09067403741902441, 'type': 'P2P', 'hour': 15}, {'sender': 1, 'receiver': 15, 'amount': 0.22091591358184814, 'price_per_kWh': 0.09112827779702742, 'type': 'P2P', 'hour': 15}]"
15,23,2.75,0.8791175,0.8174491535079506,15,4.237364292144775,0.0,-0.49386515556446864,0.0,Centro,1.0,1.05,0,9,0.10045645905901829,[]
15,25,3.25,1.0575105,0.8002634218360465,10,5.880347728729248,0.0,-0.45371236974421175,0.0,Centro,1.0,1.05,0,9,0.10045645905901829,[]
15,37,4.5,1.4754826,0.8393503544464949,10,9.843947410583496,0.0,-0.44365498931748776,0.0,Centro,1.0,1.05,0,8,0.10045645905901829,[]
15,60,4.25,1.4121025,0.3947177001768273,15,13.52882194519043,0.0,-0.1513910538467433,0.0,Centro,1.0,1.05,0,7,0.10045645905901829,[]
15,62,2.25,0.74976116,0.7013570968208239,15,2.738856315612793,0.0,-0.5409843175841305,0.0,Centro,1.0,1.05,0,9,0.10045645905901829,[]
15,73,2.25,0.7503518,0.7648485273221333,10,2.7310614585876465,0.0,-0.5179867597130189,0.0,Centro,1.0,1.05,0,9,0.10045645905901829,[]
15,85,2.0,0.6410429,0.44656461311325885,15,3.723095655441284,0.0,-0.2912173328705084,0.0,Centro,1.02,1.05,1,8,0.10045645905901829,[]
15,87,3.5,1.1699706,0.9439320873665265,0,0.0,0.0,-0.01388534999452136,0.08178134447768665,Centro,1.02,1.05,3,9,0.10045645905901829,"[{'sender': 87, 'receiver': 82, 'amount': 0.22603851556777954, 'price_per_kWh': 0.09065920208127812, 'type': 'P2P', 'hour': 15}]"
15,88,2.5,0.8244703,0.8472355143364739,10,2.761709213256836,0.0,-0.6344756147712315,0.0,Centro,1.0,1.05,0,9,0.10045645905901829,[]
15,89,4.75,1.5828036,1.028229490220327,0,0.0,0.0,0.40912784926572315,0.08977708431517337,Centro,1.05,1.05,6,8,0.10045645905901829,"[{'sender': 89, 'receiver': 67, 'amount': 0.08188363909721375, 'price_per_kWh': 0.09294590479740367, 'type': 'P2P', 'hour': 15}, {'sender': 89, 'receiver': 91, 'amount': 0.4589671492576599, 'price_per_kWh': 0.0924823959815525, 'type': 'P2P', 'hour': 15}, {'sender': 89, 'receiver': 20, 'amount': 0.01372334361076355, 'price_per_kWh': 0.09196366230231048, 'type': 'P2P', 'hour': 15}]"
15,97,3.0,0.9684394,0.8592270330278113,15,4.031805038452148,0.0,-0.6201301580231897,0.0,Centro,1.0,1.05,0,9,0.10045645905901829,[]
15,7,4.25,1.4144828,0.500189557861692,0,0.0,0.0,0.9167948299372013,0.08404913965793684,Lingotto,1.05,1.05,7,7,0.10045645905901829,"[{'sender': 7, 'receiver': 3, 'amount': 0.4114537239074707, 'price_per_kWh': 0.09097687509955543, 'type': 'P2P', 'hour': 15}, {'sender': 7, 'receiver': 95, 'amount': 0.2829586863517761, 'price_per_kWh': 0.09057362584788294, 'type': 'P2P', 'hour': 15}, {'sender': 7, 'receiver': 16, 'amount': 0.2198808789253235, 'price_per_kWh': 0.09054907359508844, 'type': 'P2P', 'hour': 15}]"
15,8,3.25,1.0506693,0.5499672301910682,15,8.20601749420166,0.0,-0.24664595482913004,0.0,Lingotto,1.0,1.05,0,8,0.10045645905901829,[]
15,16,0.0,0.09732544,0.8990310429341364,0,0.0,0.0,-1.3439897077332323,0.09704900753224005,Lingotto,1.05,1.05,7,9,0.10045645905901829,"[{'sender': 7, 'receiver': 16, 'amount': 0.2198808789253235, 'price_per_kWh': 0.09054907359508844, 'type': 'P2P', 'hour': 15}, {'sender': 13, 'receiver': 16, 'amount': 0.5818247199058533, 'price_per_kWh': 0.09065875972581627, 'type': 'P2P', 'hour': 15}]"
15,19,4.25,1.4060954,0.5721004418086689,10,10.0,0.0,-0.13349992889877987,0.08144888860686965,Lingotto,1.02,1.05,2,8,0.10045645905901829,"[{'sender': 19, 'receiver': 63, 'amount': 0.4705026149749756, 'price_per_kWh': 0.09093917967021822, 'type': 'P2P', 'hour': 15}, {'sender': 19, 'receiver': 82, 'amount': 0.36349231004714966, 'price_per_kWh': 0.09049297414586963, 'type': 'P2P', 'hour': 15}]"
15,20,0.5,0.15583274,0.40745096314917767,0,0.0,0.0,-0.4425135911371756,0.09415024028944759,Lingotto,1.05,1.1,7,10,0.10045645905901829,"[{'sender': 89, 'receiver': 20, 'amount': 0.01372334361076355, 'price_per_kWh': 0.09196366230231048, 'type': 'P2P', 'hour': 15}, {'sender': 'Aggregator', 'receiver': 20, 'amount': 0.23789489269256592, 'price_per_kWh': 0.11075324611256768, 'type': 'GRID_buy', 'hour': 15}]"
15,27,4.25,1.4150183,0.6435638389380135,0,0.0,0.0,0.6957421957629338,0.07792173817160442,Lingotto,1.05,1.05,5,8,0.10045645905901829,"[{'sender': 27, 'receiver': 59, 'amount': 0.05853772163391113, 'price_per_kWh': 0.09172106916485603, 'type': 'P2P', 'hour': 15}, {'sender': 27, 'receiver': 99, 'amount': 0.4398699998855591, 'price_per_kWh': 0.09159557897675664, 'type': 'P2P', 'hour': 15}, {'sender': 27, 'receiver': 74, 'amount': 0.27304673194885254, 'price_per_kWh': 0.0911066808604512, 'type': 'P2P', 'hour': 15}]"
15,32,2.25,0.7430092,0.5414911666281044,0,0.0,0.0,0.04019498775713854,0.07698400984595977,Lingotto,1.02,1.05,3,8,0.10045645905901829,"[{'sender': 32, 'receiver': 59, 'amount': 0.20151805877685547, 'price_per_kWh': 0.09125220500203371, 'type': 'P2P', 'hour': 15}]"
15,41,0.75,0.2525093,0.3888237313127292,0,0.0,0.0,-0.2979514811323532,0.09390054703000539,Lingotto,1.02,1.1,4,10,0.10045645905901829,"[{'sender': 'Aggregator', 'receiver': 41, 'amount': 0.13631442189216614, 'price_per_kWh': 0.11075324611256768, 'type': 'GRID_buy', 'hour': 15}]"
15,42,4.0,1.3306181,1.03764383470191,15,6.998960971832275,0.0,-0.5940886687424194,0.0,Lingotto,1.02,1.05,1,9,0.10045645905901829,[]
15,48,4.5,1.4701211,0.5344029602318882,0,0.0,0.0,0.9722052412094467,0.081134411071355,Lingotto,1.05,1.05,5,7,0.10045645905901829,"[{'sender': 48, 'receiver': 47, 'amount': 0.3187398910522461, 'price_per_kWh': 0.09102922750651643, 'type': 'P2P', 'hour': 15}, {'sender': 48, 'receiver': 49, 'amount': 0.393881618976593, 'price_per_kWh': 0.09098033385351367, 'type': 'P2P', 'hour': 15}, {'sender': 48, 'receiver': 63, 'amount': 0.22309666872024536, 'price_per_kWh': 0.09078194090246089, 'type': 'P2P', 'hour': 15}]"
15,49,0.5,0.16478874,0.5586703268885197,10,0.0,0.0,-0.6541319847436685,0.10082625663567235,Lingotto,1.05,1.05,8,8,0.10045645905901829,"[{'sender': 48, 'receiver': 49, 'amount': 0.393881618976593, 'price_per_kWh': 0.09098033385351367, 'type': 'P2P', 'hour': 15}]"
15,51,0.25,0.09732544,0.9821110130220915,0,0.0,0.0,-1.3410448161856716,0.09072973568608639,Lingotto,1.05,1.05,7,9,0.10045645905901829,"[{'sender': 'Aggregator', 'receiver': 51, 'amount': 0.8847855925559998, 'price_per_kWh': 0.11075324611256768, 'type': 'GRID_buy', 'hour': 15}]"
15,64,0.5,0.16485013,1.01764163969013,10,0.0,0.0,-1.3357540406701989,0.09279470306420776,Lingotto,1.05,1.1,6,10,0.10045645905901829,"[{'sender': 'Aggregator', 'receiver': 64, 'amount': 0.8527915477752686, 'price_per_kWh': 0.11075324611256768, 'type': 'GRID_buy', 'hour': 15}]"
15,70,2.0,0.6324001,0.8382089932333506,10,1.1935107707977295,0.0,-0.6315207690496377,0.0,Lingotto,1.0,1.05,0,9,0.10045645905901829,[]
15,76,3.5,1.1722714,0.9599422004208603,15,5.533939361572266,0.0,-0.573398510298082,0.0,Lingotto,1.02,1.05,1,8,0.10045645905901829,[]
15,82,0.25,0.087524176,0.82542079868686,0,0.0,0.0,-1.292812448837013,0.09953705968486959,Lingotto,1.05,1.05,7,9,0.10045645905901829,"[{'sender': 19, 'receiver': 82, 'amount': 0.36349231004714966, 'price_per_kWh': 0.09049297414586963, 'type': 'P2P', 'hour': 15}, {'sender': 87, 'receiver': 82, 'amount': 0.22603851556777954, 'price_per_kWh': 0.09065920208127812, 'type': 'P2P', 'hour': 15}, {'sender': 80, 'receiver': 82, 'amount': 0.1483657956123352, 'price_per_kWh': 0.0907961028881216, 'type': 'P2P', 'hour': 15}]"
15,83,4.5,1.4782596,0.4434585209786355,0,0.0,0.0,1.098955497418823,0.07827239725367911,Lingotto,1.05,1.05,7,7,0.10045645905901829,"[{'sender': 83, 'receiver': 74, 'amount': 0.0953296422958374, 'price_per_kWh': 0.09128201040148856, 'type': 'P2P', 'hour': 15}, {'sender': 83, 'receiver': 18, 'amount': 0.601691722869873, 'price_per_kWh': 0.0902692122906244, 'type': 'P2P', 'hour': 15}, {'sender': 83, 'receiver': 54, 'amount': 0.3377796411514282, 'price_per_kWh': 0.09020434999540486, 'type': 'P2P', 'hour': 15}]"
15,84,1.25,0.42618218,0.5445260061150512,15,0.1873217523097992,0.0,-0.4868127268917021,0.0,Lingotto,1.0,1.05,0,9,0.10045645905901829,[]
15,86,3.25,1.0506693,0.9434563110826261,15,5.025284290313721,0.0,-0.6027782678901579,0.0,Lingotto,1.0,1.05,0,9,0.10045645905901829,[]
15,90,1.75,0.55917567,0.7318285076404607,10,0.9524227380752563,0.0,-0.5288057469262074,0.0,Lingotto,1.0,1.05,0,9,0.10045645905901829,[]
15,91,1.0,0.32864827,0.7876154396238939,10,0.0,0.0,-0.9451532841957364,0.09518770764793162,Lingotto,1.05,1.05,7,9,0.10045645905901829,"[{'sender': 89, 'receiver': 91, 'amount': 0.4589671492576599, 'price_per_kWh': 0.0924823959815525, 'type': 'P2P', 'hour': 15}]"
15,94,1.25,0.4261208,0.6659662370294942,15,0.0,0.0,-0.5436689998719909,0.10177229597947463,Lingotto,1.02,1.05,2,9,0.10045645905901829,"[{'sender': 53, 'receiver': 94, 'amount': 0.0351223349571228, 'price_per_kWh': 0.09083445983419472, 'type': 'P2P', 'hour': 15}, {'sender': 71, 'receiver': 94, 'amount': 0.12401619553565979, 'price_per_kWh': 0.09110020642647707, 'type': 'P2P', 'hour': 15}]"
16,0,4.0,0.7365796,1.014882752917674,0,0.0,0.0,0.15568097561348734,0.10217955269489967,Barriera_di_Milano,1.02,1.1,3,10,0.10108611446033858,"[{'sender': 'Aggregator', 'receiver': 0, 'amount': 0.27830320596694946, 'price_per_kWh': 0.1114474411925233, 'type': 'GRID_buy', 'hour': 16}]"
16,1,3.75,0.69045776,0.5870258468378676,10,10.0,0.0,-0.19473941732811148,0.07096425964198622,Barriera_di_Milano,1.02,1.05,2,8,0.10108611446033858,"[{'sender': 1, 'receiver': 20, 'amount': 0.10343194007873535, 'price_per_kWh': 0.0906546581244346, 'type': 'P2P', 'hour': 16}]"
16,26,4.0,0.737529,0.980287452653123,10,7.266439437866211,0.0,-0.5843724336784757,0.0,Barriera_di_Milano,1.0,1.05,0,9,0.10108611446033858,[]
16,31,3.75,0.69106376,1.0939706441292638,10,5.8058905601501465,0.0,-0.6258449224738859,0.0,Barriera_di_Milano,1.0,1.05,0,9,0.10108611446033858,[]
16,34,3.75,0.6911128,0.4729172595333001,15,11.147624015808105,0.0,-0.20969532190244689,0.0,Barriera_di_Milano,1.0,1.05,0,8,0.10108611446033858,[]
16,35,4.5,0.82119936,0.902924339951169,15,10.875423431396484,0.0,-0.40845822047171454,0.0,Barriera_di_Milano,1.0,1.05,0,8,0.10108611446033858,[]
16,38,3.75,0.69205856,0.3648208893230601,15,12.139533042907715,0.0,-0.1600143910567829,0.0,Barriera_di_Milano,1.0,1.05,0,7,0.10108611446033858,[]
16,46,3.75,0.6920686,0.9028467808434393,0,0.0,0.0,0.15942957117611622,0.09335818625920515,Barriera_di_Milano,1.02,1.05,3,9,0.10108611446033858,"[{'sender': 'Aggregator', 'receiver': 46, 'amount': 0.21077817678451538, 'price_per_kWh': 0.1114474411925233, 'type': 'GRID_buy', 'hour': 16}]"
16,47,1.25,0.2270972,0.8853439251195294,10,0.0,0.0,-1.0642652414451184,0.10422844607233119,Barriera_di_Milano,1.05,1.1,7,10,0.10108611446033858,"[{'sender': 'Aggregator', 'receiver': 47, 'amount': 0.6582466959953308, 'price_per_kWh': 0.1114474411925233, 'type': 'GRID_buy', 'hour': 16}]"
16,55,2.25,0.4095053,0.4525889847305642,10,5.205427169799805,0.0,-0.23440078621511332,0.0,Barriera_di_Milano,1.0,1.05,0,8,0.10108611446033858,[]
16,59,0.75,0.13235004,0.7651921256528924,0,0.0,0.0,-1.016104444040269,0.1000956161481183,Barriera_di_Milano,1.05,1.1,8,10,0.10108611446033858,"[{'sender': 'Aggregator', 'receiver': 59, 'amount': 0.6328421235084534, 'price_per_kWh': 0.1114474411925233, 'type': 'GRID_buy', 'hour': 16}]"
16,61,2.5,0.44676468,0.627126627500174,0,0.0,0.0,0.11378644036058587,0.09670070470569116,Barriera_di_Milano,1.05,1.05,5,9,0.10108611446033858,"[{'sender': 'Aggregator', 'receiver': 61, 'amount': 0.18036195635795593, 'price_per_kWh': 0.1114474411925233, 'type': 'GRID_buy', 'hour': 16}]"
16,65,3.25,0.59835976,0.48814089523922194,0,0.0,0.0,0.6207758437351222,0.08890453121297888,Barriera_di_Milano,1.02,1.05,4,8,0.10108611446033858,"[{'sender': 65, 'receiver': 36, 'amount': 0.07098963856697083, 'price_per_kWh': 0.09871313125563524, 'type': 'P2P', 'hour': 16}, {'sender': 65, 'receiver': 3, 'amount': 0.039229243993759155, 'price_per_kWh': 0.09867762622755291, 'type': 'P2P', 'hour': 16}]"
16,67,0.25,0.07347198,0.8207118233093185,0,0.0,0.0,-1.413790082494535,0.10993883267364471,Barriera_di_Milano,1.05,1.05,8,9,0.10108611446033858,"[{'sender': 78, 'receiver': 67, 'amount': 0.17718616127967834, 'price_per_kWh': 0.09277041396338964, 'type': 'P2P', 'hour': 16}, {'sender': 77, 'receiver': 67, 'amount': 0.2841307520866394, 'price_per_kWh': 0.09434639355483994, 'type': 'P2P', 'hour': 16}, {'sender': 19, 'receiver': 67, 'amount': 0.23103010654449463, 'price_per_kWh': 0.09502811034300437, 'type': 'P2P', 'hour': 16}, {'sender': 48, 'receiver': 67, 'amount': 0.05489286780357361, 'price_per_kWh': 0.0962443038426285, 'type': 'P2P', 'hour': 16}]"
16,68,2.75,0.48224023,0.4019509621157929,10,7.457030773162842,0.0,-0.1938043890013882,0.0,Barriera_di_Milano,1.0,1.05,0,8,0.10108611446033858,[]
16,69,0.5,0.09854471,0.3607369596288695,0,0.0,0.0,-0.4161374562723805,0.09671725973469883,Barriera_di_Milano,1.05,1.1,7,10,0.10108611446033858,"[{'sender': 'Aggregator', 'receiver': 69, 'amount': 0.2621922492980957, 'price_per_kWh': 0.1114474411925233, 'type': 'GRID_buy', 'hour': 16}]"
16,74,2.0,0.36268407,0.9847460983665455,0,0.0,0.0,-0.7048864566315036,0.10980212255751626,Barriera_di_Milano,1.05,1.05,5,8,0.10108611446033858,"[{'sender': 48, 'receiver': 74, 'amount': 0.2021920382976532, 'price_per_kWh': 0.09617594878456429, 'type': 'P2P', 'hour': 16}, {'sender': 71, 'receiver': 74, 'amount': 0.31975799798965454, 'price_per_kWh': 0.0966071174987737, 'type': 'P2P', 'hour': 16}, {'sender': 7, 'receiver': 74, 'amount': 0.10011199116706848, 'price_per_kWh': 0.09673304926709063, 'type': 'P2P', 'hour': 16}]"
16,78,4.75,0.8674442,0.5761348457353018,0,0.0,0.0,1.1820458445369024,0.07560199525313457,Barriera_di_Milano,1.05,1.05,5,7,0.10108611446033858,"[{'sender': 78, 'receiver': 53, 'amount': 0.11412319540977478, 'price_per_kWh': 0.09283369313572534, 'type': 'P2P', 'hour': 16}, {'sender': 78, 'receiver': 67, 'amount': 0.17718616127967834, 'price_per_kWh': 0.09277041396338964, 'type': 'P2P', 'hour': 16}]"
16,79,0.0,0.07256147,0.49547122099241203,0,0.0,0.0,-0.6784081100937818,0.10811414485773263,Barriera_di_Milano,1.05,1.05,8,9,0.10108611446033858,"[{'sender': 'Aggregator', 'receiver': 79, 'amount': 0.4229097366333008, 'price_per_kWh': 0.1114474411925233, 'type': 'GRID_buy', 'hour': 16}]"
16,92,2.25,0.41188657,0.972028512522788,10,1.181519627571106,0.0,-0.639637824593129,0.0,Barriera_di_Milano,1.0,1.05,0,9,0.10108611446033858,[]
16,93,0.75,0.13288324,0.3907055708791012,10,0.0,0.0,-0.4214429804558734,0.10532120065566923,Barriera_di_Milano,1.02,1.1,3,11,0.10108611446033858,"[{'sender': 'Aggregator', 'receiver': 93, 'amount': 0.25782233476638794, 'price_per_kWh': 0.11675446220169107, 'type': 'GRID_buy', 'hour': 16}]"
16,98,3.25,0.5991457,0.6357899267172235,15,7.06942081451416,0.0,-0.3326046042559817,0.0,Barriera_di_Milano,1.0,1.05,0,8,0.10108611446033858,[]
16,3,0.25,0.07415659,0.5787042439284813,0,0.0,0.0,-0.944027086518626,0.10845072124212694,San_Salvario,1.05,1.1,8,10,0.10108611446033858,"[{'sender': 65, 'receiver': 3, 'amount': 0.039229243993759155, 'price_per_kWh': 0.09867762622755291, 'type': 'P2P', 'hour': 16}, {'sender': 13, 'receiver': 3, 'amount': 0.36502107977867126, 'price_per_kWh': 0.09970798611695017, 'type': 'P2P', 'hour': 16}, {'sender': 'Aggregator', 'receiver': 3, 'amount': 0.10029733180999756, 'price_per_kWh': 0.1114474411925233, 'type': 'GRID_buy', 'hour': 16}]"
16,5,2.75,0.4831925,0.4846218953829792,15,6.364384651184082,0.0,-0.2599181618212527,0.0,San_Salvario,1.0,1.05,0,8,0.10108611446033858,[]
16,9,1.75,0.32727426,0.5626416524187087,0,0.0,0.0,-0.25190168106324995,0.10692136595654957,San_Salvario,1.05,1.1,5,10,0.10108611446033858,"[{'sender': 'Aggregator', 'receiver': 9, 'amount': 0.23536741733551025, 'price_per_kWh': 0.1114474411925233, 'type': 'GRID_buy', 'hour': 16}]"
16,11,2.25,0.42533195,0.5919003778249808,10,3.7114381790161133,0.0,-0.3961634595548117,0.0,San_Salvario,1.0,1.05,0,9,0.10108611446033858,[]
16,12,0.75,0.13808078,0.7891240805758423,10,0.0,0.0,-1.097542554429001,0.10720395739848969,San_Salvario,1.05,1.05,8,9,0.10108611446033858,"[{'sender': 'Aggregator', 'receiver': 12, 'amount': 0.6510432958602905, 'price_per_kWh': 0.1114474411925233, 'type': 'GRID_buy', 'hour': 16}]"
16,13,4.5,0.822757,0.45773591226469756,0,0.0,0.0,1.2048136318406943,0.09096525099177338,San_Salvario,1.05,1.05,8,7,0.10108611446033858,"[{'sender': 13, 'receiver': 3, 'amount': 0.36502107977867126, 'price_per_kWh': 0.09970798611695017, 'type': 'P2P', 'hour': 16}]"
16,21,0.0,0.07682562,1.007553524646087,15,0.0,0.0,-1.617892805493725,0.09426371396938484,San_Salvario,1.05,1.1,7,10,0.10108611446033858,"[{'sender': 'Aggregator', 'receiver': 21, 'amount': 0.9307279586791992, 'price_per_kWh': 0.1114474411925233, 'type': 'GRID_buy', 'hour': 16}]"
16,24,2.25,0.41756,0.8164248301649663,15,1.308712363243103,0.0,-0.6238505380596778,0.0,San_Salvario,1.0,1.05,0,9,0.10108611446033858,[]
16,28,3.25,0.5993581,0.5311681004040048,10,7.792117118835449,0.0,-0.28204273923126677,0.0,San_Salvario,1.0,1.05,0,8,0.10108611446033858,[]
16,33,0.5,0.09928051,0.5033692043673695,15,0.0,0.0,-0.637484215830062,0.09498720549486046,San_Salvario,1.05,1.05,8,9,0.10108611446033858,"[{'sender': 'Aggregator', 'receiver': 33, 'amount': 0.40408870577812195, 'price_per_kWh': 0.1114474411925233, 'type': 'GRID_buy', 'hour': 16}]"
16,36,1.75,0.3276215,0.8770277252172098,10,0.0,0.0,-0.6193950575342814,0.10852173129829162,San_Salvario,1.02,1.05,1,9,0.10108611446033858,"[{'sender': 27, 'receiver': 36, 'amount': 0.09279385209083557, 'price_per_kWh': 0.09614556357244179, 'type': 'P2P', 'hour': 16}, {'sender': 72, 'receiver': 36, 'amount': 0.06250965595245361, 'price_per_kWh': 0.09866756488740755, 'type': 'P2P', 'hour': 16}, {'sender': 65, 'receiver': 36, 'amount': 0.07098963856697083, 'price_per_kWh': 0.09871313125563524, 'type': 'P2P', 'hour': 16}]"
16,40,2.75,0.4862723,0.6663955178882769,15,4.789706707000732,0.0,-0.40331532229766515,0.0,San_Salvario,1.0,1.05,0,9,0.10108611446033858,[]
16,43,2.25,0.41150323,0.36953461711889063,15,5.566141605377197,0.0,-0.21736562862698,0.0,San_Salvario,1.0,1.05,0,8,0.10108611446033858,[]
16,44,3.25,0.6104896,0.9057677432278861,10,4.39825963973999,0.0,-0.6178825096768983,0.0,San_Salvario,1.0,1.05,0,9,0.10108611446033858,[]
16,50,1.25,0.2269432,0.4429958761690238,10,1.127895712852478,0.0,-0.3280592935433445,0.0,San_Salvario,1.0,1.05,0,9,0.10108611446033858,[]
16,52,2.75,0.4864122,0.49459119460783657,10,6.617794990539551,0.0,-0.2448974782789832,0.0,San_Salvario,1.0,1.05,0,8,0.10108611446033858,[]
16,56,0.5,0.09667729,0.848949322953996,15,0.0,0.0,-1.127394048072631,0.0952604327658648,San_Salvario,1.05,1.1,7,10,0.10108611446033858,"[{'sender': 'Aggregator', 'receiver': 56, 'amount': 0.7522720098495483, 'price_per_kWh': 0.1114474411925233, 'type': 'GRID_buy', 'hour': 16}]"
16,71,4.25,0.79585636,0.4760983625141905,10,10.0,0.0,0.03583390039916458,0.08341211244003113,San_Salvario,1.02,1.05,4,7,0.10108611446033858,"[{'sender': 71, 'receiver': 74, 'amount': 0.31975799798965454, 'price_per_kWh': 0.0966071174987737, 'type': 'P2P', 'hour': 16}]"
16,75,0.75,0.13775842,0.32943093688455266,0,0.0,0.0,-0.2864063597667471,0.10037736486673283,San_Salvario,1.02,1.05,4,9,0.10108611446033858,"[{'sender': 'Aggregator', 'receiver': 75, 'amount': 0.19167251884937286, 'price_per_kWh': 0.1114474411925233, 'type': 'GRID_buy', 'hour': 16}]"
16,95,1.75,0.3263715,0.7956111493750053,0,0.0,0.0,-0.5953514224611294,0.10537654577641441,San_Salvario,1.05,1.1,5,10,0.10108611446033858,"[{'sender': 'Aggregator', 'receiver': 95, 'amount': 0.46923965215682983, 'price_per_kWh': 0.1114474411925233, 'type': 'GRID_buy', 'hour': 16}]"
16,96,1.25,0.23064418,0.4340357166934819,15,1.2364420890808105,0.0,-0.32352156816639666,0.0,San_Salvario,1.0,1.05,0,9,0.10108611446033858,[]
16,4,0.0,0.064205445,0.9194174519662457,15,0.0,0.0,-1.3018607052601332,0.09578994566398656,San_Donato,1.05,1.1,7,10,0.10108611446033858,"[{'sender': 'Aggregator', 'receiver': 4, 'amount': 0.8552119731903076, 'price_per_kWh': 0.1114474411925233, 'type': 'GRID_buy', 'hour': 16}]"
16,14,2.5,0.4355093,0.9244235219797154,0,0.0,0.0,-0.46589071534545135,0.10601433598109414,San_Donato,1.02,1.1,2,11,0.10108611446033858,"[{'sender': 'Aggregator', 'receiver': 14, 'amount': 0.48891422152519226, 'price_per_kWh': 0.11675446220169107, 'type': 'GRID_buy', 'hour': 16}]"
16,17,1.25,0.2150665,0.6028832937344764,10,0.0,0.0,-0.5521749329386517,0.10502408106404028,San_Donato,1.02,1.1,2,10,0.10108611446033858,"[{'sender': 'Aggregator', 'receiver': 17, 'amount': 0.38781678676605225, 'price_per_kWh': 0.1114474411925233, 'type': 'GRID_buy', 'hour': 16}]"
16,18,1.25,0.22481494,0.9363652544230576,15,0.0,0.0,-1.0647124855518855,0.10133204103858555,San_Donato,1.05,1.1,7,10,0.10108611446033858,"[{'sender': 'Aggregator', 'receiver': 18, 'amount': 0.7115502953529358, 'price_per_kWh': 0.1114474411925233, 'type': 'GRID_buy', 'hour': 16}]"
16,22,2.0,0.34969154,0.9518463135391733,10,0.0395052433013916,0.0,-0.7003055260916988,0.0,San_Donato,1.0,1.05,0,9,0.10108611446033858,[]
16,29,2.0,0.35010773,0.3984630060417539,10,4.478785037994385,0.0,-0.2131311292352382,0.0,San_Donato,1.0,1.05,0,8,0.10108611446033858,[]
16,30,2.5,0.44611087,0.6476305641515463,10,4.113447189331055,0.0,-0.4023999763524487,0.0,San_Donato,1.0,1.05,0,9,0.10108611446033858,[]
16,39,3.25,0.58554596,1.0534276312056705,15,3.6483330726623535,0.0,-0.7166304429568373,0.0,San_Donato,1.0,1.05,0,9,0.10108611446033858,[]
16,45,4.5,0.8065373,0.9437325918543331,15,10.064950942993164,0.0,-0.4515723717884573,0.0,San_Donato,1.0,1.05,0,8,0.10108611446033858,[]
16,53,4.25,0.77028626,0.9650823718650993,0,0.0,0.0,0.21463797136804588,0.11006539101831611,San_Donato,1.05,1.05,8,8,0.10108611446033858,"[{'sender': 83, 'receiver': 53, 'amount': 0.08067288994789124, 'price_per_kWh': 0.09171307989912084, 'type': 'P2P', 'hour': 16}, {'sender': 78, 'receiver': 53, 'amount': 0.11412319540977478, 'price_per_kWh': 0.09283369313572534, 'type': 'P2P', 'hour': 16}]"
16,54,0.75,0.12372749,0.8036555237980549,10,0.0,0.0,-1.0076661548441308,0.0981454523302305,San_Donato,1.05,1.1,7,10,0.10108611446033858,"[{'sender': 'Aggregator', 'receiver': 54, 'amount': 0.6799280047416687, 'price_per_kWh': 0.1114474411925233, 'type': 'GRID_buy', 'hour': 16}]"
16,57,2.25,0.39764693,0.6937640287468985,10,3.164069890975952,0.0,-0.4202226955296639,0.0,San_Donato,1.02,1.05,1,8,0.10108611446033858,[]
16,58,3.0,0.54721236,1.0423066716223561,0,0.0,0.0,-0.36893177642481656,0.10585687442329682,San_Donato,1.02,1.1,4,11,0.10108611446033858,"[{'sender': 'Aggregator', 'receiver': 58, 'amount': 0.49509429931640625, 'price_per_kWh': 0.11675446220169107, 'type': 'GRID_buy', 'hour': 16}]"
16,63,0.75,0.1322899,1.1039782139157375,10,0.0,0.0,-1.4401894864355371,0.10310843805132823,San_Donato,1.05,1.1,7,10,0.10108611446033858,"[{'sender': 'Aggregator', 'receiver': 63, 'amount': 0.9716882705688477, 'price_per_kWh': 0.1114474411925233, 'type': 'GRID_buy', 'hour': 16}]"
16,66,1.5,0.2693194,0.4725255909612646,0,0.0,0.0,-0.17824459088162142,0.09425497576753215,San_Donato,1.05,1.1,5,10,0.10108611446033858,"[{'sender': 'Aggregator', 'receiver': 66, 'amount': 0.20320621132850647, 'price_per_kWh': 0.1114474411925233, 'type': 'GRID_buy', 'hour': 16}]"
16,72,2.5,0.44611087,0.3836012094116154,0,0.0,0.0,0.36616968009221956,0.08881339847652348,San_Donato,1.05,1.05,7,8,0.10108611446033858,"[{'sender': 72, 'receiver': 36, 'amount': 0.06250965595245361, 'price_per_kWh': 0.09866756488740755, 'type': 'P2P', 'hour': 16}]"
16,77,4.0,0.7248852,0.4407544733596046,0,0.0,0.0,0.986197687239637,0.07875395443603517,San_Donato,1.05,1.05,5,7,0.10108611446033858,"[{'sender': 77, 'receiver': 67, 'amount': 0.2841307520866394, 'price_per_kWh': 0.09434639355483994, 'type': 'P2P', 'hour': 16}]"
16,80,2.25,0.40665767,0.4448370610697989,0,0.0,0.0,0.2117530424362719,0.09907536105674958,San_Donato,1.05,1.05,5,9,0.10108611446033858,"[{'sender': 'Aggregator', 'receiver': 80, 'amount': 0.03817939758300781, 'price_per_kWh': 0.1114474411925233, 'type': 'GRID_buy', 'hour': 16}]"
16,81,0.5,0.08871596,0.8451661937633129,0,0.0,0.0,-1.347661247367652,0.10572037423093388,San_Donato,1.05,1.1,7,10,0.10108611446033858,"[{'sender': 'Aggregator', 'receiver': 81, 'amount': 0.7564502358436584, 'price_per_kWh': 0.1114474411925233, 'type': 'GRID_buy', 'hour': 16}]"
16,99,1.25,0.22478235,0.8310111554081684,0,0.0,0.0,-0.998729980198588,0.10353089806384846,San_Donato,1.05,1.1,7,10,0.10108611446033858,"[{'sender': 'Aggregator', 'receiver': 99, 'amount': 0.6062288284301758, 'price_per_kWh': 0.1114474411925233, 'type': 'GRID_buy', 'hour': 16}]"
16,2,0.5,0.096441634,0.3986151895602,0,0.0,0.0,-0.4313276019138122,0.10054720015040916,Centro,1.05,1.1,6,11,0.10108611446033858,"[{'sender': 'Aggregator', 'receiver': 2, 'amount': 0.30217355489730835, 'price_per_kWh': 0.11675446220169107, 'type': 'GRID_buy', 'hour': 16}]"
16,6,4.5,0.81653214,0.9106525074480394,0,0.0,0.0,0.415564958034209,0.10429281735970763,Centro,1.05,1.05,5,9,0.10108611446033858,"[{'sender': 'Aggregator', 'receiver': 6, 'amount': 0.09412038326263428, 'price_per_kWh': 0.1114474411925233, 'type': 'GRID_buy', 'hour': 16}]"
16,10,1.5,0.27107143,0.43037317779950585,15,2.330312967300415,0.0,-0.26481477954093885,0.0,Centro,1.0,1.05,0,9,0.10108611446033858,[]
16,15,1.0,0.19247535,0.9998144146379584,15,0.0,0.0,-1.3057851568667007,0.10238772855622562,Centro,1.05,1.1,7,10,0.10108611446033858,"[{'sender': 'Aggregator', 'receiver': 15, 'amount': 0.807339072227478, 'price_per_kWh': 0.1114474411925233, 'type': 'GRID_buy', 'hour': 16}]"
16,23,2.75,0.48201057,0.8333766551487031,15,3.885998249053955,0.0,-0.49386515556446864,0.0,Centro,1.0,1.05,0,9,0.10108611446033858,[]
16,25,3.25,0.59662426,0.7547301655427799,10,5.7222418785095215,0.0,-0.45371236974421175,0.0,Centro,1.0,1.05,0,9,0.10108611446033858,[]
16,37,4.5,0.8189123,0.8301268370813611,10,9.832733154296875,0.0,-0.44365498931748776,0.0,Centro,1.0,1.05,0,8,0.10108611446033858,[]
16,60,4.25,0.78162086,0.3865880642366799,15,13.92385482788086,0.0,-0.1513910538467433,0.0,Centro,1.0,1.05,0,7,0.10108611446033858,[]
16,62,2.25,0.4095138,0.8163540465647721,15,2.3320159912109375,0.0,-0.5409843175841305,0.0,Centro,1.0,1.05,0,9,0.10108611446033858,[]
16,73,2.25,0.411296,0.6809852428855423,10,2.461372137069702,0.0,-0.5179867597130189,0.0,Centro,1.0,1.05,0,9,0.10108611446033858,[]
16,85,2.0,0.36135906,0.5059010775910903,15,3.5785536766052246,0.0,-0.2912173328705084,0.0,Centro,1.02,1.05,1,8,0.10108611446033858,[]
16,87,3.5,0.66137075,0.8922876057882734,0,0.0,0.0,-0.03962044291556885,0.10599569095234924,Centro,1.02,1.1,3,10,0.10108611446033858,"[{'sender': 'Aggregator', 'receiver': 87, 'amount': 0.2309168577194214, 'price_per_kWh': 0.1114474411925233, 'type': 'GRID_buy', 'hour': 16}]"
16,88,2.5,0.4470863,0.9065811488564166,10,2.3022143840789795,0.0,-0.6344756147712315,0.0,Centro,1.0,1.05,0,9,0.10108611446033858,[]
16,89,4.75,0.8633282,1.0554002492159937,0,0.0,0.0,0.3911141003468201,0.10942018364410312,Centro,1.05,1.05,7,8,0.10108611446033858,"[{'sender': 7, 'receiver': 89, 'amount': 0.18198969960212708, 'price_per_kWh': 0.09654207981038407, 'type': 'P2P', 'hour': 16}, {'sender': 27, 'receiver': 89, 'amount': 0.010082334280014038, 'price_per_kWh': 0.09659478974534755, 'type': 'P2P', 'hour': 16}]"
16,97,3.0,0.5599127,0.9661303395906259,15,3.6255874633789062,0.0,-0.6201301580231897,0.0,Centro,1.0,1.05,0,9,0.10108611446033858,[]
16,7,4.25,0.784449,0.5023473192532489,0,0.0,0.0,0.9448389924806943,0.083663975976665,Lingotto,1.05,1.05,8,7,0.10108611446033858,"[{'sender': 7, 'receiver': 74, 'amount': 0.10011199116706848, 'price_per_kWh': 0.09673304926709063, 'type': 'P2P', 'hour': 16}, {'sender': 7, 'receiver': 89, 'amount': 0.18198969960212708, 'price_per_kWh': 0.09654207981038407, 'type': 'P2P', 'hour': 16}]"
16,8,3.25,0.5899181,0.5317951070362937,15,8.264140129089355,0.0,-0.24664595482913004,0.0,Lingotto,1.0,1.05,0,8,0.10108611446033858,[]
16,16,0.0,0.07757128,1.0123848146220848,0,0.0,0.0,-1.4481722802392394,0.09563064906556183,Lingotto,1.05,1.1,7,10,0.10108611446033858,"[{'sender': 'Aggregator', 'receiver': 16, 'amount': 0.9348134994506836, 'price_per_kWh': 0.1114474411925233, 'type': 'GRID_buy', 'hour': 16}]"
16,19,4.25,0.77535766,0.5443275397390316,10,10.0,0.0,-0.11155435618329648,0.08011738801236402,Lingotto,1.02,1.05,3,8,0.10108611446033858,"[{'sender': 19, 'receiver': 67, 'amount': 0.23103010654449463, 'price_per_kWh': 0.09502811034300437, 'type': 'P2P', 'hour': 16}]"
16,20,0.5,0.09285883,0.4326050755175772,0,0.0,0.0,-0.4722948083874628,0.110345056606883,Lingotto,1.05,1.1,8,10,0.10108611446033858,"[{'sender': 1, 'receiver': 20, 'amount': 0.10343194007873535, 'price_per_kWh': 0.0906546581244346, 'type': 'P2P', 'hour': 16}, {'sender': 83, 'receiver': 20, 'amount': 0.2363143265247345, 'price_per_kWh': 0.09185291269340429, 'type': 'P2P', 'hour': 16}]"
16,27,4.25,0.78498435,0.6821081520973916,0,0.0,0.0,0.7059247868549776,0.08376939584659196,Lingotto,1.05,1.05,6,8,0.10108611446033858,"[{'sender': 27, 'receiver': 89, 'amount': 0.010082334280014038, 'price_per_kWh': 0.09659478974534755, 'type': 'P2P', 'hour': 16}, {'sender': 27, 'receiver': 36, 'amount': 0.09279385209083557, 'price_per_kWh': 0.09614556357244179, 'type': 'P2P', 'hour': 16}]"
16,32,2.25,0.4028293,0.5121052308984003,0,0.0,0.0,0.028016464185614647,0.10814470777710934,Lingotto,1.02,1.05,3,9,0.10108611446033858,"[{'sender': 'Aggregator', 'receiver': 32, 'amount': 0.1092759370803833, 'price_per_kWh': 0.1114474411925233, 'type': 'GRID_buy', 'hour': 16}]"
16,41,0.75,0.13612966,0.34749246646229276,0,0.0,0.0,-0.3226290304801309,0.09356465415245822,Lingotto,1.02,1.1,4,11,0.10108611446033858,"[{'sender': 'Aggregator', 'receiver': 41, 'amount': 0.2113627940416336, 'price_per_kWh': 0.11675446220169107, 'type': 'GRID_buy', 'hour': 16}]"
16,42,4.0,0.728282,1.112519636986282,15,6.614723205566406,0.0,-0.5940886687424194,0.0,Lingotto,1.02,1.05,1,9,0.10108611446033858,[]
16,48,4.5,0.8122672,0.5551822646920676,0,0.0,0.0,0.9976515231491505,0.0825497750116123,Lingotto,1.05,1.05,6,7,0.10108611446033858,"[{'sender': 48, 'receiver': 67, 'amount': 0.05489286780357361, 'price_per_kWh': 0.0962443038426285, 'type': 'P2P', 'hour': 16}, {'sender': 48, 'receiver': 74, 'amount': 0.2021920382976532, 'price_per_kWh': 0.09617594878456429, 'type': 'P2P', 'hour': 16}]"
16,49,0.5,0.10126367,0.5656921479076901,10,0.0,0.0,-0.7058913476300188,0.09585424025555447,Lingotto,1.05,1.05,8,9,0.10108611446033858,"[{'sender': 'Aggregator', 'receiver': 49, 'amount': 0.46442845463752747, 'price_per_kWh': 0.1114474411925233, 'type': 'GRID_buy', 'hour': 16}]"
16,51,0.25,0.07757128,1.035884954902749,0,0.0,0.0,-1.4478464263045991,0.10413432872839748,Lingotto,1.05,1.1,7,10,0.10108611446033858,"[{'sender': 'Aggregator', 'receiver': 51, 'amount': 0.9583137035369873, 'price_per_kWh': 0.1114474411925233, 'type': 'GRID_buy', 'hour': 16}]"
16,64,0.5,0.101325065,0.9277789094968626,10,0.0,0.0,-1.4322462102039877,0.10067675311792994,Lingotto,1.05,1.1,6,11,0.10108611446033858,"[{'sender': 'Aggregator', 'receiver': 64, 'amount': 0.8264538049697876, 'price_per_kWh': 0.11675446220169107, 'type': 'GRID_buy', 'hour': 16}]"
16,70,2.0,0.3542834,0.7968127307578297,10,0.7509814500808716,0.0,-0.6315207690496377,0.0,Lingotto,1.0,1.05,0,9,0.10108611446033858,[]
16,76,3.5,0.6627473,0.9319148678050728,15,5.264771938323975,0.0,-0.573398510298082,0.0,Lingotto,1.02,1.05,1,8,0.10108611446033858,[]
16,82,0.25,0.06812668,0.9473060018119076,0,0.0,0.0,-1.3907947320463712,0.10626501044963171,Lingotto,1.05,1.1,7,10,0.10108611446033858,"[{'sender': 'Aggregator', 'receiver': 82, 'amount': 0.8791792988777161, 'price_per_kWh': 0.1114474411925233, 'type': 'GRID_buy', 'hour': 16}]"
16,83,4.5,0.8211095,0.5041222612280178,0,0.0,0.0,1.1293602877997506,0.07336076877992558,Lingotto,1.05,1.05,8,7,0.10108611446033858,"[{'sender': 83, 'receiver': 20, 'amount': 0.2363143265247345, 'price_per_kWh': 0.09185291269340429, 'type': 'P2P', 'hour': 16}, {'sender': 83, 'receiver': 53, 'amount': 0.08067288994789124, 'price_per_kWh': 0.09171307989912084, 'type': 'P2P', 'hour': 16}]"
16,84,1.25,0.22915749,0.6489611638761369,15,0.0,0.0,-0.5127222427436525,0.1026500584250403,Lingotto,1.0,1.1,0,10,0.10108611446033858,"[{'sender': 'Aggregator', 'receiver': 84, 'amount': 0.2324819266796112, 'price_per_kWh': 0.1114474411925233, 'type': 'GRID_buy', 'hour': 16}]"
16,86,3.25,0.5899181,0.8656989037399854,15,4.7495036125183105,0.0,-0.6027782678901579,0.0,Lingotto,1.0,1.05,0,9,0.10108611446033858,[]
16,90,1.75,0.32948858,0.769394357922014,10,0.512516975402832,0.0,-0.5288057469262074,0.0,Lingotto,1.0,1.05,0,9,0.10108611446033858,[]
16,91,1.0,0.18413089,0.9411652634853171,10,0.0,0.0,-1.0295228266643983,0.0913067624279026,Lingotto,1.05,1.1,7,10,0.10108611446033858,"[{'sender': 'Aggregator', 'receiver': 91, 'amount': 0.7570343613624573, 'price_per_kWh': 0.1114474411925233, 'type': 'GRID_buy', 'hour': 16}]"
16,94,1.25,0.22909611,0.6462210680476067,15,0.0,0.0,-0.5901565056486532,0.10507088775359334,Lingotto,1.02,1.1,2,10,0.10108611446033858,"[{'sender': 'Aggregator', 'receiver': 94, 'amount': 0.4171249270439148, 'price_per_kWh': 0.1114474411925233, 'type': 'GRID_buy', 'hour': 16}]"
17,0,4.0,0.21435271,2.1438963885424616,0,0.0,0.0,-0.04884219894999517,0.09263871879797983,Barriera_di_Milano,1.02,1.1,3,11,0.0917711008411766,"[{'sender': 'Aggregator', 'receiver': 0, 'amount': 1.9295436143875122, 'price_per_kWh': 0.10599562147155898, 'type': 'GRID_buy', 'hour': 17}]"
17,1,3.75,0.21716829,1.0426158354504242,10,9.174552381038666,0.0,-0.19473941732811148,0.0,Barriera_di_Milano,1.02,1.05,2,8,0.0917711008411766,[]
17,26,4.0,0.21530208,2.0175200346336997,10,5.464221477508545,0.0,-0.5843724336784757,0.0,Barriera_di_Milano,1.0,1.05,0,9,0.0917711008411766,[]
17,31,3.75,0.20950104,2.1951113120398755,10,3.8202803134918213,0.0,-0.6258449224738859,0.0,Barriera_di_Milano,1.0,1.05,0,9,0.0917711008411766,[]
17,34,3.75,0.20955007,1.0674972842231816,15,10.289676666259766,0.0,-0.20969532190244689,0.0,Barriera_di_Milano,1.0,1.05,0,8,0.0917711008411766,[]
17,35,4.5,0.24662213,1.6566281384036117,15,9.465417861938477,0.0,-0.40845822047171454,0.0,Barriera_di_Milano,1.0,1.05,0,8,0.0917711008411766,[]
17,38,3.75,0.21007767,0.9031776360155045,15,11.446433067321777,0.0,-0.1600143910567829,0.0,Barriera_di_Milano,1.0,1.05,0,7,0.0917711008411766,[]
17,46,3.75,0.21008769,1.8481740310811945,0,0.0,0.0,-0.006308134526990389,0.09266382146377772,Barriera_di_Milano,1.02,1.1,3,10,0.0917711008411766,"[{'sender': 'Aggregator', 'receiver': 46, 'amount': 1.6380863189697266, 'price_per_kWh': 0.10117763867739721, 'type': 'GRID_buy', 'hour': 17}]"
17,47,1.25,0.069576845,1.8745066154770196,10,0.0,0.0,-1.255579890236242,0.0952413751352518,Barriera_di_Milano,1.05,1.1,7,11,0.0917711008411766,"[{'sender': 'Aggregator', 'receiver': 47, 'amount': 1.8049297332763672, 'price_per_kWh': 0.10599562147155898, 'type': 'GRID_buy', 'hour': 17}]"
17,55,2.25,0.14449745,1.016952405480123,10,4.332972049713135,0.0,-0.23440078621511332,0.0,Barriera_di_Milano,1.0,1.05,0,8,0.0917711008411766,[]
17,59,0.75,0.042890426,1.6517691846264562,0,0.0,0.0,-1.1866385450821095,0.09035412704134321,Barriera_di_Milano,1.05,1.1,8,11,0.0917711008411766,"[{'sender': 'Aggregator', 'receiver': 59, 'amount': 1.6088787317276, 'price_per_kWh': 0.10599562147155898, 'type': 'GRID_buy', 'hour': 17}]"
17,61,2.5,0.15843856,1.2693708926754226,0,0.0,0.0,0.0013849284411980717,0.09346166540852378,Barriera_di_Milano,1.05,1.1,5,10,0.0917711008411766,"[{'sender': 'Aggregator', 'receiver': 61, 'amount': 1.1109323501586914, 'price_per_kWh': 0.10117763867739721, 'type': 'GRID_buy', 'hour': 17}]"
17,65,3.25,0.18883114,0.9842299516578346,0,0.0,0.0,0.5402992742012552,0.08937102727751982,Barriera_di_Milano,1.02,1.05,4,9,0.0917711008411766,"[{'sender': 'Aggregator', 'receiver': 65, 'amount': 0.7953987717628479, 'price_per_kWh': 0.10117763867739721, 'type': 'GRID_buy', 'hour': 17}]"
17,67,0.25,0.015953502,1.9354210946786066,0,0.0,0.0,-1.6079972785828418,0.09705472243129161,Barriera_di_Milano,1.05,1.1,8,10,0.0917711008411766,"[{'sender': 'Aggregator', 'receiver': 67, 'amount': 1.919467568397522, 'price_per_kWh': 0.10117763867739721, 'type': 'GRID_buy', 'hour': 17}]"
17,68,2.75,0.17533293,0.9444137516608389,10,6.687950134277344,0.0,-0.1938043890013882,0.0,Barriera_di_Milano,1.0,1.05,0,8,0.0917711008411766,[]
17,69,0.5,0.028698375,0.7177183300681588,0,0.0,0.0,-0.4891705507338991,0.09748776066305945,Barriera_di_Milano,1.05,1.1,7,11,0.0917711008411766,"[{'sender': 'Aggregator', 'receiver': 69, 'amount': 0.6890199184417725, 'price_per_kWh': 0.10599562147155898, 'type': 'GRID_buy', 'hour': 17}]"
17,74,2.0,0.1315212,2.022752834722778,0,0.0,0.0,-0.8962367977237529,0.08529016658718155,Barriera_di_Milano,1.05,1.05,5,9,0.0917711008411766,"[{'sender': 'Aggregator', 'receiver': 74, 'amount': 1.8912315368652344, 'price_per_kWh': 0.10117763867739721, 'type': 'GRID_buy', 'hour': 17}]"
17,78,4.75,0.28615785,1.261514330549074,0,0.0,0.0,1.083361581084046,0.09486378634647237,Barriera_di_Milano,1.05,1.05,5,8,0.0917711008411766,"[{'sender': 'Aggregator', 'receiver': 78, 'amount': 0.9753564596176147, 'price_per_kWh': 0.10117763867739721, 'type': 'GRID_buy', 'hour': 17}]"
17,79,0.0,0.01473903,0.9327023317621219,0,0.0,0.0,-0.7712854657779602,0.08415038740072744,Barriera_di_Milano,1.05,1.1,8,10,0.0917711008411766,"[{'sender': 'Aggregator', 'receiver': 79, 'amount': 0.9179632663726807, 'price_per_kWh': 0.10117763867739721, 'type': 'GRID_buy', 'hour': 17}]"
17,92,2.25,0.14657483,1.9859772472790822,10,0.0,0.0,-0.7062008537988523,0.0972715979626669,Barriera_di_Milano,1.0,1.1,0,10,0.0917711008411766,"[{'sender': 'Aggregator', 'receiver': 92, 'amount': 0.657882809638977, 'price_per_kWh': 0.10117763867739721, 'type': 'GRID_buy', 'hour': 17}]"
17,93,0.75,0.043841805,1.0169942881617686,10,0.0,0.0,-0.5245928800989378,0.08401331539070306,Barriera_di_Milano,1.02,1.1,3,12,0.0917711008411766,"[{'sender': 'Aggregator', 'receiver': 93, 'amount': 0.9731524586677551, 'price_per_kWh': 0.10599562147155898, 'type': 'GRID_buy', 'hour': 17}]"
17,98,3.25,0.18919888,1.299301741591536,15,5.959318161010742,0.0,-0.3326046042559817,0.0,Barriera_di_Milano,1.0,1.05,0,8,0.0917711008411766,[]
17,3,0.25,0.023106592,1.3075517388736235,0,0.0,0.0,-1.080172650197243,0.09732966410101117,San_Salvario,1.05,1.1,8,11,0.0917711008411766,"[{'sender': 'Aggregator', 'receiver': 3, 'amount': 1.2844451665878296, 'price_per_kWh': 0.10599562147155898, 'type': 'GRID_buy', 'hour': 17}]"
17,5,2.75,0.18597715,1.0430237225469938,15,5.507338047027588,0.0,-0.2599181618212527,0.0,San_Salvario,1.0,1.05,0,8,0.0917711008411766,[]
17,9,1.75,0.11338491,1.2320349257156988,0,0.0,0.0,-0.3704736787363926,0.08674203219959316,San_Salvario,1.05,1.1,5,11,0.0917711008411766,"[{'sender': 'Aggregator', 'receiver': 9, 'amount': 1.118649959564209, 'price_per_kWh': 0.10599562147155898, 'type': 'GRID_buy', 'hour': 17}]"
17,11,2.25,0.1640743,1.26833749895166,10,2.607174873352051,0.0,-0.3961634595548117,0.0,San_Salvario,1.0,1.05,0,9,0.0917711008411766,[]
17,12,0.75,0.05528594,1.7986022546045404,10,0.0,0.0,-1.2739271803985708,0.0988342829789734,San_Salvario,1.05,1.1,8,10,0.0917711008411766,"[{'sender': 'Aggregator', 'receiver': 12, 'amount': 1.7433162927627563, 'price_per_kWh': 0.10117763867739721, 'type': 'GRID_buy', 'hour': 17}]"
17,13,4.5,0.25993425,0.9671541751487438,0,0.0,0.0,1.1332587864338308,0.0988432770122898,San_Salvario,1.05,1.05,8,8,0.0917711008411766,"[{'sender': 'Aggregator', 'receiver': 13, 'amount': 0.7072199583053589, 'price_per_kWh': 0.10117763867739721, 'type': 'GRID_buy', 'hour': 17}]"
17,21,0.0,0.025184715,2.303379729702091,15,0.0,0.0,-1.8593715154825712,0.08508073578759132,San_Salvario,1.05,1.1,7,11,0.0917711008411766,"[{'sender': 'Aggregator', 'receiver': 21, 'amount': 2.2781951427459717, 'price_per_kWh': 0.10599562147155898, 'type': 'GRID_buy', 'hour': 17}]"
17,24,2.25,0.15838028,1.9559379986768841,15,0.0,0.0,-0.6733107560849856,0.09323237654187831,San_Salvario,1.0,1.1,0,10,0.0917711008411766,"[{'sender': 'Aggregator', 'receiver': 24, 'amount': 0.4888453483581543, 'price_per_kWh': 0.10117763867739721, 'type': 'GRID_buy', 'hour': 17}]"
17,28,3.25,0.19955869,1.285904447029129,10,6.705771446228027,0.0,-0.28204273923126677,0.0,San_Salvario,1.0,1.05,0,8,0.0917711008411766,[]
17,33,0.5,0.037005372,1.062971580624665,15,0.0,0.0,-0.7412890500155471,0.0972045147600522,San_Salvario,1.05,1.1,8,10,0.0917711008411766,"[{'sender': 'Aggregator', 'receiver': 33, 'amount': 1.0259661674499512, 'price_per_kWh': 0.10117763867739721, 'type': 'GRID_buy', 'hour': 17}]"
17,36,1.75,0.11441664,1.6253692336948309,10,0.0,0.0,-0.7722696729358174,0.0988785537984208,San_Salvario,1.02,1.1,1,10,0.0917711008411766,"[{'sender': 'Aggregator', 'receiver': 36, 'amount': 1.5109525918960571, 'price_per_kWh': 0.10117763867739721, 'type': 'GRID_buy', 'hour': 17}]"
17,40,2.75,0.18648314,1.560977724091263,15,3.4152121543884277,0.0,-0.40331532229766515,0.0,San_Salvario,1.0,1.05,0,9,0.0917711008411766,[]
17,43,2.25,0.15435937,0.8186912994833795,15,4.9018096923828125,0.0,-0.21736562862698,0.0,San_Salvario,1.0,1.05,0,8,0.0917711008411766,[]
17,44,3.25,0.20851035,1.8307905623218081,10,2.775979518890381,0.0,-0.6178825096768983,0.0,San_Salvario,1.0,1.05,0,9,0.0917711008411766,[]
17,50,1.25,0.07589134,1.0507915059943793,10,0.1529955267906189,0.0,-0.3280592935433445,0.0,San_Salvario,1.0,1.05,0,9,0.0917711008411766,[]
17,52,2.75,0.18748018,0.9469621929689742,10,5.858313083648682,0.0,-0.2448974782789832,0.0,San_Salvario,1.0,1.05,0,8,0.0917711008411766,[]
17,56,0.5,0.033126723,1.7952541043302659,15,0.0,0.0,-1.3141718368888213,0.09187189561840932,San_Salvario,1.05,1.1,7,11,0.0917711008411766,"[{'sender': 'Aggregator', 'receiver': 56, 'amount': 1.76212739944458, 'price_per_kWh': 0.10599562147155898, 'type': 'GRID_buy', 'hour': 17}]"
17,71,4.25,0.25739056,1.1309255223260033,10,9.126465022563934,0.0,0.03583390039916458,0.0,San_Salvario,1.02,1.05,4,7,0.0917711008411766,[]
17,75,0.75,0.05518532,0.6938491880327313,0,0.0,0.0,-0.3510248638608464,0.0997924417504512,San_Salvario,1.02,1.1,4,10,0.0917711008411766,"[{'sender': 'Aggregator', 'receiver': 75, 'amount': 0.6386638879776001, 'price_per_kWh': 0.10117763867739721, 'type': 'GRID_buy', 'hour': 17}]"
17,95,1.75,0.11189116,1.7277562321281457,0,0.0,0.0,-0.7666260491529899,0.09539342063155311,San_Salvario,1.05,1.1,5,11,0.0917711008411766,"[{'sender': 'Aggregator', 'receiver': 95, 'amount': 1.6158651113510132, 'price_per_kWh': 0.10599562147155898, 'type': 'GRID_buy', 'hour': 17}]"
17,96,1.25,0.07937059,0.8704753147007225,15,0.4453374147415161,0.0,-0.32352156816639666,0.0,San_Salvario,1.0,1.05,0,9,0.0917711008411766,[]
17,4,0.0,0.014232206,1.8080008922101323,15,0.0,0.0,-1.491992340128056,0.09679771886254782,San_Donato,1.05,1.1,7,11,0.0917711008411766,"[{'sender': 'Aggregator', 'receiver': 4, 'amount': 1.7937687635421753, 'price_per_kWh': 0.10599562147155898, 'type': 'GRID_buy', 'hour': 17}]"
17,14,2.5,0.15926574,1.863534702231979,0,0.0,0.0,-0.646535759983768,0.08558699697105265,San_Donato,1.02,1.1,2,12,0.0917711008411766,"[{'sender': 'Aggregator', 'receiver': 14, 'amount': 1.7042689323425293, 'price_per_kWh': 0.10599562147155898, 'type': 'GRID_buy', 'hour': 17}]"
17,17,1.25,0.06747575,1.3299283261489612,10,0.0,0.0,-0.6859893684713303,0.09704557970195121,San_Donato,1.02,1.1,2,11,0.0917711008411766,"[{'sender': 'Aggregator', 'receiver': 17, 'amount': 1.262452483177185, 'price_per_kWh': 0.10599562147155898, 'type': 'GRID_buy', 'hour': 17}]"
17,18,1.25,0.0742011,1.968329486591858,15,0.0,0.0,-1.2654817942528938,0.09190603203775095,San_Donato,1.05,1.1,7,11,0.0917711008411766,"[{'sender': 'Aggregator', 'receiver': 18, 'amount': 1.8941283226013184, 'price_per_kWh': 0.10599562147155898, 'type': 'GRID_buy', 'hour': 17}]"
17,22,2.0,0.12926257,1.9661651237967914,10,0.0,0.0,-0.8821619362086436,0.08659841641287754,San_Donato,1.0,1.1,0,10,0.0917711008411766,"[{'sender': 'Aggregator', 'receiver': 22, 'amount': 1.797397255897522, 'price_per_kWh': 0.10117763867739721, 'type': 'GRID_buy', 'hour': 17}]"
17,29,2.0,0.13057993,0.7952034385390276,10,3.814161539077759,0.0,-0.2131311292352382,0.0,San_Donato,1.0,1.05,0,8,0.0917711008411766,[]
17,30,2.5,0.16615365,1.4355385506272946,10,2.844062328338623,0.0,-0.4023999763524487,0.0,San_Donato,1.0,1.05,0,9,0.0917711008411766,[]
17,39,3.25,0.1904889,2.1048689576984385,15,1.7339531183242798,0.0,-0.7166304429568373,0.0,San_Donato,1.0,1.05,0,9,0.0917711008411766,[]
17,45,4.5,0.2498644,1.8118674937480026,15,8.502947807312012,0.0,-0.4515723717884573,0.0,San_Donato,1.0,1.05,0,8,0.0917711008411766,[]
17,53,4.25,0.24015,2.0757005235154202,0,0.0,0.0,0.02892130138538601,0.10005820753027167,San_Donato,1.05,1.05,8,9,0.0917711008411766,"[{'sender': 'Aggregator', 'receiver': 53, 'amount': 1.8355505466461182, 'price_per_kWh': 0.10117763867739721, 'type': 'GRID_buy', 'hour': 17}]"
17,54,0.75,0.041330114,1.6733362125932407,10,0.0,0.0,-1.1806516629054475,0.09485609120978097,San_Donato,1.05,1.1,7,11,0.0917711008411766,"[{'sender': 'Aggregator', 'receiver': 54, 'amount': 1.6320061683654785, 'price_per_kWh': 0.10599562147155898, 'type': 'GRID_buy', 'hour': 17}]"
17,57,2.25,0.14306906,1.4832519291521555,10,1.8238869905471802,0.0,-0.4202226955296639,0.0,San_Donato,1.02,1.05,1,8,0.0917711008411766,[]
17,58,3.0,0.19135016,2.143859311969011,0,0.0,0.0,-0.5758891987777862,0.08404770524238049,San_Donato,1.02,1.1,4,12,0.0917711008411766,"[{'sender': 'Aggregator', 'receiver': 58, 'amount': 1.9525091648101807, 'price_per_kWh': 0.10599562147155898, 'type': 'GRID_buy', 'hour': 17}]"
17,63,0.75,0.05015494,2.1208674149751934,10,0.0,0.0,-1.6596759517974997,0.0983087279232855,San_Donato,1.05,1.1,7,11,0.0917711008411766,"[{'sender': 'Aggregator', 'receiver': 63, 'amount': 2.0707125663757324, 'price_per_kWh': 0.10599562147155898, 'type': 'GRID_buy', 'hour': 17}]"
17,66,1.5,0.09056443,1.0018915037720424,0,0.0,0.0,-0.2748412693981087,0.09373730554176807,San_Donato,1.05,1.1,5,11,0.0917711008411766,"[{'sender': 'Aggregator', 'receiver': 66, 'amount': 0.911327064037323, 'price_per_kWh': 0.10599562147155898, 'type': 'GRID_buy', 'hour': 17}]"
17,72,2.5,0.16615365,0.833719716751798,0,0.0,0.0,0.29862692237705507,0.0972936972127605,San_Donato,1.05,1.05,7,9,0.0917711008411766,"[{'sender': 'Aggregator', 'receiver': 72, 'amount': 0.6675660610198975, 'price_per_kWh': 0.10117763867739721, 'type': 'GRID_buy', 'hour': 17}]"
17,77,4.0,0.2164755,1.0415614356715133,0,0.0,0.0,0.902717434298558,0.09328966575564977,San_Donato,1.05,1.05,5,8,0.0917711008411766,"[{'sender': 'Aggregator', 'receiver': 77, 'amount': 0.8250859975814819, 'price_per_kWh': 0.10117763867739721, 'type': 'GRID_buy', 'hour': 17}]"
17,80,2.25,0.15019378,1.0381721945974136,0,0.0,0.0,0.12190948123076796,0.09508556749914197,San_Donato,1.05,1.1,5,10,0.0917711008411766,"[{'sender': 'Aggregator', 'receiver': 80, 'amount': 0.8879784345626831, 'price_per_kWh': 0.10117763867739721, 'type': 'GRID_buy', 'hour': 17}]"
17,81,0.5,0.026833072,2.1620850937097416,0,0.0,0.0,-1.573988609989591,0.08655965084620516,San_Donato,1.05,1.1,7,11,0.0917711008411766,"[{'sender': 'Aggregator', 'receiver': 81, 'amount': 2.135251998901367, 'price_per_kWh': 0.10599562147155898, 'type': 'GRID_buy', 'hour': 17}]"
17,99,1.25,0.07416852,1.9224198655399798,0,0.0,0.0,-1.194636529911502,0.0886081507846617,San_Donato,1.05,1.1,7,11,0.0917711008411766,"[{'sender': 'Aggregator', 'receiver': 99, 'amount': 1.8482513427734375, 'price_per_kWh': 0.10599562147155898, 'type': 'GRID_buy', 'hour': 17}]"
17,2,0.5,0.033501852,0.7884016072390295,0,0.0,0.0,-0.5113436690270559,0.08857104384218321,Centro,1.05,1.1,6,12,0.0917711008411766,"[{'sender': 'Aggregator', 'receiver': 2, 'amount': 0.7548997402191162, 'price_per_kWh': 0.10599562147155898, 'type': 'GRID_buy', 'hour': 17}]"
17,6,4.5,0.25633925,2.0904335131676666,0,0.0,0.0,0.22999562906856688,0.09703873320829538,Centro,1.05,1.1,5,10,0.0917711008411766,"[{'sender': 'Aggregator', 'receiver': 6, 'amount': 1.8340942859649658, 'price_per_kWh': 0.10117763867739721, 'type': 'GRID_buy', 'hour': 17}]"
17,10,1.5,0.092044674,0.9133984954483506,15,1.5089590549468994,0.0,-0.26481477954093885,0.0,Centro,1.0,1.05,0,9,0.0917711008411766,[]
17,15,1.0,0.052154996,2.188308307814375,15,0.0,0.0,-1.532208045098887,0.0928664791512384,Centro,1.05,1.1,7,11,0.0917711008411766,"[{'sender': 'Aggregator', 'receiver': 15, 'amount': 2.136153221130371, 'price_per_kWh': 0.10599562147155898, 'type': 'GRID_buy', 'hour': 17}]"
17,23,2.75,0.183054,1.7927291869826643,15,2.276323080062866,0.0,-0.49386515556446864,0.0,Centro,1.0,1.05,0,9,0.0917711008411766,[]
17,25,3.25,0.19743566,1.5930784247906065,10,4.32659912109375,0.0,-0.45371236974421175,0.0,Centro,1.0,1.05,0,9,0.0917711008411766,[]
17,37,4.5,0.2583012,2.0174033199847896,10,8.073631286621094,0.0,-0.44365498931748776,0.0,Centro,1.0,1.05,0,8,0.0917711008411766,[]
17,60,4.25,0.24693601,0.8211633110064311,15,13.349627494812012,0.0,-0.1513910538467433,0.0,Centro,1.0,1.05,0,7,0.0917711008411766,[]
17,62,2.25,0.1517053,1.7928489106411314,15,0.690872311592102,0.0,-0.5409843175841305,0.0,Centro,1.0,1.05,0,9,0.0917711008411766,[]
17,73,2.25,0.15348746,1.709432382906666,10,0.9054272174835205,0.0,-0.5179867597130189,0.0,Centro,1.0,1.05,0,9,0.0917711008411766,[]
17,85,2.0,0.13769946,1.0764126899441004,15,2.639840602874756,0.0,-0.2912173328705084,0.0,Centro,1.02,1.05,1,8,0.0917711008411766,[]
17,87,3.5,0.20675698,1.9326820926534358,0,0.0,0.0,-0.22256094522393413,0.0975439882266726,Centro,1.02,1.1,3,11,0.0917711008411766,"[{'sender': 'Aggregator', 'receiver': 87, 'amount': 1.725925087928772, 'price_per_kWh': 0.10599562147155898, 'type': 'GRID_buy', 'hour': 17}]"
17,88,2.5,0.16671096,1.7394386735583918,10,0.7294867038726807,0.0,-0.6344756147712315,0.0,Centro,1.0,1.05,0,9,0.0917711008411766,[]
17,89,4.75,0.2954758,2.1973648438854023,0,0.0,0.0,0.19868546568364723,0.0895417290511967,Centro,1.05,1.05,7,9,0.0917711008411766,"[{'sender': 'Aggregator', 'receiver': 89, 'amount': 1.9018889665603638, 'price_per_kWh': 0.10117763867739721, 'type': 'GRID_buy', 'hour': 17}]"
17,97,3.0,0.20082015,2.0738561772620296,15,1.752551555633545,0.0,-0.6201301580231897,0.0,Centro,1.0,1.05,0,9,0.0917711008411766,[]
17,7,4.25,0.25051507,1.12549289830622,0,0.0,0.0,0.8563108020424548,0.08358761932527997,Lingotto,1.05,1.05,8,8,0.0917711008411766,"[{'sender': 'Aggregator', 'receiver': 7, 'amount': 0.8749778270721436, 'price_per_kWh': 0.10117763867739721, 'type': 'GRID_buy', 'hour': 17}]"
17,8,3.25,0.19618414,1.1720176307138657,15,7.288306713104248,0.0,-0.24664595482913004,0.0,Lingotto,1.0,1.05,0,8,0.0917711008411766,[]
17,16,0.0,0.027623951,2.1377855556680725,0,0.0,0.0,-1.6718401896548345,0.09403742897704181,Lingotto,1.05,1.1,7,11,0.0917711008411766,"[{'sender': 'Aggregator', 'receiver': 16, 'amount': 2.110161781311035, 'price_per_kWh': 0.10599562147155898, 'type': 'GRID_buy', 'hour': 17}]"
17,19,4.25,0.24404241,1.1729642657159594,10,9.071078181266785,0.0,-0.11155435618329648,0.0,Lingotto,1.02,1.05,3,8,0.0917711008411766,[]
17,20,0.5,0.030739449,0.7839287998242508,0,0.0,0.0,-0.5521295853296717,0.09535105647651504,Lingotto,1.05,1.1,8,11,0.0917711008411766,"[{'sender': 'Aggregator', 'receiver': 20, 'amount': 0.7531893849372864, 'price_per_kWh': 0.10599562147155898, 'type': 'GRID_buy', 'hour': 17}]"
17,27,4.25,0.25105047,1.370308442426459,0,0.0,0.0,0.5926809127361368,0.0954127567282094,Lingotto,1.05,1.05,6,9,0.0917711008411766,"[{'sender': 'Aggregator', 'receiver': 27, 'amount': 1.119257926940918, 'price_per_kWh': 0.10117763867739721, 'type': 'GRID_buy', 'hour': 17}]"
17,32,2.25,0.14891608,1.2261508294205856,0,0.0,0.0,-0.08097560361732714,0.08598828662854309,Lingotto,1.02,1.1,3,10,0.0917711008411766,"[{'sender': 'Aggregator', 'receiver': 32, 'amount': 1.0772347450256348, 'price_per_kWh': 0.10117763867739721, 'type': 'GRID_buy', 'hour': 17}]"
17,41,0.75,0.05465931,0.8224796012456848,0,0.0,0.0,-0.4040146202163182,0.10049691406396828,Lingotto,1.02,1.1,4,12,0.0917711008411766,"[{'sender': 'Aggregator', 'receiver': 41, 'amount': 0.7678202986717224, 'price_per_kWh': 0.10599562147155898, 'type': 'GRID_buy', 'hour': 17}]"
17,42,4.0,0.22058778,2.3049174232315965,15,4.530393600463867,0.0,-0.5940886687424194,0.0,Lingotto,1.02,1.05,1,9,0.0917711008411766,[]
17,48,4.5,0.2544154,1.168738072354282,0,0.0,0.0,0.905142507946202,0.09889113821384522,Lingotto,1.05,1.05,6,8,0.0917711008411766,"[{'sender': 'Aggregator', 'receiver': 48, 'amount': 0.9143227338790894, 'price_per_kWh': 0.10117763867739721, 'type': 'GRID_buy', 'hour': 17}]"
17,49,0.5,0.039406694,1.2858335760052886,10,0.0,0.0,-0.8320018821995001,0.0924875177341315,Lingotto,1.05,1.1,8,10,0.0917711008411766,"[{'sender': 'Aggregator', 'receiver': 49, 'amount': 1.2464269399642944, 'price_per_kWh': 0.10117763867739721, 'type': 'GRID_buy', 'hour': 17}]"
17,51,0.25,0.027623951,2.031310897592857,0,0.0,0.0,-1.660228465024665,0.0918996528410306,Lingotto,1.05,1.1,7,11,0.0917711008411766,"[{'sender': 'Aggregator', 'receiver': 51, 'amount': 2.0036869049072266, 'price_per_kWh': 0.10599562147155898, 'type': 'GRID_buy', 'hour': 17}]"
17,64,0.5,0.03946808,2.254114464694206,10,0.0,0.0,-1.6669890252901531,0.08604389619254793,Lingotto,1.05,1.1,6,12,0.0917711008411766,"[{'sender': 'Aggregator', 'receiver': 64, 'amount': 2.214646339416504, 'price_per_kWh': 0.10599562147155898, 'type': 'GRID_buy', 'hour': 17}]"
17,70,2.0,0.13542026,1.8602264441426182,10,0.0,0.0,-0.7300500446121309,0.08680974310594672,Lingotto,1.0,1.1,0,10,0.0917711008411766,"[{'sender': 'Aggregator', 'receiver': 70, 'amount': 0.9738246202468872, 'price_per_kWh': 0.10117763867739721, 'type': 'GRID_buy', 'hour': 17}]"
17,76,3.5,0.21062465,1.9360035474464519,15,3.5393929481506348,0.0,-0.573398510298082,0.0,Lingotto,1.02,1.05,1,8,0.0917711008411766,[]
17,82,0.25,0.017916938,1.778255358323628,0,0.0,0.0,-1.5773828974719555,0.09800863959505857,Lingotto,1.05,1.1,7,11,0.0917711008411766,"[{'sender': 'Aggregator', 'receiver': 82, 'amount': 1.7603384256362915, 'price_per_kWh': 0.10599562147155898, 'type': 'GRID_buy', 'hour': 17}]"
17,83,4.5,0.2606388,0.9488144392484024,0,0.0,0.0,1.0597322976788783,0.09319026708986344,Lingotto,1.05,1.05,8,8,0.0917711008411766,"[{'sender': 'Aggregator', 'receiver': 83, 'amount': 0.6881756782531738, 'price_per_kWh': 0.10117763867739721, 'type': 'GRID_buy', 'hour': 17}]"
17,84,1.25,0.0792083,1.3038872401450412,15,0.0,0.0,-0.6425328537337099,0.09170254626157143,Lingotto,1.0,1.1,0,11,0.0917711008411766,"[{'sender': 'Aggregator', 'receiver': 84, 'amount': 1.2246789932250977, 'price_per_kWh': 0.10599562147155898, 'type': 'GRID_buy', 'hour': 17}]"
17,86,3.25,0.19618414,1.9688630442766102,15,2.9768247604370117,0.0,-0.6027782678901579,0.0,Lingotto,1.0,1.05,0,9,0.0917711008411766,[]
17,90,1.75,0.116701856,1.433657551178239,10,0.0,0.0,-0.6101969560862202,0.09244053536610759,Lingotto,1.0,1.1,0,10,0.0917711008411766,"[{'sender': 'Aggregator', 'receiver': 90, 'amount': 0.8044387102127075, 'price_per_kWh': 0.10117763867739721, 'type': 'GRID_buy', 'hour': 17}]"
17,91,1.0,0.048138164,1.7334795479760043,10,0.0,0.0,-1.208161631316919,0.09792324728510006,Lingotto,1.05,1.1,7,11,0.0917711008411766,"[{'sender': 'Aggregator', 'receiver': 91, 'amount': 1.6853413581848145, 'price_per_kWh': 0.10599562147155898, 'type': 'GRID_buy', 'hour': 17}]"
17,94,1.25,0.07914691,1.396689871839778,15,0.0,0.0,-0.7298102979062515,0.0982362933346192,Lingotto,1.02,1.1,2,11,0.0917711008411766,"[{'sender': 'Aggregator', 'receiver': 94, 'amount': 1.3175430297851562, 'price_per_kWh': 0.10599562147155898, 'type': 'GRID_buy', 'hour': 17}]"
18,0,4.0,0.048497953,1.9739730993889264,0,0.0,0.0,-0.2965751053561754,0.10164776643148334,Barriera_di_Milano,1.02,1.1,3,12,0.1113945068861387,"[{'sender': 'Aggregator', 'receiver': 0, 'amount': 1.9254752397537231, 'price_per_kWh': 0.1286606554534902, 'type': 'GRID_buy', 'hour': 18}]"
18,1,3.75,0.059914865,1.2151385672085995,10,8.019328653812408,0.0,-0.19473941732811148,0.0,Barriera_di_Milano,1.02,1.05,2,8,0.1113945068861387,[]
18,26,4.0,0.04867655,1.9204692683776614,10,3.592428684234619,0.0,-0.5843724336784757,0.0,Barriera_di_Milano,1.0,1.05,0,9,0.1113945068861387,[]
18,31,3.75,0.049165364,2.3531043687397886,10,1.516341209411621,0.0,-0.6258449224738859,0.0,Barriera_di_Milano,1.0,1.05,0,9,0.1113945068861387,[]
18,34,3.75,0.048901986,1.064612487096503,15,9.273965835571289,0.0,-0.20969532190244689,0.0,Barriera_di_Milano,1.0,1.05,0,8,0.1113945068861387,[]
18,35,4.5,0.058317617,1.7146987661823019,15,7.809036731719971,0.0,-0.40845822047171454,0.0,Barriera_di_Milano,1.0,1.05,0,8,0.1113945068861387,[]
18,38,3.75,0.0486588,0.7905222237688825,15,10.704569816589355,0.0,-0.1600143910567829,0.0,Barriera_di_Milano,1.0,1.05,0,7,0.1113945068861387,[]
18,46,3.75,0.048668828,2.0325463743268135,0,0.0,0.0,-0.2615551037783036,0.1048885619437846,Barriera_di_Milano,1.02,1.1,3,11,0.1113945068861387,"[{'sender': 'Aggregator', 'receiver': 46, 'amount': 1.983877420425415, 'price_per_kWh': 0.1286606554534902, 'type': 'GRID_buy', 'hour': 18}]"
18,47,1.25,0.0002514922,1.914358365941336,10,0.0,0.0,-1.5018501316320507,0.10599661104535132,Barriera_di_Milano,1.05,1.1,7,12,0.1113945068861387,"[{'sender': 'Aggregator', 'receiver': 47, 'amount': 1.914106845855713, 'price_per_kWh': 0.1286606554534902, 'type': 'GRID_buy', 'hour': 18}]"
18,55,2.25,0.012976829,0.9854074618084808,10,3.360541343688965,0.0,-0.23440078621511332,0.0,Barriera_di_Milano,1.0,1.05,0,8,0.1113945068861387,[]
18,59,0.75,-0.016706305,1.7656214780368928,0,0.0,0.0,-1.4159540043559653,0.11199594036060082,Barriera_di_Milano,1.05,1.1,8,12,0.1113945068861387,"[{'sender': 'Aggregator', 'receiver': 59, 'amount': 1.7823277711868286, 'price_per_kWh': 0.1286606554534902, 'type': 'GRID_buy', 'hour': 18}]"
18,61,2.5,0.017223021,1.3482072389746886,0,0.0,0.0,-0.16986037560770262,0.11689530317318002,Barriera_di_Milano,1.05,1.1,5,11,0.1113945068861387,"[{'sender': 'Aggregator', 'receiver': 61, 'amount': 1.3309842348098755, 'price_per_kWh': 0.1286606554534902, 'type': 'GRID_buy', 'hour': 18}]"
18,65,3.25,0.031292133,1.1083655157193826,0,0.0,0.0,0.4080212510129712,0.1215009818218978,Barriera_di_Milano,1.02,1.1,4,10,0.1113945068861387,"[{'sender': 'Aggregator', 'receiver': 65, 'amount': 1.0770734548568726, 'price_per_kWh': 0.12281244384196792, 'type': 'GRID_buy', 'hour': 18}]"
18,67,0.25,-0.024489587,1.9324927871052355,0,0.0,0.0,-1.8597839135572198,0.12252179031862574,Barriera_di_Milano,1.05,1.1,8,11,0.1113945068861387,"[{'sender': 'Aggregator', 'receiver': 67, 'amount': 1.9569823741912842, 'price_per_kWh': 0.1286606554534902, 'type': 'GRID_buy', 'hour': 18}]"
18,68,2.75,0.035704233,0.8352005775179605,10,5.888453960418701,0.0,-0.1938043890013882,0.0,Barriera_di_Milano,1.0,1.05,0,8,0.1113945068861387,[]
18,69,0.5,-0.018166902,0.7444926690159341,0,0.0,0.0,-0.5872948282878547,0.10370455555795596,Barriera_di_Milano,1.05,1.1,7,12,0.1113945068861387,"[{'sender': 'Aggregator', 'receiver': 69, 'amount': 0.7626595497131348, 'price_per_kWh': 0.1286606554534902, 'type': 'GRID_buy', 'hour': 18}]"
18,74,2.0,0.0029423716,1.9553006746746926,0,0.0,0.0,-1.1360106997919452,0.10581423012338366,Barriera_di_Milano,1.05,1.1,5,10,0.1113945068861387,"[{'sender': 'Aggregator', 'receiver': 74, 'amount': 1.952358365058899, 'price_per_kWh': 0.12281244384196792, 'type': 'GRID_buy', 'hour': 18}]"
18,78,4.75,0.063084565,1.2773397663000727,0,0.0,0.0,0.934235930837094,0.10745564055418307,Barriera_di_Milano,1.05,1.05,5,9,0.1113945068861387,"[{'sender': 'Aggregator', 'receiver': 78, 'amount': 1.2142552137374878, 'price_per_kWh': 0.12281244384196792, 'type': 'GRID_buy', 'hour': 18}]"
18,79,0.0,-0.023882039,0.9482126206559844,0,0.0,0.0,-0.8963558012578456,0.12218807861965518,Barriera_di_Milano,1.05,1.1,8,11,0.1113945068861387,"[{'sender': 'Aggregator', 'receiver': 79, 'amount': 0.9720946550369263, 'price_per_kWh': 0.1286606554534902, 'type': 'GRID_buy', 'hour': 18}]"
18,92,2.25,0.010941148,1.9678466863598016,10,0.0,0.0,-0.9579775960564927,0.10590128484669878,Barriera_di_Milano,1.0,1.1,0,11,0.1113945068861387,"[{'sender': 'Aggregator', 'receiver': 92, 'amount': 1.956905484199524, 'price_per_kWh': 0.1286606554534902, 'type': 'GRID_buy', 'hour': 18}]"
18,93,0.75,-0.017439054,0.8544765999195372,10,0.0,0.0,-0.6367741176416525,0.10348080811847446,Barriera_di_Milano,1.02,1.1,3,13,0.1113945068861387,"[{'sender': 'Aggregator', 'receiver': 93, 'amount': 0.8719156384468079, 'price_per_kWh': 0.1286606554534902, 'type': 'GRID_buy', 'hour': 18}]"
18,98,3.25,0.03075117,1.444086132591959,15,4.54598331451416,0.0,-0.3326046042559817,0.0,Barriera_di_Milano,1.0,1.05,0,8,0.1113945068861387,[]
18,3,0.25,-0.011002827,1.2856343166536361,0,0.0,0.0,-1.2469988239980099,0.11078625121998868,San_Salvario,1.05,1.1,8,12,0.1113945068861387,"[{'sender': 'Aggregator', 'receiver': 3, 'amount': 1.2966370582580566, 'price_per_kWh': 0.1286606554534902, 'type': 'GRID_buy', 'hour': 18}]"
18,5,2.75,0.04817067,1.0152101131614788,15,4.5402984619140625,0.0,-0.2599181618212527,0.0,San_Salvario,1.0,1.05,0,8,0.1113945068861387,[]
18,9,1.75,0.008494714,1.3454952030256218,0,0.0,0.0,-0.5424930380229951,0.10980056118553738,San_Salvario,1.05,1.1,5,12,0.1113945068861387,"[{'sender': 'Aggregator', 'receiver': 9, 'amount': 1.3370004892349243, 'price_per_kWh': 0.1286606554534902, 'type': 'GRID_buy', 'hour': 18}]"
18,11,2.25,0.025194874,1.176451658545692,10,1.4559180736541748,0.0,-0.3961634595548117,0.0,San_Salvario,1.0,1.05,0,9,0.1113945068861387,[]
18,12,0.75,-0.0044658068,1.6478373797376027,10,0.0,0.0,-1.4865135955426365,0.12160643997002143,San_Salvario,1.05,1.1,8,11,0.1113945068861387,"[{'sender': 'Aggregator', 'receiver': 12, 'amount': 1.6523032188415527, 'price_per_kWh': 0.1286606554534902, 'type': 'GRID_buy', 'hour': 18}]"
18,13,4.5,0.069304995,0.8871407025915081,0,0.0,0.0,1.032818386856791,0.10939778688650759,San_Salvario,1.05,1.05,8,9,0.1113945068861387,"[{'sender': 'Aggregator', 'receiver': 13, 'amount': 0.8178356885910034, 'price_per_kWh': 0.12281244384196792, 'type': 'GRID_buy', 'hour': 18}]"
18,21,0.0,-0.014349388,2.31073014031282,15,0.0,0.0,-2.158517791027234,0.11447529235154273,San_Salvario,1.05,1.1,7,12,0.1113945068861387,"[{'sender': 'Aggregator', 'receiver': 21, 'amount': 2.3250796794891357, 'price_per_kWh': 0.1286606554534902, 'type': 'GRID_buy', 'hour': 18}]"
18,24,2.25,0.020244675,1.791982200927261,15,0.0,0.0,-0.9012636585068371,0.12048852885107028,San_Salvario,1.0,1.1,0,11,0.1113945068861387,"[{'sender': 'Aggregator', 'receiver': 24, 'amount': 1.7717374563217163, 'price_per_kWh': 0.1286606554534902, 'type': 'GRID_buy', 'hour': 18}]"
18,28,3.25,0.040338986,1.2969389603289676,10,5.449171543121338,0.0,-0.28204273923126677,0.0,San_Salvario,1.0,1.05,0,8,0.1113945068861387,[]
18,33,0.5,-0.0031640125,1.1657826701772385,15,0.0,0.0,-0.891686504161626,0.10326906220119089,San_Salvario,1.05,1.1,8,11,0.1113945068861387,"[{'sender': 'Aggregator', 'receiver': 33, 'amount': 1.1689467430114746, 'price_per_kWh': 0.1286606554534902, 'type': 'GRID_buy', 'hour': 18}]"
18,36,1.75,0.00922483,1.6318097313135638,10,0.0,0.0,-0.9810325147169036,0.10756336692252921,San_Salvario,1.02,1.1,1,11,0.1113945068861387,"[{'sender': 'Aggregator', 'receiver': 36, 'amount': 1.6225849390029907, 'price_per_kWh': 0.1286606554534902, 'type': 'GRID_buy', 'hour': 18}]"
18,40,2.75,0.0444299,1.58980252851002,15,1.8698395490646362,0.0,-0.40331532229766515,0.0,San_Salvario,1.0,1.05,0,9,0.1113945068861387,[]
18,43,2.25,0.023530977,0.7915687600735507,15,4.133771896362305,0.0,-0.21736562862698,0.0,San_Salvario,1.0,1.05,0,8,0.1113945068861387,[]
18,44,3.25,0.04474252,1.88835547108365,10,0.9323664903640747,0.0,-0.6178825096768983,0.0,San_Salvario,1.0,1.05,0,9,0.1113945068861387,[]
18,50,1.25,0.010050714,0.907942546742544,10,0.0,0.0,-0.4195418276569908,0.10221041756193303,San_Salvario,1.0,1.1,0,10,0.1113945068861387,"[{'sender': 'Aggregator', 'receiver': 50, 'amount': 0.7448962926864624, 'price_per_kWh': 0.12281244384196792, 'type': 'GRID_buy', 'hour': 18}]"
18,52,2.75,0.045426916,0.956198618502081,10,4.947541236877441,0.0,-0.2448974782789832,0.0,San_Salvario,1.0,1.05,0,8,0.1113945068861387,[]
18,56,0.5,-0.00674106,1.7137220299209583,15,0.0,0.0,-1.5355277389758961,0.12061967289048416,San_Salvario,1.05,1.1,7,12,0.1113945068861387,"[{'sender': 'Aggregator', 'receiver': 56, 'amount': 1.7204630374908447, 'price_per_kWh': 0.1286606554534902, 'type': 'GRID_buy', 'hour': 18}]"
18,71,4.25,0.06608624,1.0660202334819082,10,8.1265310049057,0.0,0.03583390039916458,0.0,San_Salvario,1.02,1.05,4,7,0.1113945068861387,[]
18,75,0.75,-0.0050100177,0.8032810699246536,0,0.0,0.0,-0.4550201237038498,0.10955196704686829,San_Salvario,1.02,1.1,4,11,0.1113945068861387,"[{'sender': 'Aggregator', 'receiver': 75, 'amount': 0.8082910776138306, 'price_per_kWh': 0.1286606554534902, 'type': 'GRID_buy', 'hour': 18}]"
18,95,1.75,0.00717153,1.6005451241699473,0,0.0,0.0,-0.9716305481513839,0.12056892847899181,San_Salvario,1.05,1.1,5,12,0.1113945068861387,"[{'sender': 'Aggregator', 'receiver': 95, 'amount': 1.5933736562728882, 'price_per_kWh': 0.1286606554534902, 'type': 'GRID_buy', 'hour': 18}]"
18,96,1.25,0.0098107215,0.9921818059832723,15,0.0,0.0,-0.3894759791564333,0.10717026551130691,San_Salvario,1.0,1.1,0,10,0.1113945068861387,"[{'sender': 'Aggregator', 'receiver': 96, 'amount': 0.5370336174964905, 'price_per_kWh': 0.12281244384196792, 'type': 'GRID_buy', 'hour': 18}]"
18,4,0.0,-0.01816061,1.8856714226189364,15,0.0,0.0,-1.736940607816803,0.1063500212698902,San_Donato,1.05,1.1,7,12,0.1113945068861387,"[{'sender': 'Aggregator', 'receiver': 4, 'amount': 1.903831958770752, 'price_per_kWh': 0.1286606554534902, 'type': 'GRID_buy', 'hour': 18}]"
18,14,2.5,0.0247618,1.8954311703610447,0,0.0,0.0,-0.887217306612323,0.10719205531930578,San_Donato,1.02,1.1,2,13,0.1113945068861387,"[{'sender': 'Aggregator', 'receiver': 14, 'amount': 1.8706693649291992, 'price_per_kWh': 0.1286606554534902, 'type': 'GRID_buy', 'hour': 18}]"
18,17,1.25,0.006062774,1.3106945092220497,10,0.0,0.0,-0.8538441394120915,0.11472014161904102,San_Donato,1.02,1.1,2,12,0.1113945068861387,"[{'sender': 'Aggregator', 'receiver': 17, 'amount': 1.3046317100524902, 'price_per_kWh': 0.1286606554534902, 'type': 'GRID_buy', 'hour': 18}]"
18,18,1.25,0.008028703,2.185858401021686,15,0.0,0.0,-1.5456827963802544,0.10080550435120347,San_Donato,1.05,1.1,7,12,0.1113945068861387,"[{'sender': 'Aggregator', 'receiver': 18, 'amount': 2.1778297424316406, 'price_per_kWh': 0.1286606554534902, 'type': 'GRID_buy', 'hour': 18}]"
18,22,2.0,0.008304056,2.0820000711533564,10,0.0,0.0,-1.1489650096637465,0.11039909752842453,San_Donato,1.0,1.1,0,11,0.1113945068861387,"[{'sender': 'Aggregator', 'receiver': 22, 'amount': 2.0736958980560303, 'price_per_kWh': 0.1286606554534902, 'type': 'GRID_buy', 'hour': 18}]"
18,29,2.0,0.009621415,0.7794544787899591,10,3.044328451156616,0.0,-0.2131311292352382,0.0,San_Donato,1.0,1.05,0,8,0.1113945068861387,[]
18,30,2.5,0.026890328,1.448375928980255,10,1.422576665878296,0.0,-0.4023999763524487,0.0,San_Donato,1.0,1.05,0,9,0.1113945068861387,[]
18,39,3.25,0.04079149,2.1087585950486765,15,0.0,0.0,-0.75765152571128,0.11809016687730814,San_Donato,1.0,1.1,0,10,0.1113945068861387,"[{'sender': 'Aggregator', 'receiver': 39, 'amount': 0.33401405811309814, 'price_per_kWh': 0.12281244384196792, 'type': 'GRID_buy', 'hour': 18}]"
18,45,4.5,0.070119575,1.7861626663575447,15,6.786904811859131,0.0,-0.4515723717884573,0.0,San_Donato,1.0,1.05,0,8,0.1113945068861387,[]
18,53,4.25,0.0626854,2.158033889459362,0,0.0,0.0,-0.22841355117979828,0.11679649109421725,San_Donato,1.05,1.1,8,10,0.1113945068861387,"[{'sender': 'Aggregator', 'receiver': 53, 'amount': 2.095348358154297, 'price_per_kWh': 0.12281244384196792, 'type': 'GRID_buy', 'hour': 18}]"
18,54,0.75,-0.01203832,1.752482734647065,10,0.0,0.0,-1.4076761070207626,0.10297403889400945,San_Donato,1.05,1.1,7,12,0.1113945068861387,"[{'sender': 'Aggregator', 'receiver': 54, 'amount': 1.7645211219787598, 'price_per_kWh': 0.1286606554534902, 'type': 'GRID_buy', 'hour': 18}]"
18,57,2.25,0.018260034,1.547235297056615,10,0.2949117422103882,0.0,-0.4202226955296639,0.0,San_Donato,1.02,1.05,1,8,0.1113945068861387,[]
18,58,3.0,0.04084915,1.9493459253676273,0,0.0,0.0,-0.821437655290377,0.12251242950197867,San_Donato,1.02,1.1,4,13,0.1113945068861387,"[{'sender': 'Aggregator', 'receiver': 58, 'amount': 1.9084968566894531, 'price_per_kWh': 0.1286606554534902, 'type': 'GRID_buy', 'hour': 18}]"
18,63,0.75,-0.007972971,2.2445825905472288,10,0.0,0.0,-1.9494912328646319,0.12189161420530557,San_Donato,1.05,1.1,7,12,0.1113945068861387,"[{'sender': 'Aggregator', 'receiver': 63, 'amount': 2.2525556087493896, 'price_per_kWh': 0.1286606554534902, 'type': 'GRID_buy', 'hour': 18}]"
18,66,1.5,0.004624104,0.9385452797683161,0,0.0,0.0,-0.3950001777686387,0.1197747832632745,San_Donato,1.05,1.1,5,12,0.1113945068861387,"[{'sender': 'Aggregator', 'receiver': 66, 'amount': 0.9339211583137512, 'price_per_kWh': 0.1286606554534902, 'type': 'GRID_buy', 'hour': 18}]"
18,72,2.5,0.026890328,0.9235476280318228,0,0.0,0.0,0.1885062495399151,0.10398685857267577,San_Donato,1.05,1.1,7,10,0.1113945068861387,"[{'sender': 'Aggregator', 'receiver': 72, 'amount': 0.8966572880744934, 'price_per_kWh': 0.12281244384196792, 'type': 'GRID_buy', 'hour': 18}]"
18,77,4.0,0.05877489,1.0310420521796075,0,0.0,0.0,0.7833109221116601,0.10851834318198973,San_Donato,1.05,1.05,5,9,0.1113945068861387,"[{'sender': 'Aggregator', 'receiver': 77, 'amount': 0.972267210483551, 'price_per_kWh': 0.12281244384196792, 'type': 'GRID_buy', 'hour': 18}]"
18,80,2.25,0.021393381,0.9150142995394527,0,0.0,0.0,0.006935621778276016,0.10377537733470543,San_Donato,1.05,1.1,5,11,0.1113945068861387,"[{'sender': 'Aggregator', 'receiver': 80, 'amount': 0.8936209678649902, 'price_per_kWh': 0.1286606554534902, 'type': 'GRID_buy', 'hour': 18}]"
18,81,0.5,-0.010599578,2.065841133295917,0,0.0,0.0,-1.8411448457634567,0.10228972223784798,San_Donato,1.05,1.1,7,12,0.1113945068861387,"[{'sender': 'Aggregator', 'receiver': 81, 'amount': 2.0764408111572266, 'price_per_kWh': 0.1286606554534902, 'type': 'GRID_buy', 'hour': 18}]"
18,99,1.25,0.007996118,1.8697653049099916,0,0.0,0.0,-1.434172975405738,0.10889537249450057,San_Donato,1.05,1.1,7,12,0.1113945068861387,"[{'sender': 'Aggregator', 'receiver': 99, 'amount': 1.861769199371338, 'price_per_kWh': 0.1286606554534902, 'type': 'GRID_buy', 'hour': 18}]"
18,2,0.5,-0.0070695886,0.81585991128453,0,0.0,0.0,-0.617222318086371,0.11503894270350029,Centro,1.05,1.1,6,13,0.1113945068861387,"[{'sender': 'Aggregator', 'receiver': 2, 'amount': 0.8229295015335083, 'price_per_kWh': 0.1286606554534902, 'type': 'GRID_buy', 'hour': 18}]"
18,6,4.5,0.07152249,2.0297711162273755,0,0.0,0.0,-0.021953921312303754,0.10219420189494426,Centro,1.05,1.1,5,11,0.1113945068861387,"[{'sender': 'Aggregator', 'receiver': 6, 'amount': 1.9582486152648926, 'price_per_kWh': 0.1286606554534902, 'type': 'GRID_buy', 'hour': 18}]"
18,10,1.5,0.0051350323,0.845436029221985,15,0.6686580777168274,0.0,-0.26481477954093885,0.0,Centro,1.0,1.05,0,9,0.1113945068861387,[]
18,15,1.0,-0.003623578,2.070425574565747,15,0.0,0.0,-1.7990565483632568,0.10280309904228702,Centro,1.05,1.1,7,12,0.1113945068861387,"[{'sender': 'Aggregator', 'receiver': 15, 'amount': 2.0740489959716797, 'price_per_kWh': 0.1286606554534902, 'type': 'GRID_buy', 'hour': 18}]"
18,23,2.75,0.04636966,1.5916734062112299,15,0.7310193777084351,0.0,-0.49386515556446864,0.0,Centro,1.0,1.05,0,9,0.1113945068861387,[]
18,25,3.25,0.04222462,1.5271886374583847,10,2.841635227203369,0.0,-0.45371236974421175,0.0,Centro,1.0,1.05,0,9,0.1113945068861387,[]
18,37,4.5,0.06950931,1.9354740587904524,10,6.207666397094727,0.0,-0.44365498931748776,0.0,Centro,1.0,1.05,0,8,0.1113945068861387,[]
18,60,4.25,0.06397047,0.8532066642052457,15,12.560391426086426,0.0,-0.1513910538467433,0.0,Centro,1.0,1.05,0,7,0.1113945068861387,[]
18,62,2.25,0.021228224,1.6128840882381204,15,0.0,0.0,-0.6516117453590293,0.10809566661022865,Centro,1.0,1.1,0,10,0.1113945068861387,"[{'sender': 'Aggregator', 'receiver': 62, 'amount': 0.9007835388183594, 'price_per_kWh': 0.12281244384196792, 'type': 'GRID_buy', 'hour': 18}]"
18,73,2.25,0.019806061,1.6039126359943223,10,0.0,0.0,-0.6013370289078598,0.12106619900776046,Centro,1.0,1.1,0,10,0.1113945068861387,"[{'sender': 'Aggregator', 'receiver': 73, 'amount': 0.678679347038269, 'price_per_kWh': 0.12281244384196792, 'type': 'GRID_buy', 'hour': 18}]"
18,85,2.0,0.011009462,1.0106811073512296,15,1.6401689052581787,0.0,-0.2912173328705084,0.0,Centro,1.02,1.05,1,8,0.1113945068861387,[]
18,87,3.5,0.055588692,2.0118249041380607,0,0.0,0.0,-0.47425156716454797,0.10796854229541553,Centro,1.02,1.1,3,12,0.1113945068861387,"[{'sender': 'Aggregator', 'receiver': 87, 'amount': 1.9562361240386963, 'price_per_kWh': 0.1286606554534902, 'type': 'GRID_buy', 'hour': 18}]"
18,88,2.5,0.02653894,1.9009816368757793,10,0.0,0.0,-0.7750904583260615,0.12156991766913212,Centro,1.0,1.1,0,10,0.1113945068861387,"[{'sender': 'Aggregator', 'receiver': 88, 'amount': 1.1449559926986694, 'price_per_kWh': 0.12281244384196792, 'type': 'GRID_buy', 'hour': 18}]"
18,89,4.75,0.07557773,2.378162003227349,0,0.0,0.0,-0.0841005235449446,0.11816263010303973,Centro,1.05,1.1,7,10,0.1113945068861387,"[{'sender': 'Aggregator', 'receiver': 89, 'amount': 2.302584171295166, 'price_per_kWh': 0.12281244384196792, 'type': 'GRID_buy', 'hour': 18}]"
18,97,3.0,0.04535842,2.0549872859067406,15,0.0,0.0,-0.6517024393115847,0.11525858331035285,Centro,1.0,1.1,0,10,0.1113945068861387,"[{'sender': 'Aggregator', 'receiver': 97, 'amount': 0.2570772171020508, 'price_per_kWh': 0.12281244384196792, 'type': 'GRID_buy', 'hour': 18}]"
18,7,4.25,0.06610746,1.1697921859169216,0,0.0,0.0,0.7207645912536432,0.11666352108031261,Lingotto,1.05,1.05,8,9,0.1113945068861387,"[{'sender': 'Aggregator', 'receiver': 7, 'amount': 1.103684663772583, 'price_per_kWh': 0.12281244384196792, 'type': 'GRID_buy', 'hour': 18}]"
18,8,3.25,0.044048574,1.2174679577014904,15,6.114887237548828,0.0,-0.24664595482913004,0.0,Lingotto,1.0,1.05,0,8,0.1113945068861387,[]
18,16,0.0,-0.010444218,1.8519757966388397,0,0.0,0.0,-1.9114603628090256,0.12143872900650104,Lingotto,1.05,1.1,7,12,0.1113945068861387,"[{'sender': 'Aggregator', 'receiver': 16, 'amount': 1.8624199628829956, 'price_per_kWh': 0.1286606554534902, 'type': 'GRID_buy', 'hour': 18}]"
18,19,4.25,0.06454511,1.2390375776003844,10,7.896585702896118,0.0,-0.11155435618329648,0.0,Lingotto,1.02,1.05,3,8,0.1113945068861387,[]
18,20,0.5,-0.007841222,0.8693722048823012,0,0.0,0.0,-0.6649924387243857,0.10651219380589612,Lingotto,1.05,1.1,8,12,0.1113945068861387,"[{'sender': 'Aggregator', 'receiver': 20, 'amount': 0.8772134184837341, 'price_per_kWh': 0.1286606554534902, 'type': 'GRID_buy', 'hour': 18}]"
18,27,4.25,0.06613651,1.2981491586832457,0,0.0,0.0,0.4413744308619709,0.11844423839523932,Lingotto,1.05,1.1,6,10,0.1113945068861387,"[{'sender': 'Aggregator', 'receiver': 27, 'amount': 1.2320126295089722, 'price_per_kWh': 0.12281244384196792, 'type': 'GRID_buy', 'hour': 18}]"
18,32,2.25,0.02166892,1.3038438270552637,0,0.0,0.0,-0.245941072431325,0.12058998630736299,Lingotto,1.02,1.1,3,11,0.1113945068861387,"[{'sender': 'Aggregator', 'receiver': 32, 'amount': 1.2821749448776245, 'price_per_kWh': 0.1286606554534902, 'type': 'GRID_buy', 'hour': 18}]"
18,41,0.75,-0.0047671846,0.7292584978049048,0,0.0,0.0,-0.4984548423883862,0.11102837789700677,Lingotto,1.02,1.1,4,13,0.1113945068861387,"[{'sender': 'Aggregator', 'receiver': 41, 'amount': 0.7340256571769714, 'price_per_kWh': 0.1286606554534902, 'type': 'GRID_buy', 'hour': 18}]"
18,42,4.0,0.06136076,2.1956951677539553,15,2.396059274673462,0.0,-0.5940886687424194,0.0,Lingotto,1.02,1.05,1,9,0.1113945068861387,[]
18,48,4.5,0.07223238,1.3529619799384498,0,0.0,0.0,0.7478529695506193,0.10577653066142996,Lingotto,1.05,1.05,6,9,0.1113945068861387,"[{'sender': 'Aggregator', 'receiver': 48, 'amount': 1.2807296514511108, 'price_per_kWh': 0.12281244384196792, 'type': 'GRID_buy', 'hour': 18}]"
18,49,0.5,-0.004590392,1.143902733918525,10,0.0,0.0,-0.9797677663305367,0.10736861856238188,Lingotto,1.05,1.1,8,11,0.1113945068861387,"[{'sender': 'Aggregator', 'receiver': 49, 'amount': 1.1484931707382202, 'price_per_kWh': 0.1286606554534902, 'type': 'GRID_buy', 'hour': 18}]"
18,51,0.25,-0.010444218,1.964272398170232,0,0.0,0.0,-1.9142967899300232,0.10485225175621911,Lingotto,1.05,1.1,7,12,0.1113945068861387,"[{'sender': 'Aggregator', 'receiver': 51, 'amount': 1.9747165441513062, 'price_per_kWh': 0.1286606554534902, 'type': 'GRID_buy', 'hour': 18}]"
18,64,0.5,-0.004529002,2.1009927511532216,10,0.0,0.0,-1.9378868245721201,0.12170390961119411,Lingotto,1.05,1.1,6,13,0.1113945068861387,"[{'sender': 'Aggregator', 'receiver': 64, 'amount': 2.1055216789245605, 'price_per_kWh': 0.1286606554534902, 'type': 'GRID_buy', 'hour': 18}]"
18,70,2.0,0.0125299785,1.742396987384414,10,0.0,0.0,-0.9526158643000882,0.11619092461486748,Lingotto,1.0,1.1,0,11,0.1113945068861387,"[{'sender': 'Aggregator', 'receiver': 70, 'amount': 1.7298669815063477, 'price_per_kWh': 0.1286606554534902, 'type': 'GRID_buy', 'hour': 18}]"
18,76,3.5,0.058869384,1.9880546819310398,15,1.6102076768875122,0.0,-0.573398510298082,0.0,Lingotto,1.02,1.05,1,8,0.1113945068861387,[]
18,82,0.25,-0.01473487,1.9665740121914352,0,0.0,0.0,-1.8322993886340486,0.11506833678374459,Lingotto,1.05,1.1,7,12,0.1113945068861387,"[{'sender': 'Aggregator', 'receiver': 82, 'amount': 1.9813088178634644, 'price_per_kWh': 0.1286606554534902, 'type': 'GRID_buy', 'hour': 18}]"
18,83,4.5,0.07354569,1.0606443188081516,0,0.0,0.0,0.9385043094146174,0.1028102959692436,Lingotto,1.05,1.05,8,9,0.1113945068861387,"[{'sender': 'Aggregator', 'receiver': 83, 'amount': 0.9870985746383667, 'price_per_kWh': 0.12281244384196792, 'type': 'GRID_buy', 'hour': 18}]"
18,84,1.25,0.011230949,1.173373639340446,15,0.0,0.0,-0.7920548868050028,0.11146762793144309,Lingotto,1.0,1.1,0,12,0.1113945068861387,"[{'sender': 'Aggregator', 'receiver': 84, 'amount': 1.1621426343917847, 'price_per_kWh': 0.1286606554534902, 'type': 'GRID_buy', 'hour': 18}]"
18,86,3.25,0.044048574,2.149018038793594,15,0.8718552589416504,0.0,-0.6027782678901579,0.0,Lingotto,1.0,1.05,0,9,0.1113945068861387,[]
18,90,1.75,0.009674955,1.4784562144246878,10,0.0,0.0,-0.7991713275579556,0.11392016986641745,Lingotto,1.0,1.1,0,11,0.1113945068861387,"[{'sender': 'Aggregator', 'receiver': 90, 'amount': 1.4687813520431519, 'price_per_kWh': 0.1286606554534902, 'type': 'GRID_buy', 'hour': 18}]"
18,91,1.0,-0.00061887724,1.9183133639573642,10,0.0,0.0,-1.4550527212101307,0.12005430686283643,Lingotto,1.05,1.1,7,12,0.1113945068861387,"[{'sender': 'Aggregator', 'receiver': 91, 'amount': 1.918932318687439, 'price_per_kWh': 0.1286606554534902, 'type': 'GRID_buy', 'hour': 18}]"
18,94,1.25,0.011169562,1.4752525195593047,15,0.0,0.0,-0.9181801707039056,0.11829224633229603,Lingotto,1.02,1.1,2,12,0.1113945068861387,"[{'sender': 'Aggregator', 'receiver': 94, 'amount': 1.464082956314087, 'price_per_kWh': 0.1286606554534902, 'type': 'GRID_buy', 'hour': 18}]"
19,0,4.0,-0.014822317,1.9155268324590826,0,0.0,0.0,-0.5665704322502538,0.13199415340292583,Barriera_di_Milano,1.02,1.1,3,13,0.12109839197039163,"[{'sender': 'Aggregator', 'receiver': 0, 'amount': 1.9303492307662964, 'price_per_kWh': 0.13986864272580235, 'type': 'GRID_buy', 'hour': 19}]"
19,1,3.75,-0.014391398,1.0420671343515702,10,6.9628700613975525,0.0,-0.19473941732811148,0.0,Barriera_di_Milano,1.02,1.05,2,8,0.12109839197039163,[]
19,26,4.0,-0.014643725,2.23702701270127,10,1.3407580852508545,0.0,-0.5843724336784757,0.0,Barriera_di_Milano,1.0,1.05,0,9,0.12109839197039163,[]
19,31,3.75,-0.016219573,1.9916790422375499,10,0.0,0.0,-0.6914732258907981,0.11547751806081259,Barriera_di_Milano,1.0,1.1,0,10,0.12109839197039163,"[{'sender': 'Aggregator', 'receiver': 31, 'amount': 0.49155735969543457, 'price_per_kWh': 0.13351097714735677, 'type': 'GRID_buy', 'hour': 19}]"
19,34,3.75,-0.01648295,0.9595165024069706,15,8.297966003417969,0.0,-0.20969532190244689,0.0,Barriera_di_Milano,1.0,1.05,0,8,0.12109839197039163,[]
19,35,4.5,-0.00923823,1.6463539999287953,15,6.153444290161133,0.0,-0.40845822047171454,0.0,Barriera_di_Milano,1.0,1.05,0,8,0.12109839197039163,[]
19,38,3.75,-0.016726127,0.92133276339489,15,9.766510963439941,0.0,-0.1600143910567829,0.0,Barriera_di_Milano,1.0,1.05,0,7,0.12109839197039163,[]
19,46,3.75,-0.016716098,1.8448496765957894,0,0.0,0.0,-0.5219297895306265,0.12507032531937115,Barriera_di_Milano,1.02,1.1,3,12,0.12109839197039163,"[{'sender': 'Aggregator', 'receiver': 46, 'amount': 1.8615658283233643, 'price_per_kWh': 0.13986864272580235, 'type': 'GRID_buy', 'hour': 19}]"
19,47,1.25,-0.011971539,1.9517891070691786,10,0.0,0.0,-1.7765186800795285,0.1320560938937744,Barriera_di_Milano,1.05,1.1,7,13,0.12109839197039163,"[{'sender': 'Aggregator', 'receiver': 47, 'amount': 1.9637607336044312, 'price_per_kWh': 0.13986864272580235, 'type': 'GRID_buy', 'hour': 19}]"
19,55,2.25,-0.015721504,0.9438946267390681,10,2.4009251594543457,0.0,-0.23440078621511332,0.0,Barriera_di_Milano,1.0,1.05,0,8,0.12109839197039163,[]
19,59,0.75,-0.021077478,1.808720186229183,0,0.0,0.0,-1.6718853313770186,0.12008879725476922,Barriera_di_Milano,1.05,1.1,8,13,0.12109839197039163,"[{'sender': 'Aggregator', 'receiver': 59, 'amount': 1.8297977447509766, 'price_per_kWh': 0.13986864272580235, 'type': 'GRID_buy', 'hour': 19}]"
19,61,2.5,-0.012804812,1.1570691226246161,0,0.0,0.0,-0.33348905755528346,0.12427747393175627,Barriera_di_Milano,1.05,1.1,5,12,0.12109839197039163,"[{'sender': 'Aggregator', 'receiver': 61, 'amount': 1.1698739528656006, 'price_per_kWh': 0.13986864272580235, 'type': 'GRID_buy', 'hour': 19}]"
19,65,3.25,-0.012678791,0.919266820593866,0,0.0,0.0,0.27767128177414907,0.12625810371304544,Barriera_di_Milano,1.02,1.1,4,11,0.12109839197039163,"[{'sender': 'Aggregator', 'receiver': 65, 'amount': 0.9319456219673157, 'price_per_kWh': 0.13986864272580235, 'type': 'GRID_buy', 'hour': 19}]"
19,67,0.25,-0.01886002,1.9393025972665614,0,0.0,0.0,-2.1336694511248178,0.12226966806267975,Barriera_di_Milano,1.05,1.1,8,12,0.12109839197039163,"[{'sender': 'Aggregator', 'receiver': 67, 'amount': 1.958162546157837, 'price_per_kWh': 0.13986864272580235, 'type': 'GRID_buy', 'hour': 19}]"
19,68,2.75,-0.002839365,0.8556320647889222,10,5.029982566833496,0.0,-0.1938043890013882,0.0,Barriera_di_Milano,1.0,1.05,0,8,0.12109839197039163,[]
19,69,0.5,-0.0112692565,0.8116961883210552,0,0.0,0.0,-0.7024018878292888,0.11619381586078281,Barriera_di_Milano,1.05,1.1,7,13,0.12109839197039163,"[{'sender': 'Aggregator', 'receiver': 69, 'amount': 0.8229654431343079, 'price_per_kWh': 0.13986864272580235, 'type': 'GRID_buy', 'hour': 19}]"
19,74,2.0,-0.014835084,2.017997759606764,0,0.0,0.0,-1.4203402729409635,0.10908643106736776,Barriera_di_Milano,1.05,1.1,5,11,0.12109839197039163,"[{'sender': 'Aggregator', 'receiver': 74, 'amount': 2.0328328609466553, 'price_per_kWh': 0.13986864272580235, 'type': 'GRID_buy', 'hour': 19}]"
19,78,4.75,-0.014621907,1.2585620419771864,0,0.0,0.0,0.7642518986735619,0.1167417123749576,Barriera_di_Milano,1.05,1.1,5,10,0.12109839197039163,"[{'sender': 'Aggregator', 'receiver': 78, 'amount': 1.2731839418411255, 'price_per_kWh': 0.13351097714735677, 'type': 'GRID_buy', 'hour': 19}]"
19,79,0.0,-0.01825247,0.9284826923184224,0,0.0,0.0,-1.0287743691594178,0.12932896064926405,Barriera_di_Milano,1.05,1.1,8,12,0.12109839197039163,"[{'sender': 'Aggregator', 'receiver': 79, 'amount': 0.9467352032661438, 'price_per_kWh': 0.13986864272580235, 'type': 'GRID_buy', 'hour': 19}]"
19,92,2.25,-0.01572791,2.0759265723321567,10,0.0,0.0,-1.250534477492831,0.11883172791103344,Barriera_di_Milano,1.0,1.1,0,12,0.12109839197039163,"[{'sender': 'Aggregator', 'receiver': 92, 'amount': 2.0916545391082764, 'price_per_kWh': 0.13986864272580235, 'type': 'GRID_buy', 'hour': 19}]"
19,93,0.75,-0.021810215,0.8845471368302408,10,0.0,0.0,-0.7635450897261085,0.1326129894424975,Barriera_di_Milano,1.02,1.1,3,14,0.12109839197039163,"[{'sender': 'Aggregator', 'receiver': 93, 'amount': 0.9063573479652405, 'price_per_kWh': 0.13986864272580235, 'type': 'GRID_buy', 'hour': 19}]"
19,98,3.25,-0.0132197365,1.3023724322487182,15,3.230391025543213,0.0,-0.3326046042559817,0.0,Barriera_di_Milano,1.0,1.05,0,8,0.12109839197039163,[]
19,3,0.25,-0.012119135,1.423736779846346,0,0.0,0.0,-1.4478300517260136,0.1252232319964174,San_Salvario,1.05,1.1,8,13,0.12109839197039163,"[{'sender': 'Aggregator', 'receiver': 3, 'amount': 1.4358559846878052, 'price_per_kWh': 0.13986864272580235, 'type': 'GRID_buy', 'hour': 19}]"
19,5,2.75,0.00038191883,1.0825112203488947,15,3.4581692218780518,0.0,-0.2599181618212527,0.0,San_Salvario,1.0,1.05,0,8,0.12109839197039163,[]
19,9,1.75,-0.014559539,1.176243190062828,0,0.0,0.0,-0.7090489944984678,0.12663902477975622,San_Salvario,1.05,1.1,5,13,0.12109839197039163,"[{'sender': 'Aggregator', 'receiver': 9, 'amount': 1.1908026933670044, 'price_per_kWh': 0.13986864272580235, 'type': 'GRID_buy', 'hour': 19}]"
19,11,2.25,-0.0031998034,1.358463658790937,10,0.09425461292266846,0.0,-0.3961634595548117,0.0,San_Salvario,1.0,1.05,0,9,0.12109839197039163,[]
19,12,0.75,-0.012936106,1.8736378447869118,10,0.0,0.0,-1.7503861278360002,0.13052807835445068,San_Salvario,1.05,1.1,8,12,0.12109839197039163,"[{'sender': 'Aggregator', 'receiver': 12, 'amount': 1.8865739107131958, 'price_per_kWh': 0.13986864272580235, 'type': 'GRID_buy', 'hour': 19}]"
19,13,4.5,-0.005312683,0.859415499205109,0,0.0,0.0,0.9173676862160531,0.12883868577308327,San_Salvario,1.05,1.1,8,10,0.12109839197039163,"[{'sender': 'Aggregator', 'receiver': 13, 'amount': 0.8647281527519226, 'price_per_kWh': 0.13351097714735677, 'type': 'GRID_buy', 'hour': 19}]"
19,21,0.0,-0.013436412,2.2190719418043665,15,0.0,0.0,-2.4707756803913425,0.1313459793059717,San_Salvario,1.05,1.1,7,13,0.12109839197039163,"[{'sender': 'Aggregator', 'receiver': 21, 'amount': 2.2325081825256348, 'price_per_kWh': 0.13986864272580235, 'type': 'GRID_buy', 'hour': 19}]"
19,24,2.25,-0.011421358,2.0284631521220855,15,0.0,0.0,-1.1865795442469078,0.11549867602669005,San_Salvario,1.0,1.1,0,12,0.12109839197039163,"[{'sender': 'Aggregator', 'receiver': 24, 'amount': 2.039884567260742, 'price_per_kWh': 0.13986864272580235, 'type': 'GRID_buy', 'hour': 19}]"
19,28,3.25,-0.010693783,1.2882292476016999,10,4.1502485275268555,0.0,-0.28204273923126677,0.0,San_Salvario,1.0,1.05,0,8,0.12109839197039163,[]
19,33,0.5,-0.005041513,1.1364972915822853,15,0.0,0.0,-1.05135197823307,0.13046341892483246,San_Salvario,1.05,1.1,8,12,0.12109839197039163,"[{'sender': 'Aggregator', 'receiver': 33, 'amount': 1.1415387392044067, 'price_per_kWh': 0.13986864272580235, 'type': 'GRID_buy', 'hour': 19}]"
19,36,1.75,-0.013829423,1.638210378267696,10,0.0,0.0,-1.2121010912336065,0.11059558591141376,San_Salvario,1.02,1.1,1,12,0.12109839197039163,"[{'sender': 'Aggregator', 'receiver': 36, 'amount': 1.652039885520935, 'price_per_kWh': 0.13986864272580235, 'type': 'GRID_buy', 'hour': 19}]"
19,40,2.75,-0.00071213115,1.444669888816517,15,0.4244575500488281,0.0,-0.40331532229766515,0.0,San_Salvario,1.0,1.05,0,9,0.12109839197039163,[]
19,43,2.25,-0.014412528,0.853428647171103,15,3.265930652618408,0.0,-0.21736562862698,0.0,San_Salvario,1.0,1.05,0,8,0.12109839197039163,[]
19,44,3.25,0.0010752693,1.9192059177453482,10,0.0,0.0,-0.7494928440263129,0.12877506601749183,San_Salvario,1.0,1.1,0,10,0.12109839197039163,"[{'sender': 'Aggregator', 'receiver': 44, 'amount': 0.9857641458511353, 'price_per_kWh': 0.13351097714735677, 'type': 'GRID_buy', 'hour': 19}]"
19,50,1.25,-0.008918198,1.007102715183953,10,0.0,0.0,-0.5616512910889042,0.11869196092084712,San_Salvario,1.0,1.1,0,11,0.12109839197039163,"[{'sender': 'Aggregator', 'receiver': 50, 'amount': 1.0160208940505981, 'price_per_kWh': 0.13986864272580235, 'type': 'GRID_buy', 'hour': 19}]"
19,52,2.75,0.0029388035,1.0056698667716584,10,3.944810152053833,0.0,-0.2448974782789832,0.0,San_Salvario,1.0,1.05,0,8,0.12109839197039163,[]
19,56,0.5,-0.008464485,1.5798160302071236,15,0.0,0.0,-1.7576783682994745,0.12095563709500033,San_Salvario,1.05,1.1,7,13,0.12109839197039163,"[{'sender': 'Aggregator', 'receiver': 56, 'amount': 1.588280439376831, 'price_per_kWh': 0.13986864272580235, 'type': 'GRID_buy', 'hour': 19}]"
19,71,4.25,0.004980637,1.0564873383407776,10,7.075024366378784,0.0,0.03583390039916458,0.0,San_Salvario,1.02,1.05,4,7,0.12109839197039163,[]
19,75,0.75,-0.014097754,0.7553081139094993,0,0.0,0.0,-0.5626358745055506,0.1204956445606217,San_Salvario,1.02,1.1,4,12,0.12109839197039163,"[{'sender': 'Aggregator', 'receiver': 75, 'amount': 0.7694058418273926, 'price_per_kWh': 0.13986864272580235, 'type': 'GRID_buy', 'hour': 19}]"
19,95,1.75,-0.01572868,1.8166192938035137,0,0.0,0.0,-1.2279185743856837,0.12328320003085882,San_Salvario,1.05,1.1,5,13,0.12109839197039163,"[{'sender': 'Aggregator', 'receiver': 95, 'amount': 1.8323479890823364, 'price_per_kWh': 0.13986864272580235, 'type': 'GRID_buy', 'hour': 19}]"
19,96,1.25,-0.0065114764,0.8617385250490036,15,0.0,0.0,-0.5109169216003491,0.1302972578208423,San_Salvario,1.0,1.1,0,11,0.12109839197039163,"[{'sender': 'Aggregator', 'receiver': 96, 'amount': 0.8682499527931213, 'price_per_kWh': 0.13986864272580235, 'type': 'GRID_buy', 'hour': 19}]"
19,4,0.0,-0.018953053,1.8331538366594062,15,0.0,0.0,-1.995992290134663,0.11550745537699109,San_Donato,1.05,1.1,7,13,0.12109839197039163,"[{'sender': 'Aggregator', 'receiver': 4, 'amount': 1.8521069288253784, 'price_per_kWh': 0.13986864272580235, 'type': 'GRID_buy', 'hour': 19}]"
19,14,2.5,-0.014187377,1.9351217710259658,0,0.0,0.0,-1.1598645261707876,0.11419540201069667,San_Donato,1.02,1.1,2,14,0.12109839197039163,"[{'sender': 'Aggregator', 'receiver': 14, 'amount': 1.9493091106414795, 'price_per_kWh': 0.13986864272580235, 'type': 'GRID_buy', 'hour': 19}]"
19,17,1.25,-0.01258228,1.4835375258095616,10,0.0,0.0,-1.0631043931426423,0.11031595385504728,San_Donato,1.02,1.1,2,13,0.12109839197039163,"[{'sender': 'Aggregator', 'receiver': 17, 'amount': 1.4961198568344116, 'price_per_kWh': 0.13986864272580235, 'type': 'GRID_buy', 'hour': 19}]"
19,18,1.25,-0.010616347,2.0586409445834164,15,0.0,0.0,-1.8351070006986956,0.11320775334321748,San_Donato,1.05,1.1,7,13,0.12109839197039163,"[{'sender': 'Aggregator', 'receiver': 18, 'amount': 2.0692572593688965, 'price_per_kWh': 0.13986864272580235, 'type': 'GRID_buy', 'hour': 19}]"
19,22,2.0,-0.018394746,1.9010363936018653,10,0.0,0.0,-1.4174332310773958,0.11016375885806615,San_Donato,1.0,1.1,0,12,0.12109839197039163,"[{'sender': 'Aggregator', 'receiver': 22, 'amount': 1.9194310903549194, 'price_per_kWh': 0.13986864272580235, 'type': 'GRID_buy', 'hour': 19}]"
19,29,2.0,-0.017077394,0.7891806405449302,10,2.238070487976074,0.0,-0.2131311292352382,0.0,San_Donato,1.0,1.05,0,8,0.12109839197039163,[]
19,30,2.5,-0.012058821,1.4192242155716148,10,0.0,0.0,-0.40356238306116093,0.12798354114626675,San_Donato,1.0,1.1,0,10,0.12109839197039163,"[{'sender': 'Aggregator', 'receiver': 30, 'amount': 0.008706450462341309, 'price_per_kWh': 0.13351097714735677, 'type': 'GRID_buy', 'hour': 19}]"
19,39,3.25,-0.011529669,2.4207964022033948,15,0.0,0.0,-1.0978576729657479,0.12529325037119585,San_Donato,1.0,1.1,0,11,0.12109839197039163,"[{'sender': 'Aggregator', 'receiver': 39, 'amount': 2.432326078414917, 'price_per_kWh': 0.13986864272580235, 'type': 'GRID_buy', 'hour': 19}]"
19,45,4.5,-0.005786461,1.8970028032688655,15,4.884115695953369,0.0,-0.4515723717884573,0.0,San_Donato,1.0,1.05,0,8,0.12109839197039163,[]
19,53,4.25,-0.009155868,2.063377954752622,0,0.0,0.0,-0.5182960138620437,0.11192879913828817,San_Donato,1.05,1.1,8,11,0.12109839197039163,"[{'sender': 'Aggregator', 'receiver': 53, 'amount': 2.07253360748291, 'price_per_kWh': 0.13986864272580235, 'type': 'GRID_buy', 'hour': 19}]"
19,54,0.75,-0.022831514,1.671545752618308,10,0.0,0.0,-1.6446663606740484,0.13003918186016772,San_Donato,1.05,1.1,7,13,0.12109839197039163,"[{'sender': 'Aggregator', 'receiver': 54, 'amount': 1.6943773031234741, 'price_per_kWh': 0.13986864272580235, 'type': 'GRID_buy', 'hour': 19}]"
19,57,2.25,-0.019359622,1.4786152344582941,10,0.0,0.0,-0.5808448296364851,0.1312475194042102,San_Donato,1.02,1.05,1,9,0.12109839197039163,"[{'sender': 'Aggregator', 'receiver': 57, 'amount': 1.2030631303787231, 'price_per_kWh': 0.13351097714735677, 'type': 'GRID_buy', 'hour': 19}]"
19,58,3.0,-0.0076073576,2.1976423907062936,0,0.0,0.0,-1.129882949782287,0.1247055618671618,San_Donato,1.02,1.1,4,14,0.12109839197039163,"[{'sender': 'Aggregator', 'receiver': 58, 'amount': 2.205249786376953, 'price_per_kWh': 0.13986864272580235, 'type': 'GRID_buy', 'hour': 19}]"
19,63,0.75,-0.01876614,2.4056705838331784,10,0.0,0.0,-2.2885939185226594,0.1303088862313506,San_Donato,1.05,1.1,7,13,0.12109839197039163,"[{'sender': 'Aggregator', 'receiver': 63, 'amount': 2.4244368076324463, 'price_per_kWh': 0.13986864272580235, 'type': 'GRID_buy', 'hour': 19}]"
19,66,1.5,-0.014176831,0.9081969980546264,0,0.0,0.0,-0.524011353634469,0.11303801888504286,San_Donato,1.05,1.1,5,13,0.12109839197039163,"[{'sender': 'Aggregator', 'receiver': 66, 'amount': 0.9223738312721252, 'price_per_kWh': 0.13986864272580235, 'type': 'GRID_buy', 'hour': 19}]"
19,72,2.5,-0.012058821,0.9513552118669696,0,0.0,0.0,0.05375483910462908,0.11921274923207732,San_Donato,1.05,1.1,7,11,0.12109839197039163,"[{'sender': 'Aggregator', 'receiver': 72, 'amount': 0.9634140133857727, 'price_per_kWh': 0.13986864272580235, 'type': 'GRID_buy', 'hour': 19}]"
19,77,4.0,-0.013466727,1.0159803492324078,0,0.0,0.0,0.6458684367122858,0.11564675567180967,San_Donato,1.05,1.1,5,10,0.12109839197039163,"[{'sender': 'Aggregator', 'receiver': 77, 'amount': 1.029447078704834, 'price_per_kWh': 0.13351097714735677, 'type': 'GRID_buy', 'hour': 19}]"
19,80,2.25,-0.016226273,0.8954024606280332,0,0.0,0.0,-0.1205726503978058,0.12164264389627069,San_Donato,1.05,1.1,5,12,0.12109839197039163,"[{'sender': 'Aggregator', 'receiver': 80, 'amount': 0.9116287231445312, 'price_per_kWh': 0.13986864272580235, 'type': 'GRID_buy', 'hour': 19}]"
19,81,0.5,-0.0115821455,2.0239225940762418,0,0.0,0.0,-2.1258481419137234,0.12304350995706861,San_Donato,1.05,1.1,7,13,0.12109839197039163,"[{'sender': 'Aggregator', 'receiver': 81, 'amount': 2.0355048179626465, 'price_per_kWh': 0.13986864272580235, 'type': 'GRID_buy', 'hour': 19}]"
19,99,1.25,-0.010648934,1.9672012617058374,0,0.0,0.0,-1.7108121982192612,0.12926346946617093,San_Donato,1.05,1.1,7,13,0.12109839197039163,"[{'sender': 'Aggregator', 'receiver': 99, 'amount': 1.9778501987457275, 'price_per_kWh': 0.13986864272580235, 'type': 'GRID_buy', 'hour': 19}]"
19,2,0.5,-0.008793011,0.8403095319464103,0,0.0,0.0,-0.7359851402277744,0.12809442977321128,Centro,1.05,1.1,6,14,0.12109839197039163,"[{'sender': 'Aggregator', 'receiver': 2, 'amount': 0.8491025567054749, 'price_per_kWh': 0.13986864272580235, 'type': 'GRID_buy', 'hour': 19}]"
19,6,4.5,-0.005124448,2.110333575323364,0,0.0,0.0,-0.3178401621420245,0.12074626614287857,Centro,1.05,1.1,5,12,0.12109839197039163,"[{'sender': 'Aggregator', 'receiver': 6, 'amount': 2.1154580116271973, 'price_per_kWh': 0.13986864272580235, 'type': 'GRID_buy', 'hour': 19}]"
19,10,1.5,-0.0138356965,0.7820525995429859,15,0.0,0.0,-0.2818014035116548,0.1280750952509888,Centro,1.0,1.1,0,10,0.12109839197039163,"[{'sender': 'Aggregator', 'receiver': 10, 'amount': 0.12723016738891602, 'price_per_kWh': 0.13351097714735677, 'type': 'GRID_buy', 'hour': 19}]"
19,15,1.0,-0.013118491,2.0159236212865532,15,0.0,0.0,-2.0828559330589114,0.13174160624779319,Centro,1.05,1.1,7,13,0.12109839197039163,"[{'sender': 'Aggregator', 'receiver': 15, 'amount': 2.0290422439575195, 'price_per_kWh': 0.13986864272580235, 'type': 'GRID_buy', 'hour': 19}]"
19,23,2.75,-0.0012650363,1.6635456721664592,15,0.0,0.0,-0.618536557697033,0.11878852729877944,Centro,1.0,1.1,0,10,0.12109839197039163,"[{'sender': 'Aggregator', 'receiver': 23, 'amount': 0.9337913990020752, 'price_per_kWh': 0.13351097714735677, 'type': 'GRID_buy', 'hour': 19}]"
19,25,3.25,-0.010837413,1.7810064475828646,10,1.0497913360595703,0.0,-0.45371236974421175,0.0,Centro,1.0,1.05,0,9,0.12109839197039163,[]
19,37,4.5,-0.0051083765,1.967841136154867,10,4.234716892242432,0.0,-0.44365498931748776,0.0,Centro,1.0,1.05,0,8,0.12109839197039163,[]
19,60,4.25,-0.008611685,0.9278881956420671,15,11.623891830444336,0.0,-0.1513910538467433,0.0,Centro,1.0,1.05,0,7,0.12109839197039163,[]
19,62,2.25,-0.016561223,1.7972252189437345,15,0.0,0.0,-0.9053036022389354,0.12402442575653966,Centro,1.0,1.1,0,11,0.12109839197039163,"[{'sender': 'Aggregator', 'receiver': 62, 'amount': 1.813786506652832, 'price_per_kWh': 0.13986864272580235, 'type': 'GRID_buy', 'hour': 19}]"
19,73,2.25,-0.015954126,1.5017010059841565,10,0.0,0.0,-0.813609392654406,0.12927824926324352,Centro,1.0,1.1,0,11,0.12109839197039163,"[{'sender': 'Aggregator', 'receiver': 73, 'amount': 1.5176551342010498, 'price_per_kWh': 0.13986864272580235, 'type': 'GRID_buy', 'hour': 19}]"
19,85,2.0,-0.015859144,1.1168715853869289,15,0.5074381828308105,0.0,-0.2912173328705084,0.0,Centro,1.02,1.05,1,8,0.12109839197039163,[]
19,87,3.5,-0.018202882,1.8423447428378283,0,0.0,0.0,-0.7344838433445651,0.12434109334706134,Centro,1.02,1.1,3,13,0.12109839197039163,"[{'sender': 'Aggregator', 'receiver': 87, 'amount': 1.860547661781311, 'price_per_kWh': 0.13986864272580235, 'type': 'GRID_buy', 'hour': 19}]"
19,88,2.5,-0.012580004,2.065872374087853,10,0.0,0.0,-1.0658007673102603,0.12672549662655297,Centro,1.0,1.1,0,11,0.12109839197039163,"[{'sender': 'Aggregator', 'receiver': 88, 'amount': 2.0784523487091064, 'price_per_kWh': 0.13986864272580235, 'type': 'GRID_buy', 'hour': 19}]"
19,89,4.75,-0.011219819,2.2874057188678187,0,0.0,0.0,-0.4056061480579951,0.12301038889337074,Centro,1.05,1.1,7,11,0.12109839197039163,"[{'sender': 'Aggregator', 'receiver': 89, 'amount': 2.2986254692077637, 'price_per_kWh': 0.13986864272580235, 'type': 'GRID_buy', 'hour': 19}]"
19,97,3.0,-0.0032678507,2.1851184866150244,15,0.0,0.0,-0.9577890471254096,0.1301203523266362,Centro,1.0,1.1,0,11,0.12109839197039163,"[{'sender': 'Aggregator', 'receiver': 97, 'amount': 2.1883862018585205, 'price_per_kWh': 0.13986864272580235, 'type': 'GRID_buy', 'hour': 19}]"
19,7,4.25,-0.0064746942,0.9993526796716313,0,0.0,0.0,0.5864755886452241,0.13280572467365445,Lingotto,1.05,1.1,8,10,0.12109839197039163,"[{'sender': 'Aggregator', 'receiver': 7, 'amount': 1.0058274269104004, 'price_per_kWh': 0.13351097714735677, 'type': 'GRID_buy', 'hour': 19}]"
19,8,3.25,-0.008596441,1.144417902049729,15,4.9618730545043945,0.0,-0.24664595482913004,0.0,Lingotto,1.0,1.05,0,8,0.12109839197039163,[]
19,16,0.0,-0.011560528,1.8864221573833169,0,0.0,0.0,-2.1769286292913548,0.11186717565682165,Lingotto,1.05,1.1,7,13,0.12109839197039163,"[{'sender': 'Aggregator', 'receiver': 16, 'amount': 1.8979827165603638, 'price_per_kWh': 0.13986864272580235, 'type': 'GRID_buy', 'hour': 19}]"
19,19,4.25,-0.008037047,1.2034949241182027,10,6.685053706169128,0.0,-0.11155435618329648,0.0,Lingotto,1.02,1.05,3,8,0.12109839197039163,[]
19,20,0.5,-0.0097186975,0.9034649731911427,0,0.0,0.0,-0.792718201880582,0.11431687279319626,Lingotto,1.05,1.1,8,13,0.12109839197039163,"[{'sender': 'Aggregator', 'receiver': 20, 'amount': 0.9131836891174316, 'price_per_kWh': 0.13986864272580235, 'type': 'GRID_buy', 'hour': 19}]"
19,27,4.25,-0.006445654,1.2788410454453962,0,0.0,0.0,0.26160312952005543,0.13079845767022236,Lingotto,1.05,1.1,6,11,0.12109839197039163,"[{'sender': 'Aggregator', 'receiver': 27, 'amount': 1.2852866649627686, 'price_per_kWh': 0.13986864272580235, 'type': 'GRID_buy', 'hour': 19}]"
19,32,2.25,-0.016274586,1.1212178530848365,0,0.0,0.0,-0.40504059308832385,0.11909869937792629,Lingotto,1.02,1.1,3,12,0.12109839197039163,"[{'sender': 'Aggregator', 'receiver': 32, 'amount': 1.1374924182891846, 'price_per_kWh': 0.13986864272580235, 'type': 'GRID_buy', 'hour': 19}]"
19,41,0.75,-0.015884187,0.7690328484804955,0,0.0,0.0,-0.6082401174050167,0.11072211666689366,Lingotto,1.02,1.1,4,14,0.12109839197039163,"[{'sender': 'Aggregator', 'receiver': 41, 'amount': 0.7849169969558716, 'price_per_kWh': 0.13986864272580235, 'type': 'GRID_buy', 'hour': 19}]"
19,42,4.0,-0.0110505745,1.9927200442471562,15,0.3922886848449707,0.0,-0.5940886687424194,0.0,Lingotto,1.02,1.05,1,9,0.12109839197039163,[]
19,48,4.5,-0.004414542,1.1822087483823285,0,0.0,0.0,0.5894257286043154,0.12101622881839616,Lingotto,1.05,1.1,6,10,0.12109839197039163,"[{'sender': 'Aggregator', 'receiver': 48, 'amount': 1.1866233348846436, 'price_per_kWh': 0.13351097714735677, 'type': 'GRID_buy', 'hour': 19}]"
19,49,0.5,-0.006467877,1.264745833650016,10,0.0,0.0,-1.1575706942689377,0.11554056369740684,Lingotto,1.05,1.1,8,12,0.12109839197039163,"[{'sender': 'Aggregator', 'receiver': 49, 'amount': 1.2712136507034302, 'price_per_kWh': 0.13986864272580235, 'type': 'GRID_buy', 'hour': 19}]"
19,51,0.25,-0.011560528,2.006903111814068,0,0.0,0.0,-2.1966165556763255,0.11555744547433287,Lingotto,1.05,1.1,7,13,0.12109839197039163,"[{'sender': 'Aggregator', 'receiver': 51, 'amount': 2.018463611602783, 'price_per_kWh': 0.13986864272580235, 'type': 'GRID_buy', 'hour': 19}]"
19,64,0.5,-0.0064064916,1.9295791183665463,10,0.0,0.0,-2.2086705145850094,0.11443235026325858,Lingotto,1.05,1.1,6,14,0.12109839197039163,"[{'sender': 'Aggregator', 'receiver': 64, 'amount': 1.9359856843948364, 'price_per_kWh': 0.13986864272580235, 'type': 'GRID_buy', 'hour': 19}]"
19,70,2.0,-0.014492683,1.9585599983145148,10,0.0,0.0,-1.2285840564102457,0.11601339859770773,Lingotto,1.0,1.1,0,12,0.12109839197039163,"[{'sender': 'Aggregator', 'receiver': 70, 'amount': 1.9730526208877563, 'price_per_kWh': 0.13986864272580235, 'type': 'GRID_buy', 'hour': 19}]"
19,76,3.5,-0.014922179,1.8698119882211997,15,0.0,0.0,-0.610050808476488,0.12943794117772495,Lingotto,1.02,1.05,1,9,0.12109839197039163,"[{'sender': 'Aggregator', 'receiver': 76, 'amount': 0.2745264768600464, 'price_per_kWh': 0.13351097714735677, 'type': 'GRID_buy', 'hour': 19}]"
19,82,0.25,-0.015851164,1.9522576515113546,0,0.0,0.0,-2.1075760914826835,0.13284670682492145,Lingotto,1.05,1.1,7,13,0.12109839197039163,"[{'sender': 'Aggregator', 'receiver': 82, 'amount': 1.9681087732315063, 'price_per_kWh': 0.13986864272580235, 'type': 'GRID_buy', 'hour': 19}]"
19,83,4.5,-0.0031012413,1.0102025182177627,0,0.0,0.0,0.8032171347086615,0.12370394675388559,Lingotto,1.05,1.1,8,10,0.12109839197039163,"[{'sender': 'Aggregator', 'receiver': 83, 'amount': 1.0133037567138672, 'price_per_kWh': 0.13351097714735677, 'type': 'GRID_buy', 'hour': 19}]"
19,84,1.25,-0.0077379644,1.3723683150791748,15,0.0,0.0,-0.985088485987909,0.12410377012824399,Lingotto,1.0,1.1,0,13,0.12109839197039163,"[{'sender': 'Aggregator', 'receiver': 84, 'amount': 1.3801063299179077, 'price_per_kWh': 0.13986864272580235, 'type': 'GRID_buy', 'hour': 19}]"
19,86,3.25,-0.008596441,1.9484581019790332,15,0.0,0.0,-0.7476642784042123,0.12174806029284863,Lingotto,1.0,1.1,0,10,0.12109839197039163,"[{'sender': 'Aggregator', 'receiver': 86, 'amount': 1.085199236869812, 'price_per_kWh': 0.13351097714735677, 'type': 'GRID_buy', 'hour': 19}]"
19,90,1.75,-0.013379296,1.6084469258434333,10,0.0,0.0,-1.0260139696289372,0.11104625505905871,Lingotto,1.0,1.1,0,12,0.12109839197039163,"[{'sender': 'Aggregator', 'receiver': 90, 'amount': 1.6218262910842896, 'price_per_kWh': 0.13986864272580235, 'type': 'GRID_buy', 'hour': 19}]"
19,91,1.0,-0.012343477,1.7828134281512846,10,0.0,0.0,-1.7061388880863297,0.12002407186409424,Lingotto,1.05,1.1,7,13,0.12109839197039163,"[{'sender': 'Aggregator', 'receiver': 91, 'amount': 1.7951569557189941, 'price_per_kWh': 0.13986864272580235, 'type': 'GRID_buy', 'hour': 19}]"
19,94,1.25,-0.0077993493,1.3200827620957463,15,0.0,0.0,-1.1039092476163157,0.11369199872601116,Lingotto,1.02,1.1,2,13,0.12109839197039163,"[{'sender': 'Aggregator', 'receiver': 94, 'amount': 1.327882170677185, 'price_per_kWh': 0.13986864272580235, 'type': 'GRID_buy', 'hour': 19}]"
20,0,4.0,-0.0049841977,2.1698892587680674,0,0.0,0.0,-0.910528715096065,0.14713420857986587,Barriera_di_Milano,1.02,1.1,3,14,0.1369272278804072,"[{'sender': 'Aggregator', 'receiver': 0, 'amount': 2.1748733520507812, 'price_per_kWh': 0.15815094820187034, 'type': 'GRID_buy', 'hour': 20}]"
20,1,3.75,-0.0021341473,1.0552393610393997,10,5.905496537685394,0.0,-0.19473941732811148,0.0,Barriera_di_Milano,1.02,1.05,2,8,0.1369272278804072,[]
20,26,4.0,-0.004805609,2.2101119678844796,10,0.0,0.0,-0.7163375102932694,0.12455463982290507,Barriera_di_Milano,1.0,1.1,0,10,0.1369272278804072,"[{'sender': 'Aggregator', 'receiver': 26, 'amount': 0.8741593360900879, 'price_per_kWh': 0.15096226873814897, 'type': 'GRID_buy', 'hour': 20}]"
20,31,3.75,-0.004275163,2.1003444527583435,10,0.0,0.0,-1.0243207958977563,0.12996763181162713,Barriera_di_Milano,1.0,1.1,0,11,0.1369272278804072,"[{'sender': 'Aggregator', 'receiver': 31, 'amount': 2.1046195030212402, 'price_per_kWh': 0.15815094820187034, 'type': 'GRID_buy', 'hour': 20}]"
20,34,3.75,-0.0045385375,0.9752205352034315,15,7.318206787109375,0.0,-0.20969532190244689,0.0,Barriera_di_Milano,1.0,1.05,0,8,0.1369272278804072,[]
20,35,4.5,0.0076326374,1.9398023414399082,15,4.221274375915527,0.0,-0.40845822047171454,0.0,Barriera_di_Milano,1.0,1.05,0,8,0.1369272278804072,[]
20,38,3.75,-0.004781712,0.839532529558748,15,8.922196388244629,0.0,-0.1600143910567829,0.0,Barriera_di_Milano,1.0,1.05,0,7,0.1369272278804072,[]
20,46,3.75,-0.004771685,1.847121354725907,0,0.0,0.0,-0.8148084341020687,0.14334210373574008,Barriera_di_Milano,1.02,1.1,3,13,0.1369272278804072,"[{'sender': 'Aggregator', 'receiver': 46, 'amount': 1.8518930673599243, 'price_per_kWh': 0.15815094820187034, 'type': 'GRID_buy', 'hour': 20}]"
20,47,1.25,-0.007921881,2.000656582569475,10,0.0,0.0,-2.0941772805436454,0.14084870562421326,Barriera_di_Milano,1.05,1.1,7,14,0.1369272278804072,"[{'sender': 'Aggregator', 'receiver': 47, 'amount': 2.0085785388946533, 'price_per_kWh': 0.15815094820187034, 'type': 'GRID_buy', 'hour': 20}]"
20,55,2.25,-0.008311618,0.8801820385024308,10,1.5124315023422241,0.0,-0.23440078621511332,0.0,Barriera_di_Milano,1.0,1.05,0,8,0.1369272278804072,[]
20,59,0.75,-0.009057211,1.793820343238606,0,0.0,0.0,-1.957012124667049,0.1299798533367588,Barriera_di_Milano,1.05,1.1,8,14,0.1369272278804072,"[{'sender': 'Aggregator', 'receiver': 59, 'amount': 1.8028775453567505, 'price_per_kWh': 0.15815094820187034, 'type': 'GRID_buy', 'hour': 20}]"
20,61,2.5,0.0039376025,1.2434621721182075,0,0.0,0.0,-0.5295210488218861,0.13568299937351977,Barriera_di_Milano,1.05,1.1,5,13,0.1369272278804072,"[{'sender': 'Aggregator', 'receiver': 61, 'amount': 1.2395246028900146, 'price_per_kWh': 0.15815094820187034, 'type': 'GRID_buy', 'hour': 20}]"
20,65,3.25,-0.0014175392,0.9394965517937722,0,0.0,0.0,0.12886482556067952,0.1463430516592568,Barriera_di_Milano,1.02,1.1,4,12,0.1369272278804072,"[{'sender': 'Aggregator', 'receiver': 65, 'amount': 0.9409140944480896, 'price_per_kWh': 0.15815094820187034, 'type': 'GRID_buy', 'hour': 20}]"
20,67,0.25,-0.0036130494,1.921493530601422,0,0.0,0.0,-2.4381268735097796,0.14907861539341133,Barriera_di_Milano,1.05,1.1,8,13,0.1369272278804072,"[{'sender': 'Aggregator', 'receiver': 67, 'amount': 1.9251065254211426, 'price_per_kWh': 0.15815094820187034, 'type': 'GRID_buy', 'hour': 20}]"
20,68,2.75,0.00018842139,0.904277527425192,10,4.125893592834473,0.0,-0.1938043890013882,0.0,Barriera_di_Milano,1.0,1.05,0,8,0.1369272278804072,[]
20,69,0.5,0.0039777127,0.8171646877346991,0,0.0,0.0,-0.831008174014103,0.13717908376776175,Barriera_di_Milano,1.05,1.1,7,14,0.1369272278804072,"[{'sender': 'Aggregator', 'receiver': 69, 'amount': 0.8131869435310364, 'price_per_kWh': 0.15815094820187034, 'type': 'GRID_buy', 'hour': 20}]"
20,74,2.0,-0.008449981,2.011744898351096,0,0.0,0.0,-1.7398360289019732,0.14526936667794804,Barriera_di_Milano,1.05,1.1,5,12,0.1369272278804072,"[{'sender': 'Aggregator', 'receiver': 74, 'amount': 2.0201950073242188, 'price_per_kWh': 0.15815094820187034, 'type': 'GRID_buy', 'hour': 20}]"
20,78,4.75,0.005112996,1.1417505000772492,0,0.0,0.0,0.5844916083106217,0.15000472741175447,Barriera_di_Milano,1.05,1.1,5,11,0.1369272278804072,"[{'sender': 'Aggregator', 'receiver': 78, 'amount': 1.1366374492645264, 'price_per_kWh': 0.15815094820187034, 'type': 'GRID_buy', 'hour': 20}]"
20,79,0.0,-0.0031196794,1.0427894454170317,0,0.0,0.0,-1.1941858955484934,0.1326880046562507,Barriera_di_Milano,1.05,1.1,8,13,0.1369272278804072,"[{'sender': 'Aggregator', 'receiver': 79, 'amount': 1.0459091663360596, 'price_per_kWh': 0.15815094820187034, 'type': 'GRID_buy', 'hour': 20}]"
20,92,2.25,-0.008432196,1.992027867585702,10,0.0,0.0,-1.5669091467165748,0.14007358764719366,Barriera_di_Milano,1.0,1.1,0,13,0.1369272278804072,"[{'sender': 'Aggregator', 'receiver': 92, 'amount': 2.000460147857666, 'price_per_kWh': 0.15815094820187034, 'type': 'GRID_buy', 'hour': 20}]"
20,93,0.75,-0.009789951,0.8789860243876967,10,0.0,0.0,-0.9041058481209729,0.1298893859397877,Barriera_di_Milano,1.02,1.1,3,15,0.1369272278804072,"[{'sender': 'Aggregator', 'receiver': 93, 'amount': 0.8887759447097778, 'price_per_kWh': 0.15815094820187034, 'type': 'GRID_buy', 'hour': 20}]"
20,98,3.25,-0.001958485,1.300345143462515,15,1.9280873537063599,0.0,-0.3326046042559817,0.0,Barriera_di_Milano,1.0,1.05,0,8,0.1369272278804072,[]
20,3,0.25,0.002650183,1.3853761279476111,0,0.0,0.0,-1.666509472463272,0.13901960291727872,San_Salvario,1.05,1.1,8,14,0.1369272278804072,"[{'sender': 'Aggregator', 'receiver': 3, 'amount': 1.3827259540557861, 'price_per_kWh': 0.15815094820187034, 'type': 'GRID_buy', 'hour': 20}]"
20,5,2.75,0.0017032847,1.0971456234361407,15,2.3627266883850098,0.0,-0.2599181618212527,0.0,San_Salvario,1.0,1.05,0,8,0.1369272278804072,[]
20,9,1.75,-0.005580848,1.236262330270752,0,0.0,0.0,-0.9054476778244116,0.13647651971178074,San_Salvario,1.05,1.1,5,14,0.1369272278804072,"[{'sender': 'Aggregator', 'receiver': 9, 'amount': 1.2418432235717773, 'price_per_kWh': 0.15815094820187034, 'type': 'GRID_buy', 'hour': 20}]"
20,11,2.25,0.006939885,1.3361786007541838,10,0.0,0.0,-0.5825994521279143,0.14396595795683167,San_Salvario,1.0,1.1,0,10,0.1369272278804072,"[{'sender': 'Aggregator', 'receiver': 11, 'amount': 1.234984040260315, 'price_per_kWh': 0.15096226873814897, 'type': 'GRID_buy', 'hour': 20}]"
20,12,0.75,-0.0013935112,1.905066133030915,10,0.0,0.0,-2.0518945353821847,0.12545415117796185,San_Salvario,1.05,1.1,8,13,0.1369272278804072,"[{'sender': 'Aggregator', 'receiver': 12, 'amount': 1.9064596891403198, 'price_per_kWh': 0.15815094820187034, 'type': 'GRID_buy', 'hour': 20}]"
20,13,4.5,0.008577591,0.8502337008509538,0,0.0,0.0,0.7842589777078628,0.135502109801332,San_Salvario,1.05,1.1,8,11,0.1369272278804072,"[{'sender': 'Aggregator', 'receiver': 13, 'amount': 0.8416560888290405, 'price_per_kWh': 0.15815094820187034, 'type': 'GRID_buy', 'hour': 20}]"
20,21,0.0,0.0019238177,2.22433726526816,15,0.0,0.0,-2.822252489021064,0.13880342155053949,San_Salvario,1.05,1.1,7,14,0.1369272278804072,"[{'sender': 'Aggregator', 'receiver': 21, 'amount': 2.2224135398864746, 'price_per_kWh': 0.15815094820187034, 'type': 'GRID_buy', 'hour': 20}]"
20,24,2.25,-0.0031378255,2.0359309317923073,15,0.0,0.0,-1.5090601924240172,0.14474467594183382,San_Salvario,1.0,1.1,0,13,0.1369272278804072,"[{'sender': 'Aggregator', 'receiver': 24, 'amount': 2.0390686988830566, 'price_per_kWh': 0.15815094820187034, 'type': 'GRID_buy', 'hour': 20}]"
20,28,3.25,0.00079491455,1.262315777222123,10,2.8887276649475098,0.0,-0.28204273923126677,0.0,San_Salvario,1.0,1.05,0,8,0.1369272278804072,[]
20,33,0.5,0.009043284,1.0459737853533075,15,0.0,0.0,-1.2153435108320416,0.15012374719834057,San_Salvario,1.05,1.1,8,13,0.1369272278804072,"[{'sender': 'Aggregator', 'receiver': 33, 'amount': 1.0369304418563843, 'price_per_kWh': 0.15815094820187034, 'type': 'GRID_buy', 'hour': 20}]"
20,36,1.75,-0.005535249,1.6953803515390575,10,0.0,0.0,-1.4811025022355297,0.1409787818051478,San_Salvario,1.02,1.1,1,13,0.1369272278804072,"[{'sender': 'Aggregator', 'receiver': 36, 'amount': 1.7009155750274658, 'price_per_kWh': 0.15815094820187034, 'type': 'GRID_buy', 'hour': 20}]"
20,40,2.75,0.0025430904,1.4515190126214559,15,0.0,0.0,-0.5579789398916337,0.14963065284263424,San_Salvario,1.0,1.1,0,10,0.1369272278804072,"[{'sender': 'Aggregator', 'receiver': 40, 'amount': 1.024518370628357, 'price_per_kWh': 0.15096226873814897, 'type': 'GRID_buy', 'hour': 20}]"
20,43,2.25,-0.008164819,0.8584249986216618,15,2.399340867996216,0.0,-0.21736562862698,0.0,San_Salvario,1.0,1.05,0,8,0.1369272278804072,[]
20,44,3.25,0.014522083,1.8577236345836978,10,0.0,0.0,-1.0409969118344353,0.12560262050173723,San_Salvario,1.0,1.1,0,11,0.1369272278804072,"[{'sender': 'Aggregator', 'receiver': 44, 'amount': 1.8432015180587769, 'price_per_kWh': 0.15815094820187034, 'type': 'GRID_buy', 'hour': 20}]"
20,50,1.25,-0.005346194,0.9086190500829052,10,0.0,0.0,-0.7061957580809399,0.12775791627916896,San_Salvario,1.0,1.1,0,12,0.1369272278804072,"[{'sender': 'Aggregator', 'receiver': 50, 'amount': 0.9139652252197266, 'price_per_kWh': 0.15815094820187034, 'type': 'GRID_buy', 'hour': 20}]"
20,52,2.75,0.0053369207,1.0610947550001308,10,2.889052391052246,0.0,-0.2448974782789832,0.0,San_Salvario,1.0,1.05,0,8,0.1369272278804072,[]
20,56,0.5,0.0068957377,1.6840193526727247,15,0.0,0.0,-2.0229170474460023,0.12880393574202795,San_Salvario,1.05,1.1,7,14,0.1369272278804072,"[{'sender': 'Aggregator', 'receiver': 56, 'amount': 1.6771235466003418, 'price_per_kWh': 0.15815094820187034, 'type': 'GRID_buy', 'hour': 20}]"
20,71,4.25,0.01566188,1.12685762682931,10,5.9638285636901855,0.0,0.03583390039916458,0.0,San_Salvario,1.02,1.05,4,7,0.1369272278804072,[]
20,75,0.75,-0.0025551596,0.7705436156069694,0,0.0,0.0,-0.684902177529259,0.1492606972433397,San_Salvario,1.02,1.1,4,13,0.1369272278804072,"[{'sender': 'Aggregator', 'receiver': 75, 'amount': 0.7730987668037415, 'price_per_kWh': 0.15815094820187034, 'type': 'GRID_buy', 'hour': 20}]"
20,95,1.75,-0.006159056,1.5043955214863978,0,0.0,0.0,-1.46681420910751,0.1502248311749709,San_Salvario,1.05,1.1,5,14,0.1369272278804072,"[{'sender': 'Aggregator', 'receiver': 95, 'amount': 1.510554552078247, 'price_per_kWh': 0.15815094820187034, 'type': 'GRID_buy', 'hour': 20}]"
20,96,1.25,-0.0029394657,0.9873342017778398,15,0.0,0.0,-0.6675296390326728,0.1375013514206595,San_Salvario,1.0,1.1,0,12,0.1369272278804072,"[{'sender': 'Aggregator', 'receiver': 96, 'amount': 0.990273654460907, 'price_per_kWh': 0.15815094820187034, 'type': 'GRID_buy', 'hour': 20}]"
20,4,0.0,-0.0031725096,1.7340470282284,15,0.0,0.0,-2.270735212691948,0.13245456216886245,San_Donato,1.05,1.1,7,14,0.1369272278804072,"[{'sender': 'Aggregator', 'receiver': 4, 'amount': 1.7372195720672607, 'price_per_kWh': 0.15815094820187034, 'type': 'GRID_buy', 'hour': 20}]"
20,14,2.5,0.0012413604,1.9221640714256019,0,0.0,0.0,-1.463660281485588,0.1439524143150562,San_Donato,1.02,1.1,2,15,0.1369272278804072,"[{'sender': 'Aggregator', 'receiver': 14, 'amount': 1.9209227561950684, 'price_per_kWh': 0.15815094820187034, 'type': 'GRID_buy', 'hour': 20}]"
20,17,1.25,-0.009960467,1.350248068648822,10,0.0,0.0,-1.2782226589653007,0.13059678517875592,San_Donato,1.02,1.1,2,14,0.1369272278804072,"[{'sender': 'Aggregator', 'receiver': 17, 'amount': 1.360208511352539, 'price_per_kWh': 0.15815094820187034, 'type': 'GRID_buy', 'hour': 20}]"
20,18,1.25,-0.006253856,2.161794692584298,15,0.0,0.0,-2.1779859457348776,0.12640423054917066,San_Donato,1.05,1.1,7,14,0.1369272278804072,"[{'sender': 'Aggregator', 'receiver': 18, 'amount': 2.168048620223999, 'price_per_kWh': 0.15815094820187034, 'type': 'GRID_buy', 'hour': 20}]"
20,22,2.0,-0.012422152,1.869985114683546,10,0.0,0.0,-1.7151377316803904,0.12685886116126585,San_Donato,1.0,1.1,0,13,0.1369272278804072,"[{'sender': 'Aggregator', 'receiver': 22, 'amount': 1.882407307624817, 'price_per_kWh': 0.15815094820187034, 'type': 'GRID_buy', 'hour': 20}]"
20,29,2.0,-0.012005979,0.8328722861083419,10,1.3931922912597656,0.0,-0.2131311292352382,0.0,San_Donato,1.0,1.05,0,8,0.1369272278804072,[]
20,30,2.5,0.005110617,1.3864947016747884,10,0.0,0.0,-0.6220295937305558,0.13740210000330258,San_Donato,1.0,1.1,0,11,0.1369272278804072,"[{'sender': 'Aggregator', 'receiver': 30, 'amount': 1.3813841342926025, 'price_per_kWh': 0.15815094820187034, 'type': 'GRID_buy', 'hour': 20}]"
20,39,3.25,-0.0027046702,2.4295323693545385,15,0.0,0.0,-1.4825182465126954,0.12549526120409146,San_Donato,1.0,1.1,0,12,0.1369272278804072,"[{'sender': 'Aggregator', 'receiver': 39, 'amount': 2.432236909866333, 'price_per_kWh': 0.15815094820187034, 'type': 'GRID_buy', 'hour': 20}]"
20,45,4.5,0.005440131,2.063046028385764,15,2.826509952545166,0.0,-0.4515723717884573,0.0,San_Donato,1.0,1.05,0,8,0.1369272278804072,[]
20,53,4.25,-0.0030964436,2.098807295091835,0,0.0,0.0,-0.8507140734064872,0.1432168522776041,San_Donato,1.05,1.1,8,12,0.1369272278804072,"[{'sender': 'Aggregator', 'receiver': 53, 'amount': 2.1019036769866943, 'price_per_kWh': 0.15815094820187034, 'type': 'GRID_buy', 'hour': 20}]"
20,54,0.75,-0.009376474,1.7452169374250885,10,0.0,0.0,-1.922156985072185,0.13631150837027114,San_Donato,1.05,1.1,7,14,0.1369272278804072,"[{'sender': 'Aggregator', 'receiver': 54, 'amount': 1.7545934915542603, 'price_per_kWh': 0.15815094820187034, 'type': 'GRID_buy', 'hour': 20}]"
20,57,2.25,-0.012476401,1.4973390139780824,10,0.0,0.0,-0.8087699960211632,0.1437054518721651,San_Donato,1.02,1.1,1,10,0.1369272278804072,"[{'sender': 'Aggregator', 'receiver': 57, 'amount': 1.5098154544830322, 'price_per_kWh': 0.15096226873814897, 'type': 'GRID_buy', 'hour': 20}]"
20,58,3.0,-0.0014100859,1.9674095669090566,0,0.0,0.0,-1.4412536580960928,0.14748103678351007,San_Donato,1.02,1.1,4,15,0.1369272278804072,"[{'sender': 'Aggregator', 'receiver': 58, 'amount': 1.9688197374343872, 'price_per_kWh': 0.15815094820187034, 'type': 'GRID_buy', 'hour': 20}]"
20,63,0.75,-0.0064330497,2.3907422107138063,10,0.0,0.0,-2.6677094671282533,0.12786183468116175,San_Donato,1.05,1.1,7,14,0.1369272278804072,"[{'sender': 'Aggregator', 'receiver': 63, 'amount': 2.3971753120422363, 'price_per_kWh': 0.15815094820187034, 'type': 'GRID_buy', 'hour': 20}]"
20,66,1.5,-0.011624623,0.9300142809351852,0,0.0,0.0,-0.6729324364659743,0.14239841515316884,San_Donato,1.05,1.1,5,14,0.1369272278804072,"[{'sender': 'Aggregator', 'receiver': 66, 'amount': 0.9416388869285583, 'price_per_kWh': 0.15815094820187034, 'type': 'GRID_buy', 'hour': 20}]"
20,72,2.5,0.005110617,0.9313743298722058,0,0.0,0.0,-0.09273464175301371,0.12931493656190335,San_Donato,1.05,1.1,7,12,0.1369272278804072,"[{'sender': 'Aggregator', 'receiver': 72, 'amount': 0.926263689994812, 'price_per_kWh': 0.15815094820187034, 'type': 'GRID_buy', 'hour': 20}]"
20,77,4.0,-0.0061790287,0.9084182967449286,0,0.0,0.0,0.5012240013580569,0.13239307237510933,San_Donato,1.05,1.1,5,11,0.1369272278804072,"[{'sender': 'Aggregator', 'receiver': 77, 'amount': 0.9145973324775696, 'price_per_kWh': 0.15815094820187034, 'type': 'GRID_buy', 'hour': 20}]"
20,80,2.25,-0.008180378,0.9474759999366928,0,0.0,0.0,-0.2717106176780405,0.13924703556245777,San_Donato,1.05,1.1,5,13,0.1369272278804072,"[{'sender': 'Aggregator', 'receiver': 80, 'amount': 0.9556564092636108, 'price_per_kWh': 0.15815094820187034, 'type': 'GRID_buy', 'hour': 20}]"
20,81,0.5,0.004198414,1.946892159584222,0,0.0,0.0,-2.4330869942677715,0.13006287662929705,San_Donato,1.05,1.1,7,14,0.1369272278804072,"[{'sender': 'Aggregator', 'receiver': 81, 'amount': 1.9426937103271484, 'price_per_kWh': 0.15815094820187034, 'type': 'GRID_buy', 'hour': 20}]"
20,99,1.25,-0.006286442,1.8003192452556627,0,0.0,0.0,-1.9965285833227508,0.14611428225213488,San_Donato,1.05,1.1,7,14,0.1369272278804072,"[{'sender': 'Aggregator', 'receiver': 99, 'amount': 1.806605577468872, 'price_per_kWh': 0.15815094820187034, 'type': 'GRID_buy', 'hour': 20}]"
20,2,0.5,0.0067667905,0.775878749099701,0,0.0,0.0,-0.8576209214400375,0.14800772019517358,Centro,1.05,1.1,6,15,0.1369272278804072,"[{'sender': 'Aggregator', 'receiver': 2, 'amount': 0.7691119313240051, 'price_per_kWh': 0.15815094820187034, 'type': 'GRID_buy', 'hour': 20}]"
20,6,4.5,0.008965408,1.8100623892021424,0,0.0,0.0,-0.6026853660953805,0.14927992147680413,Centro,1.05,1.1,5,13,0.1369272278804072,"[{'sender': 'Aggregator', 'receiver': 6, 'amount': 1.80109703540802, 'price_per_kWh': 0.15815094820187034, 'type': 'GRID_buy', 'hour': 20}]"
20,10,1.5,-0.011806233,0.78422443109715,15,0.0,0.0,-0.4076944135471521,0.14485320761522708,Centro,1.0,1.1,0,11,0.1369272278804072,"[{'sender': 'Aggregator', 'receiver': 10, 'amount': 0.7960307002067566, 'price_per_kWh': 0.15815094820187034, 'type': 'GRID_buy', 'hour': 20}]"
20,15,1.0,-0.0023046238,2.3190033219871804,15,0.0,0.0,-2.449972978127741,0.14389604273754422,Centro,1.05,1.1,7,14,0.1369272278804072,"[{'sender': 'Aggregator', 'receiver': 15, 'amount': 2.321307897567749, 'price_per_kWh': 0.15815094820187034, 'type': 'GRID_buy', 'hour': 20}]"
20,23,2.75,0.0021897643,1.603602800520843,15,0.0,0.0,-0.8718015439366211,0.13990892688707648,Centro,1.0,1.1,0,11,0.1369272278804072,"[{'sender': 'Aggregator', 'receiver': 23, 'amount': 1.6014130115509033, 'price_per_kWh': 0.15815094820187034, 'type': 'GRID_buy', 'hour': 20}]"
20,25,3.25,0.00085086515,1.7290241506708155,10,0.0,0.0,-0.5561224434373453,0.1388682199955676,Centro,1.0,1.1,0,10,0.1369272278804072,"[{'sender': 'Aggregator', 'receiver': 25, 'amount': 0.6783819198608398, 'price_per_kWh': 0.15096226873814897, 'type': 'GRID_buy', 'hour': 20}]"
20,37,4.5,0.0089814775,1.943447474277536,10,2.300251007080078,0.0,-0.44365498931748776,0.0,Centro,1.0,1.05,0,8,0.1369272278804072,[]
20,60,4.25,0.00011142242,0.9319608637518805,15,10.692042350769043,0.0,-0.1513910538467433,0.0,Centro,1.0,1.05,0,7,0.1369272278804072,[]
20,62,2.25,-0.008838495,1.667002256316715,15,0.0,0.0,-1.1703394035833772,0.139913050432527,Centro,1.0,1.1,0,12,0.1369272278804072,"[{'sender': 'Aggregator', 'receiver': 62, 'amount': 1.6758407354354858, 'price_per_kWh': 0.15815094820187034, 'type': 'GRID_buy', 'hour': 20}]"
20,73,2.25,-0.008231394,1.5771790118826055,10,0.0,0.0,-1.0643435438273634,0.14939960601291888,Centro,1.0,1.1,0,12,0.1369272278804072,"[{'sender': 'Aggregator', 'receiver': 73, 'amount': 1.5854103565216064, 'price_per_kWh': 0.15815094820187034, 'type': 'GRID_buy', 'hour': 20}]"
20,85,2.0,-0.00904702,1.1181286805678734,15,0.0,0.0,-0.3847743127852238,0.13598800722470486,Centro,1.02,1.05,1,9,0.1369272278804072,"[{'sender': 'Aggregator', 'receiver': 85, 'amount': 0.6197375059127808, 'price_per_kWh': 0.15096226873814897, 'type': 'GRID_buy', 'hour': 20}]"
20,87,3.5,-0.0057159634,1.9514738519049728,0,0.0,0.0,-1.044015265765452,0.12957161701824244,Centro,1.02,1.1,3,14,0.1369272278804072,"[{'sender': 'Aggregator', 'receiver': 87, 'amount': 1.9571897983551025, 'price_per_kWh': 0.15815094820187034, 'type': 'GRID_buy', 'hour': 20}]"
20,88,2.5,0.004589434,2.0432277879669636,10,0.0,0.0,-1.388213355932911,0.14878063109593073,Centro,1.0,1.1,0,12,0.1369272278804072,"[{'sender': 'Aggregator', 'receiver': 88, 'amount': 2.0386383533477783, 'price_per_kWh': 0.15815094820187034, 'type': 'GRID_buy', 'hour': 20}]"
20,89,4.75,0.0058482476,2.036963434482843,0,0.0,0.0,-0.7268289576327843,0.13884559183630893,Centro,1.05,1.1,7,12,0.1369272278804072,"[{'sender': 'Aggregator', 'receiver': 89, 'amount': 2.0311152935028076, 'price_per_kWh': 0.15815094820187034, 'type': 'GRID_buy', 'hour': 20}]"
20,97,3.0,0.004891514,2.126609114005768,15,0.0,0.0,-1.2933407118404046,0.13288719385931413,Centro,1.0,1.1,0,12,0.1369272278804072,"[{'sender': 'Aggregator', 'receiver': 97, 'amount': 2.121717691421509, 'price_per_kWh': 0.15815094820187034, 'type': 'GRID_buy', 'hour': 20}]"
20,7,4.25,0.00031456866,1.1646031493643991,0,0.0,0.0,0.40234225509809696,0.13260729602063193,Lingotto,1.05,1.1,8,11,0.1369272278804072,"[{'sender': 'Aggregator', 'receiver': 7, 'amount': 1.1642885208129883, 'price_per_kWh': 0.15815094820187034, 'type': 'GRID_buy', 'hour': 20}]"
20,8,3.25,-0.0015377972,1.1178780064435658,15,3.8424572944641113,0.0,-0.24664595482913004,0.0,Lingotto,1.0,1.05,0,8,0.1369272278804072,[]
20,16,0.0,0.0028913382,1.8856874835309596,0,0.0,0.0,-2.4746946285831704,0.1311121916043479,Lingotto,1.05,1.1,7,14,0.1369272278804072,"[{'sender': 'Aggregator', 'receiver': 16, 'amount': 1.8827961683273315, 'price_per_kWh': 0.15815094820187034, 'type': 'GRID_buy', 'hour': 20}]"
20,19,4.25,-0.0028427988,1.2790444113944586,10,5.4031665325164795,0.0,-0.11155435618329648,0.0,Lingotto,1.02,1.05,3,8,0.1369272278804072,[]
20,20,0.5,0.005855064,0.8712421017454498,0,0.0,0.0,-0.9295799800498021,0.1317410856319418,Lingotto,1.05,1.1,8,14,0.1369272278804072,"[{'sender': 'Aggregator', 'receiver': 20, 'amount': 0.8653870224952698, 'price_per_kWh': 0.15815094820187034, 'type': 'GRID_buy', 'hour': 20}]"
20,27,4.25,0.0007106762,1.3919670944449694,0,0.0,0.0,0.04157462135954049,0.14059256694713512,Lingotto,1.05,1.1,6,12,0.1369272278804072,"[{'sender': 'Aggregator', 'receiver': 27, 'amount': 1.391256332397461, 'price_per_kWh': 0.15815094820187034, 'type': 'GRID_buy', 'hour': 20}]"
20,32,2.25,-0.010499332,1.2545786619451036,0,0.0,0.0,-0.6051138890570482,0.12721238918930697,Lingotto,1.02,1.1,3,13,0.1369272278804072,"[{'sender': 'Aggregator', 'receiver': 32, 'amount': 1.265078067779541, 'price_per_kWh': 0.15815094820187034, 'type': 'GRID_buy', 'hour': 20}]"
20,41,0.75,-0.005026132,0.8346885082220654,0,0.0,0.0,-0.7410417849425937,0.1382970113691427,Lingotto,1.02,1.1,4,15,0.1369272278804072,"[{'sender': 'Aggregator', 'receiver': 41, 'amount': 0.8397146463394165, 'price_per_kWh': 0.15815094820187034, 'type': 'GRID_buy', 'hour': 20}]"
20,42,4.0,-0.00589632,2.198038003587404,15,0.0,0.0,-0.86757882074328,0.15004418393560917,Lingotto,1.02,1.1,1,10,0.1369272278804072,"[{'sender': 'Aggregator', 'receiver': 42, 'amount': 1.811645746231079, 'price_per_kWh': 0.15096226873814897, 'type': 'GRID_buy', 'hour': 20}]"
20,48,4.5,0.005946864,1.3317469669047477,0,0.0,0.0,0.37974919179534294,0.135787122027992,Lingotto,1.05,1.1,6,11,0.1369272278804072,"[{'sender': 'Aggregator', 'receiver': 48, 'amount': 1.3258000612258911, 'price_per_kWh': 0.15815094820187034, 'type': 'GRID_buy', 'hour': 20}]"
20,49,0.5,0.007983979,1.1230116650914737,10,0.0,0.0,-1.3339133957857552,0.1322907157283713,Lingotto,1.05,1.1,8,13,0.1369272278804072,"[{'sender': 'Aggregator', 'receiver': 49, 'amount': 1.1150277853012085, 'price_per_kWh': 0.15815094820187034, 'type': 'GRID_buy', 'hour': 20}]"
20,51,0.25,0.0028913382,1.909108256978976,0,0.0,0.0,-2.498086578387918,0.1447662964243701,Lingotto,1.05,1.1,7,14,0.1369272278804072,"[{'sender': 'Aggregator', 'receiver': 51, 'amount': 1.9062169790267944, 'price_per_kWh': 0.15815094820187034, 'type': 'GRID_buy', 'hour': 20}]"
20,64,0.5,0.008045366,2.0358303638285573,10,0.0,0.0,-2.5293666073086998,0.13606424430607109,Lingotto,1.05,1.1,6,15,0.1369272278804072,"[{'sender': 'Aggregator', 'receiver': 64, 'amount': 2.027784824371338, 'price_per_kWh': 0.15815094820187034, 'type': 'GRID_buy', 'hour': 20}]"
20,70,2.0,-0.010896288,1.9577811698581062,10,0.0,0.0,-1.5399322730208744,0.13456649477280572,Lingotto,1.0,1.1,0,13,0.1369272278804072,"[{'sender': 'Aggregator', 'receiver': 70, 'amount': 1.9686775207519531, 'price_per_kWh': 0.15815094820187034, 'type': 'GRID_buy', 'hour': 20}]"
20,76,3.5,-0.004824439,1.9986100730637444,15,0.0,0.0,-0.9124938137322252,0.136159432068484,Lingotto,1.02,1.1,1,10,0.1369272278804072,"[{'sender': 'Aggregator', 'receiver': 76, 'amount': 2.003434419631958, 'price_per_kWh': 0.15096226873814897, 'type': 'GRID_buy', 'hour': 20}]"
20,82,0.25,-0.0002774004,1.876149705789779,0,0.0,0.0,-2.4043348093685104,0.12943177975485048,Lingotto,1.05,1.1,7,14,0.1369272278804072,"[{'sender': 'Aggregator', 'receiver': 82, 'amount': 1.8764270544052124, 'price_per_kWh': 0.15815094820187034, 'type': 'GRID_buy', 'hour': 20}]"
20,83,4.5,0.008855179,1.1380676014268556,0,0.0,0.0,0.6246311261764734,0.146619449425705,Lingotto,1.05,1.1,8,11,0.1369272278804072,"[{'sender': 'Aggregator', 'receiver': 83, 'amount': 1.1292123794555664, 'price_per_kWh': 0.15815094820187034, 'type': 'GRID_buy', 'hour': 20}]"
20,84,1.25,-0.004483422,1.4157555479847086,15,0.0,0.0,-1.2097006260371272,0.12583167478819046,Lingotto,1.0,1.1,0,14,0.1369272278804072,"[{'sender': 'Aggregator', 'receiver': 84, 'amount': 1.420238971710205, 'price_per_kWh': 0.15815094820187034, 'type': 'GRID_buy', 'hour': 20}]"
20,86,3.25,-0.0015377972,1.814486523091921,15,0.0,0.0,-1.034870243950301,0.13750753282597167,Lingotto,1.0,1.1,0,11,0.1369272278804072,"[{'sender': 'Aggregator', 'receiver': 86, 'amount': 1.8160243034362793, 'price_per_kWh': 0.15815094820187034, 'type': 'GRID_buy', 'hour': 20}]"
20,90,1.75,-0.004718076,1.684954298511266,10,0.0,0.0,-1.2932372540716435,0.14930838608863578,Lingotto,1.0,1.1,0,13,0.1369272278804072,"[{'sender': 'Aggregator', 'receiver': 90, 'amount': 1.6896723508834839, 'price_per_kWh': 0.15815094820187034, 'type': 'GRID_buy', 'hour': 20}]"
20,91,1.0,-0.004745341,1.826481227722744,10,0.0,0.0,-1.9957491092395934,0.14095962735775677,Lingotto,1.05,1.1,7,14,0.1369272278804072,"[{'sender': 'Aggregator', 'receiver': 91, 'amount': 1.8312265872955322, 'price_per_kWh': 0.15815094820187034, 'type': 'GRID_buy', 'hour': 20}]"
20,94,1.25,-0.004544806,1.5739726079188885,15,0.0,0.0,-1.3535532770280787,0.14945166960218287,Lingotto,1.02,1.1,2,14,0.1369272278804072,"[{'sender': 'Aggregator', 'receiver': 94, 'amount': 1.5785174369812012, 'price_per_kWh': 0.15815094820187034, 'type': 'GRID_buy', 'hour': 20}]"
21,0,4.0,-0.010939302,1.9306041142735655,0,0.0,0.0,-1.231155637719755,0.13276306839813795,Barriera_di_Milano,1.02,1.1,3,15,0.1429785492527995,"[{'sender': 'Aggregator', 'receiver': 0, 'amount': 1.941543459892273, 'price_per_kWh': 0.16514022438698342, 'type': 'GRID_buy', 'hour': 21}]"
21,1,3.75,-0.0105839465,1.2528855080682393,10,4.6420270800590515,0.0,-0.19473941732811148,0.0,Barriera_di_Milano,1.02,1.05,2,8,0.1429785492527995,[]
21,26,4.0,-0.010760706,2.2317208839399365,10,0.0,0.0,-1.0866614428230599,0.14430478682900205,Barriera_di_Milano,1.0,1.1,0,11,0.1429785492527995,"[{'sender': 'Aggregator', 'receiver': 26, 'amount': 2.2424817085266113, 'price_per_kWh': 0.16514022438698342, 'type': 'GRID_buy', 'hour': 21}]"
21,31,3.75,-0.0097337775,2.3106207723106227,10,0.0,0.0,-1.4075046523552652,0.15075789122922037,Barriera_di_Milano,1.0,1.1,0,12,0.1429785492527995,"[{'sender': 'Aggregator', 'receiver': 31, 'amount': 2.320354461669922, 'price_per_kWh': 0.16514022438698342, 'type': 'GRID_buy', 'hour': 21}]"
21,34,3.75,-0.00999715,1.1134372551763962,15,6.194772243499756,0.0,-0.20969532190244689,0.0,Barriera_di_Milano,1.0,1.05,0,8,0.1429785492527995,[]
21,35,4.5,-0.0054904623,1.8515431648059522,15,2.3642406463623047,0.0,-0.40845822047171454,0.0,Barriera_di_Milano,1.0,1.05,0,8,0.1429785492527995,[]
21,38,3.75,-0.010240326,0.7901502829324849,15,8.121806144714355,0.0,-0.1600143910567829,0.0,Barriera_di_Milano,1.0,1.05,0,7,0.1429785492527995,[]
21,46,3.75,-0.010230299,1.7945603042958234,0,0.0,0.0,-1.1128519614056869,0.1486840315435661,Barriera_di_Milano,1.02,1.1,3,14,0.1429785492527995,"[{'sender': 'Aggregator', 'receiver': 46, 'amount': 1.8047906160354614, 'price_per_kWh': 0.16514022438698342, 'type': 'GRID_buy', 'hour': 21}]"
21,47,1.25,-0.013529036,1.9688413129325866,10,0.0,0.0,-2.4215463693513173,0.14192953595356878,Barriera_di_Milano,1.05,1.1,7,15,0.1429785492527995,"[{'sender': 'Aggregator', 'receiver': 47, 'amount': 1.982370376586914, 'price_per_kWh': 0.16514022438698342, 'type': 'GRID_buy', 'hour': 21}]"
21,55,2.25,-0.012406804,1.0031560911181425,10,0.4968686103820801,0.0,-0.23440078621511332,0.0,Barriera_di_Milano,1.0,1.05,0,8,0.1429785492527995,[]
21,59,0.75,-0.012297325,1.546236267859166,0,0.0,0.0,-2.2143887047145423,0.1322863920286016,Barriera_di_Milano,1.05,1.1,8,15,0.1429785492527995,"[{'sender': 'Aggregator', 'receiver': 59, 'amount': 1.5585335493087769, 'price_per_kWh': 0.16514022438698342, 'type': 'GRID_buy', 'hour': 21}]"
21,61,2.5,-0.0015194408,1.3453396489264646,0,0.0,0.0,-0.751941662397511,0.1334710386372223,Barriera_di_Milano,1.05,1.1,5,14,0.1429785492527995,"[{'sender': 'Aggregator', 'receiver': 61, 'amount': 1.346859097480774, 'price_per_kWh': 0.16514022438698342, 'type': 'GRID_buy', 'hour': 21}]"
21,65,3.25,-0.0031089885,1.073797445809423,0,0.0,0.0,-0.04897574602104346,0.1330990726166954,Barriera_di_Milano,1.02,1.1,4,13,0.1429785492527995,"[{'sender': 'Aggregator', 'receiver': 65, 'amount': 1.076906442642212, 'price_per_kWh': 0.16514022438698342, 'type': 'GRID_buy', 'hour': 21}]"
21,67,0.25,-0.016198965,1.8769323516635417,0,0.0,0.0,-2.7507590136229747,0.13668216314335635,Barriera_di_Milano,1.05,1.1,8,14,0.1429785492527995,"[{'sender': 'Aggregator', 'receiver': 67, 'amount': 1.8931313753128052, 'price_per_kWh': 0.16514022438698342, 'type': 'GRID_buy', 'hour': 21}]"
21,68,2.75,-0.01655923,0.8286061902838149,10,3.2807281017303467,0.0,-0.1938043890013882,0.0,Barriera_di_Milano,1.0,1.05,0,8,0.1429785492527995,[]
21,69,0.5,-0.018190276,0.7062973953982389,0,0.0,0.0,-0.9506502291344641,0.13538103266923623,Barriera_di_Milano,1.05,1.1,7,15,0.1429785492527995,"[{'sender': 'Aggregator', 'receiver': 69, 'amount': 0.7244876623153687, 'price_per_kWh': 0.16514022438698342, 'type': 'GRID_buy', 'hour': 21}]"
21,74,2.0,-0.01412731,2.146118425804465,0,0.0,0.0,-2.096579481424537,0.15434393352707176,Barriera_di_Milano,1.05,1.1,5,13,0.1429785492527995,"[{'sender': 'Aggregator', 'receiver': 74, 'amount': 2.160245656967163, 'price_per_kWh': 0.16514022438698342, 'type': 'GRID_buy', 'hour': 21}]"
21,78,4.75,-0.0016756806,1.1994738506501936,0,0.0,0.0,0.3861334966743185,0.1403132325121376,Barriera_di_Milano,1.05,1.1,5,12,0.1429785492527995,"[{'sender': 'Aggregator', 'receiver': 78, 'amount': 1.201149582862854, 'price_per_kWh': 0.16514022438698342, 'type': 'GRID_buy', 'hour': 21}]"
21,79,0.0,-0.015705612,0.9607856532017599,0,0.0,0.0,-1.3554438735496093,0.1521425519369562,Barriera_di_Milano,1.05,1.1,8,14,0.1429785492527995,"[{'sender': 'Aggregator', 'receiver': 79, 'amount': 0.9764912128448486, 'price_per_kWh': 0.16514022438698342, 'type': 'GRID_buy', 'hour': 21}]"
21,92,2.25,-0.012527386,1.9485633587570685,10,0.0,0.0,-1.8907641023051658,0.13654510452406432,Barriera_di_Milano,1.0,1.1,0,14,0.1429785492527995,"[{'sender': 'Aggregator', 'receiver': 92, 'amount': 1.9610906839370728, 'price_per_kWh': 0.16514022438698342, 'type': 'GRID_buy', 'hour': 21}]"
21,93,0.75,-0.0130300615,0.9014681849097194,10,0.0,0.0,-1.055126287714157,0.1499900657488438,Barriera_di_Milano,1.02,1.1,3,16,0.1429785492527995,"[{'sender': 'Aggregator', 'receiver': 93, 'amount': 0.9144982099533081, 'price_per_kWh': 0.16514022438698342, 'type': 'GRID_buy', 'hour': 21}]"
21,98,3.25,-0.0031424065,1.338215448623107,15,0.5867295265197754,0.0,-0.3326046042559817,0.0,Barriera_di_Milano,1.0,1.05,0,8,0.1429785492527995,[]
21,3,0.25,-0.010469548,1.4508729645663845,0,0.0,0.0,-1.9078359129021394,0.13978571948848872,San_Salvario,1.05,1.1,8,15,0.1429785492527995,"[{'sender': 'Aggregator', 'receiver': 3, 'amount': 1.4613425731658936, 'price_per_kWh': 0.16514022438698342, 'type': 'GRID_buy', 'hour': 21}]"
21,5,2.75,-0.018175017,0.9962049667400208,15,1.3483467102050781,0.0,-0.2599181618212527,0.0,San_Salvario,1.0,1.05,0,8,0.1429785492527995,[]
21,9,1.75,-0.008750694,1.164144403280596,0,0.0,0.0,-1.099139833509107,0.1555855733005478,San_Salvario,1.05,1.1,5,15,0.1429785492527995,"[{'sender': 'Aggregator', 'receiver': 9, 'amount': 1.172895073890686, 'price_per_kWh': 0.16514022438698342, 'type': 'GRID_buy', 'hour': 21}]"
21,11,2.25,-0.00028592462,1.344515197756637,10,0.0,0.0,-0.804680221990066,0.15590126579011687,San_Salvario,1.0,1.1,0,11,0.1429785492527995,"[{'sender': 'Aggregator', 'receiver': 11, 'amount': 1.3448011875152588, 'price_per_kWh': 0.16514022438698342, 'type': 'GRID_buy', 'hour': 21}]"
21,12,0.75,-0.0051674205,1.7142363392482949,10,0.0,0.0,-2.3358372554358713,0.15512325857762427,San_Salvario,1.05,1.1,8,14,0.1429785492527995,"[{'sender': 'Aggregator', 'receiver': 12, 'amount': 1.7194037437438965, 'price_per_kWh': 0.16514022438698342, 'type': 'GRID_buy', 'hour': 21}]"
21,13,4.5,-0.007676122,0.9889655143461786,0,0.0,0.0,0.6196733543227894,0.15688378480861923,San_Salvario,1.05,1.1,8,12,0.1429785492527995,"[{'sender': 'Aggregator', 'receiver': 13, 'amount': 0.9966416358947754, 'price_per_kWh': 0.16514022438698342, 'type': 'GRID_buy', 'hour': 21}]"
21,21,0.0,-0.011195904,2.2386982111184843,15,0.0,0.0,-3.1938005125028197,0.14350530012477752,San_Salvario,1.05,1.1,7,15,0.1429785492527995,"[{'sender': 'Aggregator', 'receiver': 21, 'amount': 2.249894142150879, 'price_per_kWh': 0.16514022438698342, 'type': 'GRID_buy', 'hour': 21}]"
21,24,2.25,-0.010363597,1.7318104514856332,15,0.0,0.0,-1.7967632025520976,0.15712306453771338,San_Salvario,1.0,1.1,0,14,0.1429785492527995,"[{'sender': 'Aggregator', 'receiver': 24, 'amount': 1.7421740293502808, 'price_per_kWh': 0.16514022438698342, 'type': 'GRID_buy', 'hour': 21}]"
21,28,3.25,-0.00351963,1.1716925189370984,10,1.7135155200958252,0.0,-0.28204273923126677,0.0,San_Salvario,1.0,1.05,0,8,0.1429785492527995,[]
21,33,0.5,-0.013658501,0.9983968418122244,15,0.0,0.0,-1.3824745465039943,0.12949999712901186,San_Salvario,1.05,1.1,8,14,0.1429785492527995,"[{'sender': 'Aggregator', 'receiver': 33, 'amount': 1.0120552778244019, 'price_per_kWh': 0.16514022438698342, 'type': 'GRID_buy', 'hour': 21}]"
21,36,1.75,-0.0087051,1.8442891098849534,10,0.0,0.0,-1.7871063808004473,0.13017816704574536,San_Salvario,1.02,1.1,1,14,0.1429785492527995,"[{'sender': 'Aggregator', 'receiver': 36, 'amount': 1.8529942035675049, 'price_per_kWh': 0.16514022438698342, 'type': 'GRID_buy', 'hour': 21}]"
21,40,2.75,-0.017335216,1.4363446765634509,15,0.0,0.0,-0.7980399482560026,0.1303224850540601,San_Salvario,1.0,1.1,0,11,0.1429785492527995,"[{'sender': 'Aggregator', 'receiver': 40, 'amount': 1.4536798000335693, 'price_per_kWh': 0.16514022438698342, 'type': 'GRID_buy', 'hour': 21}]"
21,43,2.25,-0.015390614,0.8231772693953687,15,1.5607728958129883,0.0,-0.21736562862698,0.0,San_Salvario,1.0,1.05,0,8,0.1429785492527995,[]
21,44,3.25,0.010207556,1.8988468797145017,10,0.0,0.0,-1.3528872347193908,0.12897451194127038,San_Salvario,1.0,1.1,0,12,0.1429785492527995,"[{'sender': 'Aggregator', 'receiver': 44, 'amount': 1.8886393308639526, 'price_per_kWh': 0.16514022438698342, 'type': 'GRID_buy', 'hour': 21}]"
21,50,1.25,-0.011487136,0.973242429725259,10,0.0,0.0,-0.8688142133658836,0.14458562148797266,San_Salvario,1.0,1.1,0,13,0.1429785492527995,"[{'sender': 'Aggregator', 'receiver': 50, 'amount': 0.984729528427124, 'price_per_kWh': 0.16514022438698342, 'type': 'GRID_buy', 'hour': 21}]"
21,52,2.75,-0.014541369,0.9309767766536042,10,1.943534255027771,0.0,-0.2448974782789832,0.0,San_Salvario,1.0,1.05,0,8,0.1429785492527995,[]
21,56,0.5,-0.015806034,1.8073777003545533,15,0.0,0.0,-2.3239980251396424,0.15597960628642568,San_Salvario,1.05,1.1,7,15,0.1429785492527995,"[{'sender': 'Aggregator', 'receiver': 56, 'amount': 1.8231837749481201, 'price_per_kWh': 0.16514022438698342, 'type': 'GRID_buy', 'hour': 21}]"
21,71,4.25,0.00140091,1.1003357731368473,10,4.864893794059753,0.0,0.03583390039916458,0.0,San_Salvario,1.02,1.05,4,7,0.1429785492527995,[]
21,75,0.75,-0.0063290657,0.762516751479217,0,0.0,0.0,-0.8118695448963086,0.1385554986303011,San_Salvario,1.02,1.1,4,14,0.1429785492527995,"[{'sender': 'Aggregator', 'receiver': 75, 'amount': 0.768845796585083, 'price_per_kWh': 0.16514022438698342, 'type': 'GRID_buy', 'hour': 21}]"
21,95,1.75,-0.0093289,1.7138929301256323,0,0.0,0.0,-1.7513874403385774,0.15533204203012158,San_Salvario,1.05,1.1,5,15,0.1429785492527995,"[{'sender': 'Aggregator', 'receiver': 95, 'amount': 1.723221778869629, 'price_per_kWh': 0.16514022438698342, 'type': 'GRID_buy', 'hour': 21}]"
21,96,1.25,-0.009080408,0.8563237594194658,15,0.0,0.0,-0.810442680928956,0.13692977380551233,San_Salvario,1.0,1.1,0,13,0.1429785492527995,"[{'sender': 'Aggregator', 'receiver': 96, 'amount': 0.8654041886329651, 'price_per_kWh': 0.16514022438698342, 'type': 'GRID_buy', 'hour': 21}]"
21,4,0.0,-0.016790917,1.822288537483354,15,0.0,0.0,-2.574441194176468,0.14807648019418676,San_Donato,1.05,1.1,7,15,0.1429785492527995,"[{'sender': 'Aggregator', 'receiver': 4, 'amount': 1.8390793800354004, 'price_per_kWh': 0.16514022438698342, 'type': 'GRID_buy', 'hour': 21}]"
21,14,2.5,-0.0077150427,1.8220824199625985,0,0.0,0.0,-1.765833432577814,0.13419772917634493,San_Donato,1.02,1.1,2,16,0.1429785492527995,"[{'sender': 'Aggregator', 'receiver': 14, 'amount': 1.829797387123108, 'price_per_kWh': 0.16514022438698342, 'type': 'GRID_buy', 'hour': 21}]"
21,17,1.25,-0.016794704,1.3194501880679435,10,0.0,0.0,-1.4988904286317584,0.14797977035321996,San_Donato,1.02,1.1,2,15,0.1429785492527995,"[{'sender': 'Aggregator', 'receiver': 17, 'amount': 1.336244821548462, 'price_per_kWh': 0.16514022438698342, 'type': 'GRID_buy', 'hour': 21}]"
21,18,1.25,-0.0122553725,1.8853705765576043,15,0.0,0.0,-2.491360336173787,0.15239653830856772,San_Donato,1.05,1.1,7,15,0.1429785492527995,"[{'sender': 'Aggregator', 'receiver': 18, 'amount': 1.8976260423660278, 'price_per_kWh': 0.16514022438698342, 'type': 'GRID_buy', 'hour': 21}]"
21,22,2.0,-0.019092774,2.1615440764878473,10,0.0,0.0,-2.075248595809539,0.13923478127380037,San_Donato,1.0,1.1,0,14,0.1429785492527995,"[{'sender': 'Aggregator', 'receiver': 22, 'amount': 2.1806368827819824, 'price_per_kWh': 0.16514022438698342, 'type': 'GRID_buy', 'hour': 21}]"
21,29,2.0,-0.018676607,0.7403247987628071,10,0.6341909170150757,0.0,-0.2131311292352382,0.0,San_Donato,1.0,1.05,0,8,0.1429785492527995,[]
21,30,2.5,-0.0033376212,1.276272658081753,10,0.0,0.0,-0.8333447218737845,0.1294615928778346,San_Donato,1.0,1.1,0,12,0.1429785492527995,"[{'sender': 'Aggregator', 'receiver': 30, 'amount': 1.279610276222229, 'price_per_kWh': 0.16514022438698342, 'type': 'GRID_buy', 'hour': 21}]"
21,39,3.25,-0.009041676,2.391573655716021,15,0.0,0.0,-1.8789564212068914,0.14232156652518824,San_Donato,1.0,1.1,0,13,0.1429785492527995,"[{'sender': 'Aggregator', 'receiver': 39, 'amount': 2.4006154537200928, 'price_per_kWh': 0.16514022438698342, 'type': 'GRID_buy', 'hour': 21}]"
21,45,4.5,-0.01173375,1.8571084676542868,15,0.9576677083969116,0.0,-0.4515723717884573,0.0,San_Donato,1.0,1.05,0,8,0.1429785492527995,[]
21,53,4.25,-0.018277591,2.149460875152424,0,0.0,0.0,-1.2086948854127244,0.15173246007178418,San_Donato,1.05,1.1,8,13,0.1429785492527995,"[{'sender': 'Aggregator', 'receiver': 53, 'amount': 2.167738437652588, 'price_per_kWh': 0.16514022438698342, 'type': 'GRID_buy', 'hour': 21}]"
21,54,0.75,-0.013843667,1.5292407250529105,10,0.0,0.0,-2.1769822863306487,0.1383787598888998,San_Donato,1.05,1.1,7,15,0.1429785492527995,"[{'sender': 'Aggregator', 'receiver': 54, 'amount': 1.5430843830108643, 'price_per_kWh': 0.16514022438698342, 'type': 'GRID_buy', 'hour': 21}]"
21,57,2.25,-0.020070964,1.3713042864859855,10,0.0,0.0,-1.0385420061231705,0.15665173677808025,San_Donato,1.02,1.1,1,11,0.1429785492527995,"[{'sender': 'Aggregator', 'receiver': 57, 'amount': 1.391375184059143, 'price_per_kWh': 0.16514022438698342, 'type': 'GRID_buy', 'hour': 21}]"
21,58,3.0,-0.021657107,1.8993896646329327,0,0.0,0.0,-1.7584957467829876,0.15176770389428276,San_Donato,1.02,1.1,4,16,0.1429785492527995,"[{'sender': 'Aggregator', 'receiver': 58, 'amount': 1.9210467338562012, 'price_per_kWh': 0.16514022438698342, 'type': 'GRID_buy', 'hour': 21}]"
21,63,0.75,-0.0100675225,2.2242144921087577,10,0.0,0.0,-3.0366793007188355,0.14533577621302024,San_Donato,1.05,1.1,7,15,0.1429785492527995,"[{'sender': 'Aggregator', 'receiver': 63, 'amount': 2.2342820167541504, 'price_per_kWh': 0.16514022438698342, 'type': 'GRID_buy', 'hour': 21}]"
21,66,1.5,-0.008478345,1.0215421303372196,0,0.0,0.0,-0.8430302488946655,0.14496468904699894,San_Donato,1.05,1.1,5,15,0.1429785492527995,"[{'sender': 'Aggregator', 'receiver': 66, 'amount': 1.0300204753875732, 'price_per_kWh': 0.16514022438698342, 'type': 'GRID_buy', 'hour': 21}]"
21,72,2.5,-0.0033376212,0.8620686245916359,0,0.0,0.0,-0.23564802815865135,0.153079984435479,San_Donato,1.05,1.1,7,13,0.1429785492527995,"[{'sender': 'Aggregator', 'receiver': 72, 'amount': 0.8654062747955322, 'price_per_kWh': 0.16514022438698342, 'type': 'GRID_buy', 'hour': 21}]"
21,77,4.0,-0.0156335,1.0140213480840108,0,0.0,0.0,0.3311865666545133,0.1528700493752809,San_Donato,1.05,1.1,5,12,0.1429785492527995,"[{'sender': 'Aggregator', 'receiver': 77, 'amount': 1.029654860496521, 'price_per_kWh': 0.16514022438698342, 'type': 'GRID_buy', 'hour': 21}]"
21,80,2.25,-0.015495868,1.0249679534397607,0,0.0,0.0,-0.4435330439350834,0.13065689617791781,San_Donato,1.05,1.1,5,14,0.1429785492527995,"[{'sender': 'Aggregator', 'receiver': 80, 'amount': 1.0404638051986694, 'price_per_kWh': 0.16514022438698342, 'type': 'GRID_buy', 'hour': 21}]"
21,81,0.5,-0.019748082,1.8406192803174821,0,0.0,0.0,-2.7403084870087904,0.13127998289892667,San_Donato,1.05,1.1,7,15,0.1429785492527995,"[{'sender': 'Aggregator', 'receiver': 81, 'amount': 1.8603674173355103, 'price_per_kWh': 0.16514022438698342, 'type': 'GRID_buy', 'hour': 21}]"
21,99,1.25,-0.012287959,2.0810204671966464,0,0.0,0.0,-2.3422179708948505,0.13622490691032738,San_Donato,1.05,1.1,7,15,0.1429785492527995,"[{'sender': 'Aggregator', 'receiver': 99, 'amount': 2.093308210372925, 'price_per_kWh': 0.16514022438698342, 'type': 'GRID_buy', 'hour': 21}]"
21,2,0.5,-0.016400518,0.8596881660278914,0,0.0,0.0,-1.0022984024460462,0.1434614998898235,Centro,1.05,1.1,6,16,0.1429785492527995,"[{'sender': 'Aggregator', 'receiver': 2, 'amount': 0.8760886788368225, 'price_per_kWh': 0.16514022438698342, 'type': 'GRID_buy', 'hour': 21}]"
21,6,4.5,-0.00714889,1.8970753386728552,0,0.0,0.0,-0.9171493707205283,0.1534195105366522,Centro,1.05,1.1,5,14,0.1429785492527995,"[{'sender': 'Aggregator', 'receiver': 6, 'amount': 1.904224157333374, 'price_per_kWh': 0.16514022438698342, 'type': 'GRID_buy', 'hour': 21}]"
21,10,1.5,-0.008570256,0.9327005845957922,15,0.0,0.0,-0.563136089332795,0.13912867537498022,Centro,1.0,1.1,0,12,0.1429785492527995,"[{'sender': 'Aggregator', 'receiver': 10, 'amount': 0.9412708282470703, 'price_per_kWh': 0.16514022438698342, 'type': 'GRID_buy', 'hour': 21}]"
21,15,1.0,-0.0081389975,2.1853989347642964,15,0.0,0.0,-2.8122142881047774,0.14500885725461313,Centro,1.05,1.1,7,15,0.1429785492527995,"[{'sender': 'Aggregator', 'receiver': 15, 'amount': 2.193537712097168, 'price_per_kWh': 0.16514022438698342, 'type': 'GRID_buy', 'hour': 21}]"
21,23,2.75,-0.017549125,1.5972670260290394,15,0.0,0.0,-1.1384726517008104,0.14567888323329886,Centro,1.0,1.1,0,12,0.1429785492527995,"[{'sender': 'Aggregator', 'receiver': 23, 'amount': 1.6148161888122559, 'price_per_kWh': 0.16514022438698342, 'type': 'GRID_buy', 'hour': 21}]"
21,25,3.25,-0.0033242581,1.5921833229516869,10,0.0,0.0,-0.8196049301067823,0.1322318481022201,Centro,1.0,1.1,0,11,0.1429785492527995,"[{'sender': 'Aggregator', 'receiver': 25, 'amount': 1.5955076217651367, 'price_per_kWh': 0.16514022438698342, 'type': 'GRID_buy', 'hour': 21}]"
21,37,4.5,-0.007132818,1.7958750469419937,10,0.49724316596984863,0.0,-0.44365498931748776,0.0,Centro,1.0,1.05,0,8,0.1429785492527995,[]
21,60,4.25,-0.014149534,0.8906426681881248,15,9.787250518798828,0.0,-0.1513910538467433,0.0,Centro,1.0,1.05,0,7,0.1429785492527995,[]
21,62,2.25,-0.015924867,1.7117732352148856,15,0.0,0.0,-1.4556518534578393,0.1389697341124721,Centro,1.0,1.1,0,13,0.1429785492527995,"[{'sender': 'Aggregator', 'receiver': 62, 'amount': 1.7276980876922607, 'price_per_kWh': 0.16514022438698342, 'type': 'GRID_buy', 'hour': 21}]"
21,73,2.25,-0.015317766,1.5435331445998244,10,0.0,0.0,-1.32177252866923,0.13796471047389053,Centro,1.0,1.1,0,13,0.1429785492527995,"[{'sender': 'Aggregator', 'receiver': 73, 'amount': 1.558850884437561, 'price_per_kWh': 0.16514022438698342, 'type': 'GRID_buy', 'hour': 21}]"
21,85,2.0,-0.015489921,0.9799312105017784,15,0.0,0.0,-0.5416863849198408,0.1353241092642879,Centro,1.02,1.1,1,10,0.1429785492527995,"[{'sender': 'Aggregator', 'receiver': 85, 'amount': 0.9954211711883545, 'price_per_kWh': 0.15763385055121146, 'type': 'GRID_buy', 'hour': 21}]"
21,87,3.5,-0.014962362,2.1106831234274264,0,0.0,0.0,-1.3950448633114303,0.15059938614410678,Centro,1.02,1.1,3,15,0.1429785492527995,"[{'sender': 'Aggregator', 'receiver': 87, 'amount': 2.125645637512207, 'price_per_kWh': 0.16514022438698342, 'type': 'GRID_buy', 'hour': 21}]"
21,88,2.5,-0.003858805,2.0189421551774505,10,0.0,0.0,-1.72225915414722,0.1513707702505022,Centro,1.0,1.1,0,13,0.1429785492527995,"[{'sender': 'Aggregator', 'receiver': 88, 'amount': 2.022800922393799, 'price_per_kWh': 0.16514022438698342, 'type': 'GRID_buy', 'hour': 21}]"
21,89,4.75,-0.0039316323,2.1005741737699415,0,0.0,0.0,-1.074367513929554,0.14678086373116986,Centro,1.05,1.1,7,13,0.1429785492527995,"[{'sender': 'Aggregator', 'receiver': 89, 'amount': 2.104505777359009, 'price_per_kWh': 0.16514022438698342, 'type': 'GRID_buy', 'hour': 21}]"
21,97,3.0,-0.015452329,1.9954288771278277,15,0.0,0.0,-1.6254180820346589,0.15534159884573714,Centro,1.0,1.1,0,13,0.1429785492527995,"[{'sender': 'Aggregator', 'receiver': 97, 'amount': 2.010881185531616, 'price_per_kWh': 0.16514022438698342, 'type': 'GRID_buy', 'hour': 21}]"
21,7,4.25,-0.013946382,1.1661730331327473,0,0.0,0.0,0.20745707336208294,0.1524061388784595,Lingotto,1.05,1.1,8,12,0.1429785492527995,"[{'sender': 'Aggregator', 'receiver': 7, 'amount': 1.1801193952560425, 'price_per_kWh': 0.16514022438698342, 'type': 'GRID_buy', 'hour': 21}]"
21,8,3.25,-0.006911925,1.1896813336019358,15,2.6458640098571777,0.0,-0.24664595482913004,0.0,Lingotto,1.0,1.05,0,8,0.1429785492527995,[]
21,16,0.0,-0.011504047,1.8911055831252825,0,0.0,0.0,-2.7888920026542268,0.14619824614028937,Lingotto,1.05,1.1,7,15,0.1429785492527995,"[{'sender': 'Aggregator', 'receiver': 16, 'amount': 1.9026095867156982, 'price_per_kWh': 0.16514022438698342, 'type': 'GRID_buy', 'hour': 21}]"
21,19,4.25,-0.017611934,1.340073778701357,10,4.045480728149414,0.0,-0.11155435618329648,0.0,Lingotto,1.02,1.05,3,8,0.1429785492527995,[]
21,20,0.5,-0.017679421,0.8452220875747847,0,0.0,0.0,-1.0720797288382442,0.1296553099668577,Lingotto,1.05,1.1,8,15,0.1429785492527995,"[{'sender': 'Aggregator', 'receiver': 20, 'amount': 0.862901508808136, 'price_per_kWh': 0.16514022438698342, 'type': 'GRID_buy', 'hour': 21}]"
21,27,4.25,-0.0135502815,1.4135394291235703,0,0.0,0.0,-0.1940952904593211,0.1480608716179738,Lingotto,1.05,1.1,6,13,0.1429785492527995,"[{'sender': 'Aggregator', 'receiver': 27, 'amount': 1.4270896911621094, 'price_per_kWh': 0.16514022438698342, 'type': 'GRID_buy', 'hour': 21}]"
21,32,2.25,-0.018233318,1.3014275614199164,0,0.0,0.0,-0.8230429865319074,0.1323655835624257,Lingotto,1.02,1.1,3,14,0.1429785492527995,"[{'sender': 'Aggregator', 'receiver': 32, 'amount': 1.3196609020233154, 'price_per_kWh': 0.16514022438698342, 'type': 'GRID_buy', 'hour': 21}]"
21,41,0.75,-0.008800019,0.8129815257904833,0,0.0,0.0,-0.8767509787474411,0.13917867066120504,Lingotto,1.02,1.1,4,16,0.1429785492527995,"[{'sender': 'Aggregator', 'receiver': 41, 'amount': 0.821781575679779, 'price_per_kWh': 0.16514022438698342, 'type': 'GRID_buy', 'hour': 21}]"
21,42,4.0,-0.015490204,2.3770235119171597,15,0.0,0.0,-1.2626790785948023,0.13071644632057058,Lingotto,1.02,1.1,1,11,0.1429785492527995,"[{'sender': 'Aggregator', 'receiver': 42, 'amount': 2.3925137519836426, 'price_per_kWh': 0.16514022438698342, 'type': 'GRID_buy', 'hour': 21}]"
21,48,4.5,-0.010815026,1.1888863873247404,0,0.0,0.0,0.181630228709771,0.15276107573419545,Lingotto,1.05,1.1,6,12,0.1429785492527995,"[{'sender': 'Aggregator', 'receiver': 48, 'amount': 1.1997014284133911, 'price_per_kWh': 0.16514022438698342, 'type': 'GRID_buy', 'hour': 21}]"
21,49,0.5,-0.014717806,1.2288662937973658,10,0.0,0.0,-1.5392791623576998,0.13561051841695063,Lingotto,1.05,1.1,8,14,0.1429785492527995,"[{'sender': 'Aggregator', 'receiver': 49, 'amount': 1.243584156036377, 'price_per_kWh': 0.16514022438698342, 'type': 'GRID_buy', 'hour': 21}]"
21,51,0.25,-0.011504047,2.084859559496614,0,0.0,0.0,-2.844280524517413,0.13318738377708325,Lingotto,1.05,1.1,7,15,0.1429785492527995,"[{'sender': 'Aggregator', 'receiver': 51, 'amount': 2.0963635444641113, 'price_per_kWh': 0.16514022438698342, 'type': 'GRID_buy', 'hour': 21}]"
21,64,0.5,-0.014656419,1.9531113084539264,10,0.0,0.0,-2.854324209380252,0.13442591830649483,Lingotto,1.05,1.1,6,16,0.1429785492527995,"[{'sender': 'Aggregator', 'receiver': 64, 'amount': 1.9677677154541016, 'price_per_kWh': 0.16514022438698342, 'type': 'GRID_buy', 'hour': 21}]"
21,70,2.0,-0.01770634,1.8764364424967064,10,0.0,0.0,-1.8527314509553534,0.12938150893526235,Lingotto,1.0,1.1,0,14,0.1429785492527995,"[{'sender': 'Aggregator', 'receiver': 70, 'amount': 1.8941428661346436, 'price_per_kWh': 0.16514022438698342, 'type': 'GRID_buy', 'hour': 21}]"
21,76,3.5,-0.014210245,2.142451825648503,15,0.0,0.0,-1.2686454582425988,0.13145726418677783,Lingotto,1.02,1.1,1,11,0.1429785492527995,"[{'sender': 'Aggregator', 'receiver': 76, 'amount': 2.1566619873046875, 'price_per_kWh': 0.16514022438698342, 'type': 'GRID_buy', 'hour': 21}]"
21,82,0.25,-0.015310895,1.7423704139248948,0,0.0,0.0,-2.6945986854887978,0.1511632510173045,Lingotto,1.05,1.1,7,15,0.1429785492527995,"[{'sender': 'Aggregator', 'receiver': 82, 'amount': 1.7576812505722046, 'price_per_kWh': 0.16514022438698342, 'type': 'GRID_buy', 'hour': 21}]"
21,83,4.5,-0.0073985406,1.0051215716460837,0,0.0,0.0,0.4574233338203505,0.15537149935659803,Lingotto,1.05,1.1,8,12,0.1429785492527995,"[{'sender': 'Aggregator', 'receiver': 83, 'amount': 1.0125200748443604, 'price_per_kWh': 0.16514022438698342, 'type': 'GRID_buy', 'hour': 21}]"
21,84,1.25,-0.010624355,1.297310683150507,15,0.0,0.0,-1.4256933250187709,0.13746691596043675,Lingotto,1.0,1.1,0,15,0.1429785492527995,"[{'sender': 'Aggregator', 'receiver': 84, 'amount': 1.307935118675232, 'price_per_kWh': 0.16514022438698342, 'type': 'GRID_buy', 'hour': 21}]"
21,86,3.25,-0.006911925,2.012679491839508,15,0.0,0.0,-1.3683860489737318,0.14041303005208539,Lingotto,1.0,1.1,0,12,0.1429785492527995,"[{'sender': 'Aggregator', 'receiver': 86, 'amount': 2.0195915699005127, 'price_per_kWh': 0.16514022438698342, 'type': 'GRID_buy', 'hour': 21}]"
21,90,1.75,-0.007887912,1.6794426657618011,10,0.0,0.0,-1.571883408565097,0.14778682462247017,Lingotto,1.0,1.1,0,14,0.1429785492527995,"[{'sender': 'Aggregator', 'receiver': 90, 'amount': 1.6873306035995483, 'price_per_kWh': 0.16514022438698342, 'type': 'GRID_buy', 'hour': 21}]"
21,91,1.0,-0.012600575,1.8051938107299546,10,0.0,0.0,-2.2959400716238356,0.14755501805901317,Lingotto,1.05,1.1,7,15,0.1429785492527995,"[{'sender': 'Aggregator', 'receiver': 91, 'amount': 1.8177943229675293, 'price_per_kWh': 0.16514022438698342, 'type': 'GRID_buy', 'hour': 21}]"
21,94,1.25,-0.01068574,1.4603174073186238,15,0.0,0.0,-1.5964750516992612,0.1295164987573362,Lingotto,1.02,1.1,2,15,0.1429785492527995,"[{'sender': 'Aggregator', 'receiver': 94, 'amount': 1.4710030555725098, 'price_per_kWh': 0.16514022438698342, 'type': 'GRID_buy', 'hour': 21}]"
22,0,4.0,-0.006175894,1.0048227591533117,0,0.0,0.0,-1.3809945492212254,0.13310106457152532,Barriera_di_Milano,1.02,1.1,3,16,0.12831932551758757,"[{'sender': 'Aggregator', 'receiver': 0, 'amount': 1.0109986066818237, 'price_per_kWh': 0.14820882097281368, 'type': 'GRID_buy', 'hour': 22}]"
22,1,3.75,-0.0061869365,0.5587302406852807,10,4.07710987329483,0.0,-0.19473941732811148,0.0,Barriera_di_Milano,1.02,1.05,2,8,0.12831932551758757,[]
22,26,4.0,-0.006637091,1.099371522083518,10,0.0,0.0,-1.2505816806581693,0.12623332186781747,Barriera_di_Milano,1.0,1.1,0,12,0.12831932551758757,"[{'sender': 'Aggregator', 'receiver': 26, 'amount': 1.1060086488723755, 'price_per_kWh': 0.14820882097281368, 'type': 'GRID_buy', 'hour': 22}]"
22,31,3.75,-0.0051234737,1.1070590672239409,10,0.0,0.0,-1.5723399267550828,0.13430361220182693,Barriera_di_Milano,1.0,1.1,0,13,0.12831932551758757,"[{'sender': 'Aggregator', 'receiver': 31, 'amount': 1.1121826171875, 'price_per_kWh': 0.14820882097281368, 'type': 'GRID_buy', 'hour': 22}]"
22,34,3.75,-0.0060266396,0.5494113123670891,15,5.639334201812744,0.0,-0.20969532190244689,0.0,Barriera_di_Milano,1.0,1.05,0,8,0.12831932551758757,[]
22,35,4.5,-0.0060986793,0.9314491608736752,15,1.4266927242279053,0.0,-0.40845822047171454,0.0,Barriera_di_Milano,1.0,1.05,0,8,0.12831932551758757,[]
22,38,3.75,-0.0062698177,0.4880881693716322,15,7.627448081970215,0.0,-0.1600143910567829,0.0,Barriera_di_Milano,1.0,1.05,0,7,0.12831932551758757,[]
22,46,3.75,-0.006259791,1.0549131731688968,0,0.0,0.0,-1.2701271549799054,0.13985167826265205,Barriera_di_Milano,1.02,1.1,3,15,0.12831932551758757,"[{'sender': 'Aggregator', 'receiver': 46, 'amount': 1.0611729621887207, 'price_per_kWh': 0.14820882097281368, 'type': 'GRID_buy', 'hour': 22}]"
22,47,1.25,-0.009382332,1.1625644211543062,10,0.0,0.0,-2.595239217485522,0.13361451746847483,Barriera_di_Milano,1.05,1.1,7,16,0.12831932551758757,"[{'sender': 'Aggregator', 'receiver': 47, 'amount': 1.1719467639923096, 'price_per_kWh': 0.14820882097281368, 'type': 'GRID_buy', 'hour': 22}]"
22,55,2.25,0.008525457,0.4725890660093169,10,0.03280499577522278,0.0,-0.23440078621511332,0.0,Barriera_di_Milano,1.0,1.05,0,8,0.12831932551758757,[]
22,59,0.75,-0.015342701,0.8797842746520216,0,0.0,0.0,-2.3470544217719755,0.1208669695905911,Barriera_di_Milano,1.05,1.1,8,16,0.12831932551758757,"[{'sender': 'Aggregator', 'receiver': 59, 'amount': 0.89512699842453, 'price_per_kWh': 0.14820882097281368, 'type': 'GRID_buy', 'hour': 22}]"
22,61,2.5,0.004923565,0.6921743677387915,0,0.0,0.0,-0.8537982921377368,0.1360063287155933,Barriera_di_Milano,1.05,1.1,5,15,0.12831932551758757,"[{'sender': 'Aggregator', 'receiver': 61, 'amount': 0.6872507929801941, 'price_per_kWh': 0.14820882097281368, 'type': 'GRID_buy', 'hour': 22}]"
22,65,3.25,-0.0086543,0.5420473289509229,0,0.0,0.0,-0.1305945835614828,0.12898960203638773,Barriera_di_Milano,1.02,1.1,4,14,0.12831932551758757,"[{'sender': 'Aggregator', 'receiver': 65, 'amount': 0.5507016181945801, 'price_per_kWh': 0.14820882097281368, 'type': 'GRID_buy', 'hour': 22}]"
22,67,0.25,-0.016760398,1.0984481946713127,0,0.0,0.0,-2.9160427515226663,0.11572696198135056,Barriera_di_Milano,1.05,1.1,8,15,0.12831932551758757,"[{'sender': 'Aggregator', 'receiver': 67, 'amount': 1.1152085065841675, 'price_per_kWh': 0.14820882097281368, 'type': 'GRID_buy', 'hour': 22}]"
22,68,2.75,-0.008008195,0.444586125339905,10,2.8281338214874268,0.0,-0.1938043890013882,0.0,Barriera_di_Milano,1.0,1.05,0,8,0.12831932551758757,[]
22,69,0.5,-0.016564505,0.4115917720394179,0,0.0,0.0,-1.014106767545473,0.12500507766432262,Barriera_di_Milano,1.05,1.1,7,16,0.12831932551758757,"[{'sender': 'Aggregator', 'receiver': 69, 'amount': 0.4281562864780426, 'price_per_kWh': 0.14820882097281368, 'type': 'GRID_buy', 'hour': 22}]"
22,74,2.0,0.0026701598,1.084274397240184,0,0.0,0.0,-2.2568827709386934,0.11628548644771572,Barriera_di_Milano,1.05,1.1,5,14,0.12831932551758757,"[{'sender': 'Aggregator', 'receiver': 74, 'amount': 1.081604242324829, 'price_per_kWh': 0.14820882097281368, 'type': 'GRID_buy', 'hour': 22}]"
22,78,4.75,0.005697842,0.6506272736407536,0,0.0,0.0,0.29054926935171854,0.1278196070516706,Barriera_di_Milano,1.05,1.1,5,13,0.12831932551758757,"[{'sender': 'Aggregator', 'receiver': 78, 'amount': 0.6449294090270996, 'price_per_kWh': 0.14820882097281368, 'type': 'GRID_buy', 'hour': 22}]"
22,79,0.0,-0.01626703,0.5450771416732901,0,0.0,0.0,-1.4386400276962328,0.12092601091307438,Barriera_di_Milano,1.05,1.1,8,15,0.12831932551758757,"[{'sender': 'Aggregator', 'receiver': 79, 'amount': 0.5613441467285156, 'price_per_kWh': 0.14820882097281368, 'type': 'GRID_buy', 'hour': 22}]"
22,92,2.25,0.009045726,1.0959956556349064,10,0.0,0.0,-2.0518596720354063,0.13638635966075857,Barriera_di_Milano,1.0,1.1,0,15,0.12831932551758757,"[{'sender': 'Aggregator', 'receiver': 92, 'amount': 1.0869499444961548, 'price_per_kWh': 0.14820882097281368, 'type': 'GRID_buy', 'hour': 22}]"
22,93,0.75,-0.016075438,0.44728896456040823,10,0.0,0.0,-1.1238009780101816,0.1314465353302763,Barriera_di_Milano,1.02,1.1,3,17,0.12831932551758757,"[{'sender': 'Aggregator', 'receiver': 93, 'amount': 0.4633643925189972, 'price_per_kWh': 0.14820882097281368, 'type': 'GRID_buy', 'hour': 22}]"
22,98,3.25,-0.008687725,0.7223514155029017,15,0.0,0.0,-0.3530203857728919,0.11983346621331405,Barriera_di_Milano,1.0,1.05,0,9,0.12831932551758757,"[{'sender': 'Aggregator', 'receiver': 98, 'amount': 0.1443096399307251, 'price_per_kWh': 0.1414720563831403, 'type': 'GRID_buy', 'hour': 22}]"
22,3,0.25,-0.017387886,0.6640753410620899,0,0.0,0.0,-2.008834767638666,0.12504037113727579,San_Salvario,1.05,1.1,8,16,0.12831932551758757,"[{'sender': 'Aggregator', 'receiver': 3, 'amount': 0.6814631819725037, 'price_per_kWh': 0.14820882097281368, 'type': 'GRID_buy', 'hour': 22}]"
22,5,2.75,-0.010058511,0.607763759727968,15,0.7305244207382202,0.0,-0.2599181618212527,0.0,San_Salvario,1.0,1.05,0,8,0.12831932551758757,[]
22,9,1.75,0.0066704573,0.726990831916369,0,0.0,0.0,-1.2058976624118178,0.11936500559693167,San_Salvario,1.05,1.1,5,16,0.12831932551758757,"[{'sender': 'Aggregator', 'receiver': 9, 'amount': 0.7203203439712524, 'price_per_kWh': 0.14820882097281368, 'type': 'GRID_buy', 'hour': 22}]"
22,11,2.25,0.019967537,0.6524964934072276,10,0.0,0.0,-0.898426593487284,0.12191570641431929,San_Salvario,1.0,1.1,0,12,0.12831932551758757,"[{'sender': 'Aggregator', 'receiver': 11, 'amount': 0.6325289607048035, 'price_per_kWh': 0.14820882097281368, 'type': 'GRID_buy', 'hour': 22}]"
22,12,0.75,-0.011809649,1.0336131568780422,10,0.0,0.0,-2.4907781525885917,0.13542812302657847,San_Salvario,1.05,1.1,8,15,0.12831932551758757,"[{'sender': 'Aggregator', 'receiver': 12, 'amount': 1.045422911643982, 'price_per_kWh': 0.14820882097281368, 'type': 'GRID_buy', 'hour': 22}]"
22,13,4.5,-0.007994762,0.512135891516925,0,0.0,0.0,0.5425854062601795,0.13046890595586516,San_Salvario,1.05,1.1,8,13,0.12831932551758757,"[{'sender': 'Aggregator', 'receiver': 13, 'amount': 0.5201306343078613, 'price_per_kWh': 0.14820882097281368, 'type': 'GRID_buy', 'hour': 22}]"
22,21,0.0,-0.018113174,1.1163683983240804,15,0.0,0.0,-3.3619406853345,0.14064478603222402,San_Salvario,1.05,1.1,7,16,0.12831932551758757,"[{'sender': 'Aggregator', 'receiver': 21, 'amount': 1.1344815492630005, 'price_per_kWh': 0.14820882097281368, 'type': 'GRID_buy', 'hour': 22}]"
22,24,2.25,0.0099461,1.0868767251038036,15,0.0,0.0,-1.9563738232913823,0.13882457903678913,San_Salvario,1.0,1.1,0,15,0.12831932551758757,"[{'sender': 'Aggregator', 'receiver': 24, 'amount': 1.0769306421279907, 'price_per_kWh': 0.14820882097281368, 'type': 'GRID_buy', 'hour': 22}]"
22,28,3.25,-0.009454632,0.5921411585901248,10,1.1119197607040405,0.0,-0.28204273923126677,0.0,San_Salvario,1.0,1.05,0,8,0.12831932551758757,[]
22,33,0.5,-0.015336107,0.6255412897642056,15,0.0,0.0,-1.4774582253167954,0.12788763978205847,San_Salvario,1.05,1.1,8,15,0.12831932551758757,"[{'sender': 'Aggregator', 'receiver': 33, 'amount': 0.640877366065979, 'price_per_kWh': 0.14820882097281368, 'type': 'GRID_buy', 'hour': 22}]"
22,36,1.75,0.007011678,0.8684677941006337,10,0.0,0.0,-1.9147817819679256,0.12087763958447242,San_Salvario,1.02,1.1,1,15,0.12831932551758757,"[{'sender': 'Aggregator', 'receiver': 36, 'amount': 0.8614561557769775, 'price_per_kWh': 0.14820882097281368, 'type': 'GRID_buy', 'hour': 22}]"
22,40,2.75,-0.008862423,0.7207226907081087,15,0.0,0.0,-0.9061708973775597,0.13120825846206421,San_Salvario,1.0,1.1,0,12,0.12831932551758757,"[{'sender': 'Aggregator', 'receiver': 40, 'amount': 0.7295851111412048, 'price_per_kWh': 0.14820882097281368, 'type': 'GRID_buy', 'hour': 22}]"
22,43,2.25,0.0063977186,0.4454217556764672,15,1.121748924255371,0.0,-0.21736562862698,0.0,San_Salvario,1.0,1.05,0,8,0.12831932551758757,[]
22,44,3.25,0.0026927812,1.0876601207467191,10,0.0,0.0,-1.5136889524648418,0.14043526774755555,San_Salvario,1.0,1.1,0,13,0.12831932551758757,"[{'sender': 'Aggregator', 'receiver': 44, 'amount': 1.0849672555923462, 'price_per_kWh': 0.14820882097281368, 'type': 'GRID_buy', 'hour': 22}]"
22,50,1.25,-0.009916212,0.4974490379288342,10,0.0,0.0,-0.9440102154244541,0.12202425448632521,San_Salvario,1.0,1.1,0,14,0.12831932551758757,"[{'sender': 'Aggregator', 'receiver': 50, 'amount': 0.5073652267456055, 'price_per_kWh': 0.14820882097281368, 'type': 'GRID_buy', 'hour': 22}]"
22,52,2.75,-0.006068606,0.5674330238258164,10,1.3700326681137085,0.0,-0.2448974782789832,0.0,San_Salvario,1.0,1.05,0,8,0.12831932551758757,[]
22,56,0.5,-0.017438654,0.9525970595490896,15,0.0,0.0,-2.467765877250102,0.1167814515343327,San_Salvario,1.05,1.1,7,16,0.12831932551758757,"[{'sender': 'Aggregator', 'receiver': 56, 'amount': 0.97003573179245, 'price_per_kWh': 0.14820882097281368, 'type': 'GRID_buy', 'hour': 22}]"
22,71,4.25,0.0044725016,0.5183555126164472,10,4.351010799407959,0.0,0.03583390039916458,0.0,San_Salvario,1.02,1.05,4,7,0.12831932551758757,[]
22,75,0.75,-0.012971306,0.4329815060087243,0,0.0,0.0,-0.8779636884400874,0.1301281559285806,San_Salvario,1.02,1.1,4,15,0.12831932551758757,"[{'sender': 'Aggregator', 'receiver': 75, 'amount': 0.445952832698822, 'price_per_kWh': 0.14820882097281368, 'type': 'GRID_buy', 'hour': 22}]"
22,95,1.75,0.0057808245,0.9364179967664856,0,0.0,0.0,-1.8893160796591804,0.13207429634862694,San_Salvario,1.05,1.1,5,16,0.12831932551758757,"[{'sender': 'Aggregator', 'receiver': 95, 'amount': 0.9306371808052063, 'price_per_kWh': 0.14820882097281368, 'type': 'GRID_buy', 'hour': 22}]"
22,96,1.25,-0.0075084213,0.5010198541861131,15,0.0,0.0,-0.8858110507102059,0.12227865327968691,San_Salvario,1.0,1.1,0,14,0.12831932551758757,"[{'sender': 'Aggregator', 'receiver': 96, 'amount': 0.5085282325744629, 'price_per_kWh': 0.14820882097281368, 'type': 'GRID_buy', 'hour': 22}]"
22,4,0.0,-0.0171384,0.9972439231072164,15,0.0,0.0,-2.724781608118309,0.12601591912829355,San_Donato,1.05,1.1,7,16,0.12831932551758757,"[{'sender': 'Aggregator', 'receiver': 4, 'amount': 1.0143823623657227, 'price_per_kWh': 0.14820882097281368, 'type': 'GRID_buy', 'hour': 22}]"
22,14,2.5,-0.0005107365,1.0709068516052451,0,0.0,0.0,-1.924626967413987,0.1290871353656179,San_Donato,1.02,1.1,2,17,0.12831932551758757,"[{'sender': 'Aggregator', 'receiver': 14, 'amount': 1.0714175701141357, 'price_per_kWh': 0.14820882097281368, 'type': 'GRID_buy', 'hour': 22}]"
22,17,1.25,-0.012420567,0.6987937215286141,10,0.0,0.0,-1.6042986620822024,0.1372770012906233,San_Donato,1.02,1.1,2,16,0.12831932551758757,"[{'sender': 'Aggregator', 'receiver': 17, 'amount': 0.7112143039703369, 'price_per_kWh': 0.14820882097281368, 'type': 'GRID_buy', 'hour': 22}]"
22,18,1.25,-0.010081524,1.1362220149055435,15,0.0,0.0,-2.6612526315001497,0.1250159318587692,San_Donato,1.05,1.1,7,16,0.12831932551758757,"[{'sender': 'Aggregator', 'receiver': 18, 'amount': 1.1463035345077515, 'price_per_kWh': 0.14820882097281368, 'type': 'GRID_buy', 'hour': 22}]"
22,22,2.0,-0.0015339834,1.002531670282813,10,0.0,0.0,-2.224059979429132,0.12005518142388129,San_Donato,1.0,1.1,0,15,0.12831932551758757,"[{'sender': 'Aggregator', 'receiver': 22, 'amount': 1.0040656328201294, 'price_per_kWh': 0.14820882097281368, 'type': 'GRID_buy', 'hour': 22}]"
22,29,2.0,-0.0011043196,0.42594127589988007,10,0.2071453034877777,0.0,-0.2131311292352382,0.0,San_Donato,1.0,1.05,0,8,0.12831932551758757,[]
22,30,2.5,0.0029769132,0.7742115536114397,10,0.0,0.0,-0.9476484973074918,0.13162911353692433,San_Donato,1.0,1.1,0,13,0.12831932551758757,"[{'sender': 'Aggregator', 'receiver': 30, 'amount': 0.7712346315383911, 'price_per_kWh': 0.14820882097281368, 'type': 'GRID_buy', 'hour': 22}]"
22,39,3.25,-0.013812173,1.2101100103630842,15,0.0,0.0,-2.0603524952352834,0.12261742745364328,San_Donato,1.0,1.1,0,14,0.12831932551758757,"[{'sender': 'Aggregator', 'receiver': 39, 'amount': 1.2239222526550293, 'price_per_kWh': 0.14820882097281368, 'type': 'GRID_buy', 'hour': 22}]"
22,45,4.5,-0.010927366,0.9331334507156567,15,0.013606905937194824,0.0,-0.4515723717884573,0.0,San_Donato,1.0,1.05,0,8,0.12831932551758757,[]
22,53,4.25,-0.012006257,1.1228630592832516,0,0.0,0.0,-1.3768925318198328,0.13021283434235958,San_Donato,1.05,1.1,8,14,0.12831932551758757,"[{'sender': 'Aggregator', 'receiver': 53, 'amount': 1.1348693370819092, 'price_per_kWh': 0.14820882097281368, 'type': 'GRID_buy', 'hour': 22}]"
22,54,0.75,-0.016035305,0.8740012509117409,10,0.0,0.0,-2.3088935589118624,0.11698342982918708,San_Donato,1.05,1.1,7,16,0.12831932551758757,"[{'sender': 'Aggregator', 'receiver': 54, 'amount': 0.8900365829467773, 'price_per_kWh': 0.14820882097281368, 'type': 'GRID_buy', 'hour': 22}]"
22,57,2.25,0.002262415,0.7493854994919513,10,0.0,0.0,-1.1492722343542892,0.1385852785374591,San_Donato,1.02,1.1,1,12,0.12831932551758757,"[{'sender': 'Aggregator', 'receiver': 57, 'amount': 0.7471230626106262, 'price_per_kWh': 0.14820882097281368, 'type': 'GRID_buy', 'hour': 22}]"
22,58,3.0,-0.011063179,1.0803751118274225,0,0.0,0.0,-1.920256529420834,0.13427008399608104,San_Donato,1.02,1.1,4,17,0.12831932551758757,"[{'sender': 'Aggregator', 'receiver': 58, 'amount': 1.0914382934570312, 'price_per_kWh': 0.14820882097281368, 'type': 'GRID_buy', 'hour': 22}]"
22,63,0.75,-0.016107898,1.1632837780532215,10,0.0,0.0,-3.211475560229065,0.12651176001115272,San_Donato,1.05,1.1,7,16,0.12831932551758757,"[{'sender': 'Aggregator', 'receiver': 63, 'amount': 1.1793917417526245, 'price_per_kWh': 0.14820882097281368, 'type': 'GRID_buy', 'hour': 22}]"
22,66,1.5,-0.006296482,0.4999215453372768,0,0.0,0.0,-0.9180562242231001,0.13634593631459152,San_Donato,1.05,1.1,5,16,0.12831932551758757,"[{'sender': 'Aggregator', 'receiver': 66, 'amount': 0.5062180161476135, 'price_per_kWh': 0.14820882097281368, 'type': 'GRID_buy', 'hour': 22}]"
22,72,2.5,0.0029769132,0.44100369935480943,0,0.0,0.0,-0.3005674616440688,0.14031931328660374,San_Donato,1.05,1.1,7,14,0.12831932551758757,"[{'sender': 'Aggregator', 'receiver': 72, 'amount': 0.4380267858505249, 'price_per_kWh': 0.14820882097281368, 'type': 'GRID_buy', 'hour': 22}]"
22,77,4.0,-0.010108767,0.4970835556286806,0,0.0,0.0,0.2560161918388443,0.1399779310392566,San_Donato,1.05,1.1,5,13,0.12831932551758757,"[{'sender': 'Aggregator', 'receiver': 77, 'amount': 0.5071923136711121, 'price_per_kWh': 0.14820882097281368, 'type': 'GRID_buy', 'hour': 22}]"
22,80,2.25,0.0059476984,0.5169014282194047,0,0.0,0.0,-0.5192608929977497,0.12387471123562283,San_Donato,1.05,1.1,5,15,0.12831932551758757,"[{'sender': 'Aggregator', 'receiver': 80, 'amount': 0.5109537243843079, 'price_per_kWh': 0.14820882097281368, 'type': 'GRID_buy', 'hour': 22}]"
22,81,0.5,-0.017256156,1.0004173318271878,0,0.0,0.0,-2.8911366754573695,0.12211597224612296,San_Donato,1.05,1.1,7,16,0.12831932551758757,"[{'sender': 'Aggregator', 'receiver': 81, 'amount': 1.0176734924316406, 'price_per_kWh': 0.14820882097281368, 'type': 'GRID_buy', 'hour': 22}]"
22,99,1.25,-0.010114109,1.0361598534200223,0,0.0,0.0,-2.4972849989590316,0.12551502183010005,San_Donato,1.05,1.1,7,16,0.12831932551758757,"[{'sender': 'Aggregator', 'receiver': 99, 'amount': 1.046273946762085, 'price_per_kWh': 0.14820882097281368, 'type': 'GRID_buy', 'hour': 22}]"
22,2,0.5,-0.0178371,0.39710680234998585,0,0.0,0.0,-1.0637967491809999,0.12246575494362741,Centro,1.05,1.1,6,17,0.12831932551758757,"[{'sender': 'Aggregator', 'receiver': 2, 'amount': 0.4149439036846161, 'price_per_kWh': 0.14820882097281368, 'type': 'GRID_buy', 'hour': 22}]"
22,6,4.5,-0.00751772,1.026398351159313,0,0.0,0.0,-1.0703848415543598,0.13867387548710436,Centro,1.05,1.1,5,15,0.12831932551758757,"[{'sender': 'Aggregator', 'receiver': 6, 'amount': 1.0339159965515137, 'price_per_kWh': 0.14820882097281368, 'type': 'GRID_buy', 'hour': 22}]"
22,10,1.5,-0.0066587524,0.4347353483237908,15,0.0,0.0,-0.6285545915097313,0.13730822701654344,Centro,1.0,1.1,0,13,0.12831932551758757,"[{'sender': 'Aggregator', 'receiver': 10, 'amount': 0.4413941204547882, 'price_per_kWh': 0.14820882097281368, 'type': 'GRID_buy', 'hour': 22}]"
22,15,1.0,-0.01414354,1.051362440149057,15,0.0,0.0,-2.9701316733542678,0.1298110911383902,Centro,1.05,1.1,7,16,0.12831932551758757,"[{'sender': 'Aggregator', 'receiver': 15, 'amount': 1.0655059814453125, 'price_per_kWh': 0.14820882097281368, 'type': 'GRID_buy', 'hour': 22}]"
22,23,2.75,-0.0091265235,0.893106200350693,15,0.0,0.0,-1.2721915062151539,0.12094008543192188,Centro,1.0,1.1,0,13,0.12831932551758757,"[{'sender': 'Aggregator', 'receiver': 23, 'amount': 0.9022327661514282, 'price_per_kWh': 0.14820882097281368, 'type': 'GRID_buy', 'hour': 22}]"
22,25,3.25,-0.008998042,0.8850599984765701,10,0.0,0.0,-0.9521122193895879,0.11882153927932143,Centro,1.0,1.1,0,12,0.12831932551758757,"[{'sender': 'Aggregator', 'receiver': 25, 'amount': 0.8940580487251282, 'price_per_kWh': 0.14820882097281368, 'type': 'GRID_buy', 'hour': 22}]"
22,37,4.5,-0.0075005903,1.0925957391937906,10,0.0,0.0,-0.528941868244614,0.12228334768675787,Centro,1.0,1.05,0,9,0.12831932551758757,"[{'sender': 'Aggregator', 'receiver': 37, 'amount': 0.6028531789779663, 'price_per_kWh': 0.1414720563831403, 'type': 'GRID_buy', 'hour': 22}]"
22,60,4.25,-0.009043794,0.49425481113790193,15,9.283951759338379,0.0,-0.1513910538467433,0.0,Centro,1.0,1.05,0,7,0.12831932551758757,[]
22,62,2.25,0.0055187005,0.8211580058403884,15,0.0,0.0,-1.5765367949747677,0.1165234719363916,Centro,1.0,1.1,0,14,0.12831932551758757,"[{'sender': 'Aggregator', 'receiver': 62, 'amount': 0.815639317035675, 'price_per_kWh': 0.14820882097281368, 'type': 'GRID_buy', 'hour': 22}]"
22,73,2.25,0.006126857,0.8055117322039339,10,0.0,0.0,-1.4402484121801464,0.12253945423967777,Centro,1.0,1.1,0,14,0.12831932551758757,"[{'sender': 'Aggregator', 'receiver': 73, 'amount': 0.7993848323822021, 'price_per_kWh': 0.14820882097281368, 'type': 'GRID_buy', 'hour': 22}]"
22,85,2.0,0.0011128533,0.542709538012562,15,0.0,0.0,-0.6219557860188274,0.12105466897781288,Centro,1.02,1.1,1,11,0.12831932551758757,"[{'sender': 'Aggregator', 'receiver': 85, 'amount': 0.5415966510772705, 'price_per_kWh': 0.14820882097281368, 'type': 'GRID_buy', 'hour': 22}]"
22,87,3.5,-0.010587858,0.9651875817234975,0,0.0,0.0,-1.5396633967764852,0.14093634887334425,Centro,1.02,1.1,3,16,0.12831932551758757,"[{'sender': 'Aggregator', 'receiver': 87, 'amount': 0.9757754802703857, 'price_per_kWh': 0.14820882097281368, 'type': 'GRID_buy', 'hour': 22}]"
22,88,2.5,0.0024557286,0.91504456023479,10,0.0,0.0,-1.8575128693803349,0.13180459530679986,Centro,1.0,1.1,0,14,0.12831932551758757,"[{'sender': 'Aggregator', 'receiver': 88, 'amount': 0.9125888347625732, 'price_per_kWh': 0.14820882097281368, 'type': 'GRID_buy', 'hour': 22}]"
22,89,4.75,0.003313444,1.1608002351693922,0,0.0,0.0,-1.2459172673124983,0.12178143792886559,Centro,1.05,1.1,7,14,0.12831932551758757,"[{'sender': 'Aggregator', 'receiver': 89, 'amount': 1.1574867963790894, 'price_per_kWh': 0.14820882097281368, 'type': 'GRID_buy', 'hour': 22}]"
22,97,3.0,-0.005814422,1.0191357107952794,15,0.0,0.0,-1.7773247348292893,0.1399262463230311,Centro,1.0,1.1,0,14,0.12831932551758757,"[{'sender': 'Aggregator', 'receiver': 97, 'amount': 1.0249501466751099, 'price_per_kWh': 0.14820882097281368, 'type': 'GRID_buy', 'hour': 22}]"
22,7,4.25,-0.009339925,0.6126462512640105,0,0.0,0.0,0.11527323929925502,0.13650667443947093,Lingotto,1.05,1.1,8,13,0.12831932551758757,"[{'sender': 'Aggregator', 'receiver': 7, 'amount': 0.6219861507415771, 'price_per_kWh': 0.14820882097281368, 'type': 'GRID_buy', 'hour': 22}]"
22,8,3.25,-0.011919159,0.6125959234816843,15,2.0213489532470703,0.0,-0.24664595482913004,0.0,Lingotto,1.0,1.05,0,8,0.12831932551758757,[]
22,16,0.0,-0.017240137,1.0012105519556238,0,0.0,0.0,-2.9398353856038177,0.1189474869509782,Lingotto,1.05,1.1,7,16,0.12831932551758757,"[{'sender': 'Aggregator', 'receiver': 16, 'amount': 1.0184507369995117, 'price_per_kWh': 0.14820882097281368, 'type': 'GRID_buy', 'hour': 22}]"
22,19,4.25,-0.012046307,0.7051779831044623,10,3.3282564878463745,0.0,-0.11155435618329648,0.0,Lingotto,1.02,1.05,3,8,0.12831932551758757,[]
22,20,0.5,-0.015438914,0.4595110750880627,0,0.0,0.0,-1.142471506246205,0.13812712201970684,Lingotto,1.05,1.1,8,16,0.12831932551758757,"[{'sender': 'Aggregator', 'receiver': 20, 'amount': 0.47494998574256897, 'price_per_kWh': 0.14820882097281368, 'type': 'GRID_buy', 'hour': 22}]"
22,27,4.25,-0.008874465,0.8080655913500704,0,0.0,0.0,-0.3151730149206957,0.13099496833925295,Lingotto,1.05,1.1,6,14,0.12831932551758757,"[{'sender': 'Aggregator', 'receiver': 27, 'amount': 0.8169400691986084, 'price_per_kWh': 0.14820882097281368, 'type': 'GRID_buy', 'hour': 22}]"
22,32,2.25,0.004514181,0.6261894975958204,0,0.0,0.0,-0.9151807516282648,0.11749571006094116,Lingotto,1.02,1.1,3,15,0.12831932551758757,"[{'sender': 'Aggregator', 'receiver': 32, 'amount': 0.6216753125190735, 'price_per_kWh': 0.14820882097281368, 'type': 'GRID_buy', 'hour': 22}]"
22,41,0.75,-0.015147695,0.40234991002818915,0,0.0,0.0,-0.9386278065561177,0.12817680725347094,Lingotto,1.02,1.1,4,17,0.12831932551758757,"[{'sender': 'Aggregator', 'receiver': 41, 'amount': 0.4174976050853729, 'price_per_kWh': 0.14820882097281368, 'type': 'GRID_buy', 'hour': 22}]"
22,42,4.0,-0.0107270405,1.2527095218382698,15,0.0,0.0,-1.449931520913125,0.11935766116046638,Lingotto,1.02,1.1,1,12,0.12831932551758757,"[{'sender': 'Aggregator', 'receiver': 42, 'amount': 1.2634365558624268, 'price_per_kWh': 0.14820882097281368, 'type': 'GRID_buy', 'hour': 22}]"
22,48,4.5,-0.01098627,0.6127816819314443,0,0.0,0.0,0.0891823130201606,0.12461718177278812,Lingotto,1.05,1.1,6,13,0.12831932551758757,"[{'sender': 'Aggregator', 'receiver': 48, 'amount': 0.6237679719924927, 'price_per_kWh': 0.14820882097281368, 'type': 'GRID_buy', 'hour': 22}]"
22,49,0.5,-0.016395407,0.5638247157208848,10,0.0,0.0,-1.62527289976716,0.12472481877095738,Lingotto,1.05,1.1,8,15,0.12831932551758757,"[{'sender': 'Aggregator', 'receiver': 49, 'amount': 0.580220103263855, 'price_per_kWh': 0.14820882097281368, 'type': 'GRID_buy', 'hour': 22}]"
22,51,0.25,-0.017240137,1.1462550952761394,0,0.0,0.0,-3.0167207914639294,0.13682589022729655,Lingotto,1.05,1.1,7,16,0.12831932551758757,"[{'sender': 'Aggregator', 'receiver': 51, 'amount': 1.1634953022003174, 'price_per_kWh': 0.14820882097281368, 'type': 'GRID_buy', 'hour': 22}]"
22,64,0.5,-0.016264657,1.146017869090825,10,0.0,0.0,-3.0265847411030276,0.12095087733370097,Lingotto,1.05,1.1,6,17,0.12831932551758757,"[{'sender': 'Aggregator', 'receiver': 64, 'amount': 1.1622825860977173, 'price_per_kWh': 0.14820882097281368, 'type': 'GRID_buy', 'hour': 22}]"
22,70,2.0,0.00019722192,0.9971629479411188,10,0.0,0.0,-2.000490562843581,0.14106109696350813,Lingotto,1.0,1.1,0,15,0.12831932551758757,"[{'sender': 'Aggregator', 'receiver': 70, 'amount': 0.9969657063484192, 'price_per_kWh': 0.14820882097281368, 'type': 'GRID_buy', 'hour': 22}]"
22,76,3.5,-0.010072485,1.0845201008973409,15,0.0,0.0,-1.4308737326744283,0.1290906386663154,Lingotto,1.02,1.1,1,12,0.12831932551758757,"[{'sender': 'Aggregator', 'receiver': 76, 'amount': 1.094592571258545, 'price_per_kWh': 0.14820882097281368, 'type': 'GRID_buy', 'hour': 22}]"
22,82,0.25,-0.015079046,0.938053599086661,0,0.0,0.0,-2.835861348722079,0.13378118484527401,Lingotto,1.05,1.1,7,16,0.12831932551758757,"[{'sender': 'Aggregator', 'receiver': 82, 'amount': 0.9531326293945312, 'price_per_kWh': 0.14820882097281368, 'type': 'GRID_buy', 'hour': 22}]"
22,83,4.5,-0.008528927,0.5797960105774632,0,0.0,0.0,0.37022838455014895,0.13910269486668533,Lingotto,1.05,1.1,8,13,0.12831932551758757,"[{'sender': 'Aggregator', 'receiver': 83, 'amount': 0.5883249640464783, 'price_per_kWh': 0.14820882097281368, 'type': 'GRID_buy', 'hour': 22}]"
22,84,1.25,-0.008688442,0.7122399730680511,15,0.0,0.0,-1.532541277717442,0.1329230364366463,Lingotto,1.0,1.1,0,16,0.12831932551758757,"[{'sender': 'Aggregator', 'receiver': 84, 'amount': 0.720928430557251, 'price_per_kWh': 0.14820882097281368, 'type': 'GRID_buy', 'hour': 22}]"
22,86,3.25,-0.011919159,1.0994470810669765,15,0.0,0.0,-1.5331003338117506,0.11625015027192619,Lingotto,1.0,1.1,0,13,0.12831932551758757,"[{'sender': 'Aggregator', 'receiver': 86, 'amount': 1.1113662719726562, 'price_per_kWh': 0.14820882097281368, 'type': 'GRID_buy', 'hour': 22}]"
22,90,1.75,0.007898221,0.8426241500139795,10,0.0,0.0,-1.6955971524680657,0.1307621555339368,Lingotto,1.0,1.1,0,15,0.12831932551758757,"[{'sender': 'Aggregator', 'receiver': 90, 'amount': 0.8347259163856506, 'price_per_kWh': 0.14820882097281368, 'type': 'GRID_buy', 'hour': 22}]"
22,91,1.0,-0.016646955,1.044593354734992,10,0.0,0.0,-2.4532252475436174,0.12805442894465646,Lingotto,1.05,1.1,7,16,0.12831932551758757,"[{'sender': 'Aggregator', 'receiver': 91, 'amount': 1.061240315437317, 'price_per_kWh': 0.14820882097281368, 'type': 'GRID_buy', 'hour': 22}]"
22,94,1.25,-0.0088191945,0.8214608686199829,15,0.0,0.0,-1.7195298812896562,0.12456628667400331,Lingotto,1.02,1.1,2,16,0.12831932551758757,"[{'sender': 'Aggregator', 'receiver': 94, 'amount': 0.830280065536499, 'price_per_kWh': 0.14820882097281368, 'type': 'GRID_buy', 'hour': 22}]"
23,0,4.0,-0.00537716,1.0151983788627421,0,0.0,0.0,-1.522326204873449,0.12936179396976444,Barriera_di_Milano,1.02,1.1,3,17,0.119898103595443,"[{'sender': 'Aggregator', 'receiver': 0, 'amount': 1.0205755233764648, 'price_per_kWh': 0.1384823096527367, 'type': 'GRID_buy', 'hour': 23}]"
23,1,3.75,-0.0046164594,0.6646225449222676,10,3.407870888710022,0.0,-0.19473941732811148,0.0,Barriera_di_Milano,1.02,1.05,2,8,0.119898103595443,[]
23,26,4.0,-0.004958491,1.1540903909630156,10,0.0,0.0,-1.4110894513953163,0.12369345351882749,Barriera_di_Milano,1.0,1.1,0,13,0.119898103595443,"[{'sender': 'Aggregator', 'receiver': 26, 'amount': 1.1590489149093628, 'price_per_kWh': 0.1384823096527367, 'type': 'GRID_buy', 'hour': 23}]"
23,31,3.75,-0.004324737,1.2110500133448847,10,0.0,0.0,-1.7406478399451468,0.11486263706388385,Barriera_di_Milano,1.0,1.1,0,14,0.119898103595443,"[{'sender': 'Aggregator', 'receiver': 31, 'amount': 1.2153748273849487, 'price_per_kWh': 0.1384823096527367, 'type': 'GRID_buy', 'hour': 23}]"
23,34,3.75,-0.005227905,0.5678341293685836,15,5.066272258758545,0.0,-0.20969532190244689,0.0,Barriera_di_Milano,1.0,1.05,0,8,0.119898103595443,[]
23,35,4.5,-0.00678808,0.9233161432405613,15,0.4965885281562805,0.0,-0.40845822047171454,0.0,Barriera_di_Milano,1.0,1.05,0,8,0.119898103595443,[]
23,38,3.75,-0.0049084723,0.42984062964986935,15,7.192698955535889,0.0,-0.1600143910567829,0.0,Barriera_di_Milano,1.0,1.05,0,7,0.119898103595443,[]
23,46,3.75,-0.0048984457,1.0807977557622164,0,0.0,0.0,-1.42047687516186,0.1127420565462889,Barriera_di_Milano,1.02,1.1,3,16,0.119898103595443,"[{'sender': 'Aggregator', 'receiver': 46, 'amount': 1.0856962203979492, 'price_per_kWh': 0.1384823096527367, 'type': 'GRID_buy', 'hour': 23}]"
23,47,1.25,-0.010562668,1.067146146978092,10,0.0,0.0,-2.7444828268331567,0.1126718923712642,Barriera_di_Milano,1.05,1.1,7,17,0.119898103595443,"[{'sender': 'Aggregator', 'receiver': 47, 'amount': 1.0777088403701782, 'price_per_kWh': 0.1384823096527367, 'type': 'GRID_buy', 'hour': 23}]"
23,55,2.25,0.006197231,0.45357849678274126,10,0.0,0.0,-0.2892026518857222,0.11277273499162595,Barriera_di_Milano,1.0,1.05,0,9,0.119898103595443,"[{'sender': 'Aggregator', 'receiver': 55, 'amount': 0.4145762622356415, 'price_per_kWh': 0.13218765921397593, 'type': 'GRID_buy', 'hour': 23}]"
23,59,0.75,-0.01592784,0.9421067517913851,0,0.0,0.0,-2.479725262443146,0.11673630922004295,Barriera_di_Milano,1.05,1.1,8,17,0.119898103595443,"[{'sender': 'Aggregator', 'receiver': 59, 'amount': 0.9580345749855042, 'price_per_kWh': 0.1384823096527367, 'type': 'GRID_buy', 'hour': 23}]"
23,61,2.5,0.005168361,0.7118881417411429,0,0.0,0.0,-0.95166647624334,0.11224585058206107,Barriera_di_Milano,1.05,1.1,5,16,0.119898103595443,"[{'sender': 'Aggregator', 'receiver': 61, 'amount': 0.7067197561264038, 'price_per_kWh': 0.1384823096527367, 'type': 'GRID_buy', 'hour': 23}]"
23,65,3.25,-0.007855571,0.5348880176213828,0,0.0,0.0,-0.20575497405936308,0.11117287882666302,Barriera_di_Milano,1.02,1.1,4,15,0.119898103595443,"[{'sender': 'Aggregator', 'receiver': 65, 'amount': 0.5427436232566833, 'price_per_kWh': 0.1384823096527367, 'type': 'GRID_buy', 'hour': 23}]"
23,67,0.25,-0.021995487,0.953220802219426,0,0.0,0.0,-3.051092952932997,0.12136649670200045,Barriera_di_Milano,1.05,1.1,8,16,0.119898103595443,"[{'sender': 'Aggregator', 'receiver': 67, 'amount': 0.975216269493103, 'price_per_kWh': 0.1384823096527367, 'type': 'GRID_buy', 'hour': 23}]"
23,68,2.75,-0.0072094607,0.47645449322564054,10,2.3444697856903076,0.0,-0.1938043890013882,0.0,Barriera_di_Milano,1.0,1.05,0,8,0.119898103595443,[]
23,69,0.5,-0.020814214,0.41739870590108,0,0.0,0.0,-1.074791502244579,0.12497594826532589,Barriera_di_Milano,1.05,1.1,7,17,0.119898103595443,"[{'sender': 'Aggregator', 'receiver': 69, 'amount': 0.43821290135383606, 'price_per_kWh': 0.1384823096527367, 'type': 'GRID_buy', 'hour': 23}]"
23,74,2.0,0.00056522083,1.1079435272104745,0,0.0,0.0,-2.4102350843907794,0.12222330182789255,Barriera_di_Milano,1.05,1.1,5,15,0.119898103595443,"[{'sender': 'Aggregator', 'receiver': 74, 'amount': 1.107378363609314, 'price_per_kWh': 0.1384823096527367, 'type': 'GRID_buy', 'hour': 23}]"
23,78,4.75,0.0015342,0.5681052659367088,0,0.0,0.0,0.21208920081773508,0.11591360243892458,Barriera_di_Milano,1.05,1.1,5,14,0.119898103595443,"[{'sender': 'Aggregator', 'receiver': 78, 'amount': 0.566571056842804, 'price_per_kWh': 0.1384823096527367, 'type': 'GRID_buy', 'hour': 23}]"
23,79,0.0,-0.022426717,0.5302232327694166,0,0.0,0.0,-1.5151722726392483,0.12127489609795328,Barriera_di_Milano,1.05,1.1,8,16,0.119898103595443,"[{'sender': 'Aggregator', 'receiver': 79, 'amount': 0.552649974822998, 'price_per_kWh': 0.1384823096527367, 'type': 'GRID_buy', 'hour': 23}]"
23,92,2.25,0.007280116,1.1414655415074513,10,0.0,0.0,-2.208924290425433,0.12715372604870878,Barriera_di_Milano,1.0,1.1,0,16,0.119898103595443,"[{'sender': 'Aggregator', 'receiver': 92, 'amount': 1.1341854333877563, 'price_per_kWh': 0.1384823096527367, 'type': 'GRID_buy', 'hour': 23}]"
23,93,0.75,-0.01605324,0.4506668113357639,10,0.0,0.0,-1.1884334477494023,0.12676152381347203,Barriera_di_Milano,1.02,1.1,3,18,0.119898103595443,"[{'sender': 'Aggregator', 'receiver': 93, 'amount': 0.4667200446128845, 'price_per_kWh': 0.1384823096527367, 'type': 'GRID_buy', 'hour': 23}]"
23,98,3.25,-0.007326384,0.7042243938622639,15,0.0,0.0,-0.44707861676059746,0.12644079667811114,Barriera_di_Milano,1.0,1.1,0,10,0.119898103595443,"[{'sender': 'Aggregator', 'receiver': 98, 'amount': 0.711550772190094, 'price_per_kWh': 0.13218765921397593, 'type': 'GRID_buy', 'hour': 23}]"
23,3,0.25,-0.022775818,0.7100999295901693,0,0.0,0.0,-2.110325096177134,0.12145277697145358,San_Salvario,1.05,1.1,8,17,0.119898103595443,"[{'sender': 'Aggregator', 'receiver': 3, 'amount': 0.7328757643699646, 'price_per_kWh': 0.1384823096527367, 'type': 'GRID_buy', 'hour': 23}]"
23,5,2.75,-0.00848804,0.5804789130458494,15,0.1415574550628662,0.0,-0.2599181618212527,0.0,San_Salvario,1.0,1.05,0,8,0.119898103595443,[]
23,9,1.75,0.0047746627,0.6524348564563378,0,0.0,0.0,-1.2955871422001515,0.12966075531746604,San_Salvario,1.05,1.1,5,17,0.119898103595443,"[{'sender': 'Aggregator', 'receiver': 9, 'amount': 0.6476601958274841, 'price_per_kWh': 0.1384823096527367, 'type': 'GRID_buy', 'hour': 23}]"
23,11,2.25,0.014321456,0.641690719485609,10,0.0,0.0,-0.985306141028007,0.12410707277465821,San_Salvario,1.0,1.1,0,13,0.119898103595443,"[{'sender': 'Aggregator', 'receiver': 11, 'amount': 0.6273692846298218, 'price_per_kWh': 0.1384823096527367, 'type': 'GRID_buy', 'hour': 23}]"
23,12,0.75,-0.011940304,0.985641711973584,10,0.0,0.0,-2.6289256145612554,0.11418581282670189,San_Salvario,1.05,1.1,8,16,0.119898103595443,"[{'sender': 'Aggregator', 'receiver': 12, 'amount': 0.9975820183753967, 'price_per_kWh': 0.1384823096527367, 'type': 'GRID_buy', 'hour': 23}]"
23,13,4.5,-0.0073498045,0.44502534486998274,0,0.0,0.0,0.47993944739482475,0.1267584951758359,San_Salvario,1.05,1.1,8,14,0.119898103595443,"[{'sender': 'Aggregator', 'receiver': 13, 'amount': 0.4523751735687256, 'price_per_kWh': 0.1384823096527367, 'type': 'GRID_buy', 'hour': 23}]"
23,21,0.0,-0.02350111,1.14788796509271,15,0.0,0.0,-3.5241573538110957,0.12096938828670079,San_Salvario,1.05,1.1,7,17,0.119898103595443,"[{'sender': 'Aggregator', 'receiver': 21, 'amount': 1.171389102935791, 'price_per_kWh': 0.1384823096527367, 'type': 'GRID_buy', 'hour': 23}]"
23,24,2.25,0.008952232,0.9057573989680441,15,0.0,0.0,-2.080565474153495,0.12295017509727765,San_Salvario,1.0,1.1,0,16,0.119898103595443,"[{'sender': 'Aggregator', 'receiver': 24, 'amount': 0.8968051671981812, 'price_per_kWh': 0.1384823096527367, 'type': 'GRID_buy', 'hour': 23}]"
23,28,3.25,-0.0073215426,0.5929740327053525,10,0.5116242170333862,0.0,-0.28204273923126677,0.0,San_Salvario,1.0,1.05,0,8,0.119898103595443,[]
23,33,0.5,-0.019131316,0.6069920482467206,15,0.0,0.0,-1.564165235547474,0.11350625880106338,San_Salvario,1.05,1.1,8,16,0.119898103595443,"[{'sender': 'Aggregator', 'receiver': 33, 'amount': 0.6261233687400818, 'price_per_kWh': 0.1384823096527367, 'type': 'GRID_buy', 'hour': 23}]"
23,36,1.75,0.005115887,0.9926083652710571,10,0.0,0.0,-2.0515320243730426,0.11387341284009672,San_Salvario,1.02,1.1,1,16,0.119898103595443,"[{'sender': 'Aggregator', 'receiver': 36, 'amount': 0.9874925017356873, 'price_per_kWh': 0.1384823096527367, 'type': 'GRID_buy', 'hour': 23}]"
23,40,2.75,-0.0067293406,0.7927621671476235,15,0.0,0.0,-1.0168863302652982,0.11176006334545917,San_Salvario,1.0,1.1,0,13,0.119898103595443,"[{'sender': 'Aggregator', 'receiver': 40, 'amount': 0.7994915246963501, 'price_per_kWh': 0.1384823096527367, 'type': 'GRID_buy', 'hour': 23}]"
23,43,2.25,0.0048412406,0.41971705973343054,15,0.7068730592727661,0.0,-0.21736562862698,0.0,San_Salvario,1.0,1.05,0,8,0.119898103595443,[]
23,44,3.25,0.00017366458,1.0639442843675153,10,0.0,0.0,-1.6610023692693017,0.10997649526774662,San_Salvario,1.0,1.1,0,14,0.119898103595443,"[{'sender': 'Aggregator', 'receiver': 44, 'amount': 1.0637706518173218, 'price_per_kWh': 0.1384823096527367, 'type': 'GRID_buy', 'hour': 23}]"
23,50,1.25,-0.010324808,0.48601971108879355,10,0.0,0.0,-1.0127451491013366,0.12209138719555514,San_Salvario,1.0,1.1,0,15,0.119898103595443,"[{'sender': 'Aggregator', 'receiver': 50, 'amount': 0.49634450674057007, 'price_per_kWh': 0.1384823096527367, 'type': 'GRID_buy', 'hour': 23}]"
23,52,2.75,-0.003935526,0.6027189633661507,10,0.7633782029151917,0.0,-0.2448974782789832,0.0,San_Salvario,1.0,1.05,0,8,0.119898103595443,[]
23,56,0.5,-0.02123386,0.8457429273843474,15,0.0,0.0,-2.587826826594413,0.1176724730666878,San_Salvario,1.05,1.1,7,17,0.119898103595443,"[{'sender': 'Aggregator', 'receiver': 56, 'amount': 0.866976797580719, 'price_per_kWh': 0.1384823096527367, 'type': 'GRID_buy', 'hour': 23}]"
23,71,4.25,0.00046524705,0.5888086246125219,10,3.76266747713089,0.0,0.03583390039916458,0.0,San_Salvario,1.02,1.05,4,7,0.119898103595443,[]
23,75,0.75,-0.013101973,0.38437354836750387,0,0.0,0.0,-0.9330070152110093,0.10923144610509672,San_Salvario,1.02,1.1,4,16,0.119898103595443,"[{'sender': 'Aggregator', 'receiver': 75, 'amount': 0.3974755108356476, 'price_per_kWh': 0.1384823096527367, 'type': 'GRID_buy', 'hour': 23}]"
23,95,1.75,0.0038850342,0.9075520897700975,0,0.0,0.0,-2.0144579775070954,0.12411848735234332,San_Salvario,1.05,1.1,5,17,0.119898103595443,"[{'sender': 'Aggregator', 'receiver': 95, 'amount': 0.9036670327186584, 'price_per_kWh': 0.1384823096527367, 'type': 'GRID_buy', 'hour': 23}]"
23,96,1.25,-0.008841613,0.49988726957866886,15,0.0,0.0,-0.9562609984804933,0.11911794927874096,San_Salvario,1.0,1.1,0,15,0.119898103595443,"[{'sender': 'Aggregator', 'receiver': 96, 'amount': 0.5087288618087769, 'price_per_kWh': 0.1384823096527367, 'type': 'GRID_buy', 'hour': 23}]"
23,4,0.0,-0.022233393,0.9022511276553579,15,0.0,0.0,-2.8528063557183527,0.12589975069192091,San_Donato,1.05,1.1,7,17,0.119898103595443,"[{'sender': 'Aggregator', 'receiver': 4, 'amount': 0.9244844913482666, 'price_per_kWh': 0.1384823096527367, 'type': 'GRID_buy', 'hour': 23}]"
23,14,2.5,0.0025570816,1.1314707521673892,0,0.0,0.0,-2.080961552323195,0.12697463373453144,San_Donato,1.02,1.1,2,18,0.119898103595443,"[{'sender': 'Aggregator', 'receiver': 14, 'amount': 1.1289137601852417, 'price_per_kWh': 0.1384823096527367, 'type': 'GRID_buy', 'hour': 23}]"
23,17,1.25,-0.011629086,0.6942351602146589,10,0.0,0.0,-1.7020483738148895,0.11973285802849307,San_Donato,1.02,1.1,2,17,0.119898103595443,"[{'sender': 'Aggregator', 'receiver': 17, 'amount': 0.7058642506599426, 'price_per_kWh': 0.1384823096527367, 'type': 'GRID_buy', 'hour': 23}]"
23,18,1.25,-0.010490116,1.066831390125422,15,0.0,0.0,-2.8104425886201,0.12405391666007552,San_Donato,1.05,1.1,7,17,0.119898103595443,"[{'sender': 'Aggregator', 'receiver': 18, 'amount': 1.0773214101791382, 'price_per_kWh': 0.1384823096527367, 'type': 'GRID_buy', 'hour': 23}]"
23,22,2.0,-0.0022297038,1.019517911860847,10,0.0,0.0,-2.365553945451384,0.1313107876979208,San_Donato,1.0,1.1,0,16,0.119898103595443,"[{'sender': 'Aggregator', 'receiver': 22, 'amount': 1.0217475891113281, 'price_per_kWh': 0.1384823096527367, 'type': 'GRID_buy', 'hour': 23}]"
23,29,2.0,-0.0018000408,0.39825085964908974,10,0.0,0.0,-0.23863086564870556,0.11645765595089527,San_Donato,1.0,1.05,0,9,0.119898103595443,"[{'sender': 'Aggregator', 'receiver': 29, 'amount': 0.19290557503700256, 'price_per_kWh': 0.13218765921397593, 'type': 'GRID_buy', 'hour': 23}]"
23,30,2.5,0.0039934446,0.6870219025917301,10,0.0,0.0,-1.0422358559443812,0.10926233655269818,San_Donato,1.0,1.1,0,14,0.119898103595443,"[{'sender': 'Aggregator', 'receiver': 30, 'amount': 0.6830284595489502, 'price_per_kWh': 0.1384823096527367, 'type': 'GRID_buy', 'hour': 23}]"
23,39,3.25,-0.0077741956,1.1801249088962666,15,0.0,0.0,-2.224855507996612,0.11685689300923072,San_Donato,1.0,1.1,0,15,0.119898103595443,"[{'sender': 'Aggregator', 'receiver': 39, 'amount': 1.187899112701416, 'price_per_kWh': 0.1384823096527367, 'type': 'GRID_buy', 'hour': 23}]"
23,45,4.5,-0.008172443,0.9570325686025936,15,0.0,0.0,-0.5773618981729429,0.12191959648716685,San_Donato,1.0,1.05,0,9,0.119898103595443,"[{'sender': 'Aggregator', 'receiver': 45, 'amount': 0.9515981078147888, 'price_per_kWh': 0.13218765921397593, 'type': 'GRID_buy', 'hour': 23}]"
23,53,4.25,-0.009251352,0.9856566135075782,0,0.0,0.0,-1.5146696861170188,0.13118207963610434,San_Donato,1.05,1.1,8,15,0.119898103595443,"[{'sender': 'Aggregator', 'receiver': 53, 'amount': 0.9949079751968384, 'price_per_kWh': 0.1384823096527367, 'type': 'GRID_buy', 'hour': 23}]"
23,54,0.75,-0.015873,0.9256792494973443,10,0.0,0.0,-2.4392818934961267,0.11191189064519765,San_Donato,1.05,1.1,7,17,0.119898103595443,"[{'sender': 'Aggregator', 'receiver': 54, 'amount': 0.9415522813796997, 'price_per_kWh': 0.1384823096527367, 'type': 'GRID_buy', 'hour': 23}]"
23,57,2.25,0.0027572068,0.6891090242909083,10,0.0,0.0,-1.2443198218002556,0.12025947526408838,San_Donato,1.02,1.1,1,13,0.119898103595443,"[{'sender': 'Aggregator', 'receiver': 57, 'amount': 0.6863518357276917, 'price_per_kWh': 0.1384823096527367, 'type': 'GRID_buy', 'hour': 23}]"
23,58,3.0,-0.006980139,1.1111552836069511,0,0.0,0.0,-2.075098509355861,0.1197465299325429,San_Donato,1.02,1.1,4,18,0.119898103595443,"[{'sender': 'Aggregator', 'receiver': 58, 'amount': 1.1181354522705078, 'price_per_kWh': 0.1384823096527367, 'type': 'GRID_buy', 'hour': 23}]"
23,63,0.75,-0.015313951,1.2778390291213793,10,0.0,0.0,-3.390554380989877,0.1263794754551595,San_Donato,1.05,1.1,7,17,0.119898103595443,"[{'sender': 'Aggregator', 'receiver': 63, 'amount': 1.2931530475616455, 'price_per_kWh': 0.1384823096527367, 'type': 'GRID_buy', 'hour': 23}]"
23,66,1.5,-0.0075342497,0.5093650691320798,0,0.0,0.0,-0.9896376396959298,0.11950564521007459,San_Donato,1.05,1.1,5,17,0.119898103595443,"[{'sender': 'Aggregator', 'receiver': 66, 'amount': 0.5168993473052979, 'price_per_kWh': 0.1384823096527367, 'type': 'GRID_buy', 'hour': 23}]"
23,72,2.5,0.0039934446,0.4593792533424609,0,0.0,0.0,-0.3636303395894759,0.12297408893812117,San_Donato,1.05,1.1,7,15,0.119898103595443,"[{'sender': 'Aggregator', 'receiver': 72, 'amount': 0.45538580417633057, 'price_per_kWh': 0.1384823096527367, 'type': 'GRID_buy', 'hour': 23}]"
23,77,4.0,-0.006025733,0.47413040423642944,0,0.0,0.0,0.18952306284352782,0.12896805398482028,San_Donato,1.05,1.1,5,14,0.119898103595443,"[{'sender': 'Aggregator', 'receiver': 77, 'amount': 0.4801561236381531, 'price_per_kWh': 0.1384823096527367, 'type': 'GRID_buy', 'hour': 23}]"
23,80,2.25,0.0043912265,0.4881323317351411,0,0.0,0.0,-0.5862504784371134,0.11607159078681557,San_Donato,1.05,1.1,5,16,0.119898103595443,"[{'sender': 'Aggregator', 'receiver': 80, 'amount': 0.4837411046028137, 'price_per_kWh': 0.1384823096527367, 'type': 'GRID_buy', 'hour': 23}]"
23,81,0.5,-0.020598412,1.09373933585984,0,0.0,0.0,-3.0454527480024454,0.13081815608353828,San_Donato,1.05,1.1,7,17,0.119898103595443,"[{'sender': 'Aggregator', 'receiver': 81, 'amount': 1.1143378019332886, 'price_per_kWh': 0.1384823096527367, 'type': 'GRID_buy', 'hour': 23}]"
23,99,1.25,-0.010522701,1.048607867514306,0,0.0,0.0,-2.643955843667987,0.11063301427641545,San_Donato,1.05,1.1,7,17,0.119898103595443,"[{'sender': 'Aggregator', 'receiver': 99, 'amount': 1.0591305494308472, 'price_per_kWh': 0.1384823096527367, 'type': 'GRID_buy', 'hour': 23}]"
23,2,0.5,-0.02163231,0.45182690535017755,0,0.0,0.0,-1.1293624746582245,0.12257726092785892,Centro,1.05,1.1,6,18,0.119898103595443,"[{'sender': 'Aggregator', 'receiver': 2, 'amount': 0.4734592139720917, 'price_per_kWh': 0.1384823096527367, 'type': 'GRID_buy', 'hour': 23}]"
23,6,4.5,-0.0074353707,1.0945757693309817,0,0.0,0.0,-1.2229938818066721,0.12531301918615093,Centro,1.05,1.1,5,16,0.119898103595443,"[{'sender': 'Aggregator', 'receiver': 6, 'amount': 1.1020110845565796, 'price_per_kWh': 0.1384823096527367, 'type': 'GRID_buy', 'hour': 23}]"
23,10,1.5,-0.007896518,0.4744706904706411,15,0.0,0.0,-0.6953539178955371,0.12610099178278464,Centro,1.0,1.1,0,14,0.119898103595443,"[{'sender': 'Aggregator', 'receiver': 10, 'amount': 0.48236721754074097, 'price_per_kWh': 0.1384823096527367, 'type': 'GRID_buy', 'hour': 23}]"
23,15,1.0,-0.014274191,1.115612229668744,15,0.0,0.0,-3.126600966625908,0.1221442244587168,Centro,1.05,1.1,7,17,0.119898103595443,"[{'sender': 'Aggregator', 'receiver': 15, 'amount': 1.129886507987976, 'price_per_kWh': 0.1384823096527367, 'type': 'GRID_buy', 'hour': 23}]"
23,23,2.75,-0.007556046,0.8755649114330929,15,0.0,0.0,-1.3944881356328862,0.12216024842615725,Centro,1.0,1.1,0,14,0.119898103595443,"[{'sender': 'Aggregator', 'receiver': 23, 'amount': 0.8831209540367126, 'price_per_kWh': 0.1384823096527367, 'type': 'GRID_buy', 'hour': 23}]"
23,25,3.25,-0.0068649533,0.8136674212203302,10,0.0,0.0,-1.0657414387293567,0.12159627424440483,Centro,1.0,1.1,0,13,0.119898103595443,"[{'sender': 'Aggregator', 'receiver': 25, 'amount': 0.8205323815345764, 'price_per_kWh': 0.1384823096527367, 'type': 'GRID_buy', 'hour': 23}]"
23,37,4.5,-0.006855631,1.0854424747577223,10,0.0,0.0,-0.6733301881071432,0.12613004717581094,Centro,1.0,1.1,0,10,0.119898103595443,"[{'sender': 'Aggregator', 'receiver': 37, 'amount': 1.0922980308532715, 'price_per_kWh': 0.13218765921397593, 'type': 'GRID_buy', 'hour': 23}]"
23,60,4.25,-0.008398838,0.5030044176069298,15,8.77254867553711,0.0,-0.1513910538467433,0.0,Centro,1.0,1.05,0,7,0.119898103595443,[]
23,62,2.25,0.004524837,0.8573800063064684,15,0.0,0.0,-1.694642153636737,0.12989743322494657,Centro,1.0,1.1,0,15,0.119898103595443,"[{'sender': 'Aggregator', 'receiver': 62, 'amount': 0.8528552055358887, 'price_per_kWh': 0.1384823096527367, 'type': 'GRID_buy', 'hour': 23}]"
23,73,2.25,0.0051329914,0.7539445105606135,10,0.0,0.0,-1.5439455641477298,0.12677473271651257,Centro,1.0,1.1,0,15,0.119898103595443,"[{'sender': 'Aggregator', 'receiver': 73, 'amount': 0.7488115429878235, 'price_per_kWh': 0.1384823096527367, 'type': 'GRID_buy', 'hour': 23}]"
23,85,2.0,-0.00022033272,0.5155077203368795,15,0.0,0.0,-0.6933749984260839,0.11539512493818885,Centro,1.02,1.1,1,12,0.119898103595443,"[{'sender': 'Aggregator', 'receiver': 85, 'amount': 0.5157280564308167, 'price_per_kWh': 0.1384823096527367, 'type': 'GRID_buy', 'hour': 23}]"
23,87,3.5,-0.008454779,0.9979974626308422,0,0.0,0.0,-1.6790392223748896,0.11093580304816819,Centro,1.02,1.1,3,17,0.119898103595443,"[{'sender': 'Aggregator', 'receiver': 87, 'amount': 1.006452202796936, 'price_per_kWh': 0.1384823096527367, 'type': 'GRID_buy', 'hour': 23}]"
23,88,2.5,0.004034869,1.0512437727075383,10,0.0,0.0,-2.002532777264119,0.10976027379329238,Centro,1.0,1.1,0,15,0.119898103595443,"[{'sender': 'Aggregator', 'receiver': 88, 'amount': 1.0472089052200317, 'price_per_kWh': 0.1384823096527367, 'type': 'GRID_buy', 'hour': 23}]"
23,89,4.75,-7.847e-05,1.0720012719517173,0,0.0,0.0,-1.3943813345544451,0.11222529417451389,Centro,1.05,1.1,7,15,0.119898103595443,"[{'sender': 'Aggregator', 'receiver': 89, 'amount': 1.0720796585083008, 'price_per_kWh': 0.1384823096527367, 'type': 'GRID_buy', 'hour': 23}]"
23,97,3.0,-0.0042439443,1.1679074777598106,15,0.0,0.0,-1.9396469743815903,0.11577456307438073,Centro,1.0,1.1,0,15,0.119898103595443,"[{'sender': 'Aggregator', 'receiver': 97, 'amount': 1.1721514463424683, 'price_per_kWh': 0.1384823096527367, 'type': 'GRID_buy', 'hour': 23}]"
23,7,4.25,-0.00937154,0.5988344823314536,0,0.0,0.0,0.031047471261014703,0.11545194822765274,Lingotto,1.05,1.1,8,14,0.119898103595443,"[{'sender': 'Aggregator', 'receiver': 7, 'amount': 0.6082059741020203, 'price_per_kWh': 0.1384823096527367, 'type': 'GRID_buy', 'hour': 23}]"
23,8,3.25,-0.0077900756,0.6397601718165064,15,1.3737986087799072,0.0,-0.24664595482913004,0.0,Lingotto,1.0,1.05,0,8,0.119898103595443,[]
23,16,0.0,-0.021817425,0.9553603001106175,0,0.0,0.0,-3.075157215861631,0.11747119930923453,Lingotto,1.05,1.1,7,17,0.119898103595443,"[{'sender': 'Aggregator', 'receiver': 16, 'amount': 0.9771777391433716, 'price_per_kWh': 0.1384823096527367, 'type': 'GRID_buy', 'hour': 23}]"
23,19,4.25,-0.009565376,0.7267345153227411,10,2.591956615447998,0.0,-0.11155435618329648,0.0,Lingotto,1.02,1.05,3,8,0.119898103595443,[]
23,20,0.5,-0.019055143,0.4210977442139678,0,0.0,0.0,-1.2034248941577048,0.11135026278348077,Lingotto,1.05,1.1,8,17,0.119898103595443,"[{'sender': 'Aggregator', 'receiver': 20, 'amount': 0.4401528835296631, 'price_per_kWh': 0.1384823096527367, 'type': 'GRID_buy', 'hour': 23}]"
23,27,4.25,-0.008906078,0.7273967302894707,0,0.0,0.0,-0.4171379263026931,0.12645819085327958,Lingotto,1.05,1.1,6,15,0.119898103595443,"[{'sender': 'Aggregator', 'receiver': 27, 'amount': 0.7363027930259705, 'price_per_kWh': 0.1384823096527367, 'type': 'GRID_buy', 'hour': 23}]"
23,32,2.25,0.00489501,0.6721111255038824,0,0.0,0.0,-1.0075783812611976,0.12843253293471918,Lingotto,1.02,1.1,3,16,0.119898103595443,"[{'sender': 'Aggregator', 'receiver': 32, 'amount': 0.6672161221504211, 'price_per_kWh': 0.1384823096527367, 'type': 'GRID_buy', 'hour': 23}]"
23,41,0.75,-0.014467716,0.4078814606944097,0,0.0,0.0,-0.9971156971404572,0.11553905735499138,Lingotto,1.02,1.1,4,18,0.119898103595443,"[{'sender': 'Aggregator', 'receiver': 41, 'amount': 0.4223491847515106, 'price_per_kWh': 0.1384823096527367, 'type': 'GRID_buy', 'hour': 23}]"
23,42,4.0,-0.006757962,1.2323798440433371,15,0.0,0.0,-1.6215301811069298,0.12802201856246465,Lingotto,1.02,1.1,1,13,0.119898103595443,"[{'sender': 'Aggregator', 'receiver': 42, 'amount': 1.2391377687454224, 'price_per_kWh': 0.1384823096527367, 'type': 'GRID_buy', 'hour': 23}]"
23,48,4.5,-0.008073195,0.6220000995852627,0,0.0,0.0,0.0019283059469559216,0.1309412190846229,Lingotto,1.05,1.1,6,14,0.119898103595443,"[{'sender': 'Aggregator', 'receiver': 48, 'amount': 0.6300733089447021, 'price_per_kWh': 0.1384823096527367, 'type': 'GRID_buy', 'hour': 23}]"
23,49,0.5,-0.019379992,0.6219751606190279,10,0.0,0.0,-1.7140892432021573,0.12180793773206547,Lingotto,1.05,1.1,8,16,0.119898103595443,"[{'sender': 'Aggregator', 'receiver': 49, 'amount': 0.6413551568984985, 'price_per_kWh': 0.1384823096527367, 'type': 'GRID_buy', 'hour': 23}]"
23,51,0.25,-0.021817425,1.0157001399943055,0,0.0,0.0,-3.160398617761848,0.11708524717798854,Lingotto,1.05,1.1,7,17,0.119898103595443,"[{'sender': 'Aggregator', 'receiver': 51, 'amount': 1.0375175476074219, 'price_per_kWh': 0.1384823096527367, 'type': 'GRID_buy', 'hour': 23}]"
23,64,0.5,-0.019249246,1.060039043597765,10,0.0,0.0,-3.1760470699474594,0.12034372996966852,Lingotto,1.05,1.1,6,18,0.119898103595443,"[{'sender': 'Aggregator', 'receiver': 64, 'amount': 1.0792882442474365, 'price_per_kWh': 0.1384823096527367, 'type': 'GRID_buy', 'hour': 23}]"
23,70,2.0,-0.00061246136,0.9566230554804949,10,0.0,0.0,-2.1330507478586997,0.10881175038552987,Lingotto,1.0,1.1,0,16,0.119898103595443,"[{'sender': 'Aggregator', 'receiver': 70, 'amount': 0.9572355151176453, 'price_per_kWh': 0.1384823096527367, 'type': 'GRID_buy', 'hour': 23}]"
23,76,3.5,-0.008615961,1.2060671771359242,15,0.0,0.0,-1.5990858642567922,0.10932621374790012,Lingotto,1.02,1.1,1,13,0.119898103595443,"[{'sender': 'Aggregator', 'receiver': 76, 'amount': 1.214683175086975, 'price_per_kWh': 0.1384823096527367, 'type': 'GRID_buy', 'hour': 23}]"
23,82,0.25,-0.020288002,0.9491104378637301,0,0.0,0.0,-2.970105883518934,0.11580590223442357,Lingotto,1.05,1.1,7,17,0.119898103595443,"[{'sender': 'Aggregator', 'receiver': 82, 'amount': 0.9693984389305115, 'price_per_kWh': 0.1384823096527367, 'type': 'GRID_buy', 'hour': 23}]"
23,83,4.5,-0.0081284195,0.5182345478884103,0,0.0,0.0,0.2973364267471439,0.12481014643301978,Lingotto,1.05,1.1,8,14,0.119898103595443,"[{'sender': 'Aggregator', 'receiver': 83, 'amount': 0.526362955570221, 'price_per_kWh': 0.1384823096527367, 'type': 'GRID_buy', 'hour': 23}]"
23,84,1.25,-0.0092109945,0.7113110261617965,15,0.0,0.0,-1.6323208348155862,0.12932605179633344,Lingotto,1.0,1.1,0,17,0.119898103595443,"[{'sender': 'Aggregator', 'receiver': 84, 'amount': 0.7205220460891724, 'price_per_kWh': 0.1384823096527367, 'type': 'GRID_buy', 'hour': 23}]"
23,86,3.25,-0.0077900756,1.0085439925331767,15,0.0,0.0,-1.6738446213836626,0.12722685397696357,Lingotto,1.0,1.1,0,14,0.119898103595443,"[{'sender': 'Aggregator', 'receiver': 86, 'amount': 1.016334056854248, 'price_per_kWh': 0.1384823096527367, 'type': 'GRID_buy', 'hour': 23}]"
23,90,1.75,0.005888471,0.8735422827791809,10,0.0,0.0,-1.8157518611438026,0.13116071942115468,Lingotto,1.0,1.1,0,16,0.119898103595443,"[{'sender': 'Aggregator', 'receiver': 90, 'amount': 0.8676538467407227, 'price_per_kWh': 0.1384823096527367, 'type': 'GRID_buy', 'hour': 23}]"
23,91,1.0,-0.014133796,1.0679426602639097,10,0.0,0.0,-2.603073690835222,0.11685550586902799,Lingotto,1.05,1.1,7,17,0.119898103595443,"[{'sender': 'Aggregator', 'receiver': 91, 'amount': 1.0820764303207397, 'price_per_kWh': 0.1384823096527367, 'type': 'GRID_buy', 'hour': 23}]"
23,94,1.25,-0.009341745,0.790055922824799,15,0.0,0.0,-1.8302323138299175,0.1310603986794733,Lingotto,1.02,1.1,2,17,0.119898103595443,"[{'sender': 'Aggregator', 'receiver': 94, 'amount': 0.7993976473808289, 'price_per_kWh': 0.1384823096527367, 'type': 'GRID_buy', 'hour': 23}]"
